ISO-10303-21;
HEADER;
FILE_DESCRIPTION(('KiCad electronic assembly'),'2;1');
FILE_NAME('keyboard_pcb.step','2024-12-16T11:15:08',('Pcbnew'),('Kicad')
  ,'Open CASCADE STEP processor 7.7','KiCad to STEP converter','Unknown'
  );
FILE_SCHEMA(('AUTOMOTIVE_DESIGN { 1 0 10303 214 1 1 1 1 }'));
ENDSEC;
DATA;
#1 = APPLICATION_PROTOCOL_DEFINITION('international standard',
  'automotive_design',2000,#2);
#2 = APPLICATION_CONTEXT(
  'core data for automotive mechanical design processes');
#3 = SHAPE_DEFINITION_REPRESENTATION(#4,#10);
#4 = PRODUCT_DEFINITION_SHAPE('','',#5);
#5 = PRODUCT_DEFINITION('design','',#6,#9);
#6 = PRODUCT_DEFINITION_FORMATION('','',#7);
#7 = PRODUCT('keyboard_pcb 1','keyboard_pcb 1','',(#8));
#8 = PRODUCT_CONTEXT('',#2,'mechanical');
#9 = PRODUCT_DEFINITION_CONTEXT('part definition',#2,'design');
#10 = SHAPE_REPRESENTATION('',(#11,#15),#19);
#11 = AXIS2_PLACEMENT_3D('',#12,#13,#14);
#12 = CARTESIAN_POINT('',(0.,0.,0.));
#13 = DIRECTION('',(0.,0.,1.));
#14 = DIRECTION('',(1.,0.,-0.));
#15 = AXIS2_PLACEMENT_3D('',#16,#17,#18);
#16 = CARTESIAN_POINT('',(0.,0.,0.));
#17 = DIRECTION('',(0.,0.,1.));
#18 = DIRECTION('',(1.,0.,-0.));
#19 = ( GEOMETRIC_REPRESENTATION_CONTEXT(3) 
GLOBAL_UNCERTAINTY_ASSIGNED_CONTEXT((#23)) GLOBAL_UNIT_ASSIGNED_CONTEXT(
(#20,#21,#22)) REPRESENTATION_CONTEXT('Context #1',
  '3D Context with UNIT and UNCERTAINTY') );
#20 = ( LENGTH_UNIT() NAMED_UNIT(*) SI_UNIT(.MILLI.,.METRE.) );
#21 = ( NAMED_UNIT(*) PLANE_ANGLE_UNIT() SI_UNIT($,.RADIAN.) );
#22 = ( NAMED_UNIT(*) SI_UNIT($,.STERADIAN.) SOLID_ANGLE_UNIT() );
#23 = UNCERTAINTY_MEASURE_WITH_UNIT(LENGTH_MEASURE(2.E-06),#20,
  'distance_accuracy_value','confusion accuracy');
#24 = PRODUCT_RELATED_PRODUCT_CATEGORY('part',$,(#7));
#25 = SHAPE_DEFINITION_REPRESENTATION(#26,#32);
#26 = PRODUCT_DEFINITION_SHAPE('','',#27);
#27 = PRODUCT_DEFINITION('design','',#28,#31);
#28 = PRODUCT_DEFINITION_FORMATION('','',#29);
#29 = PRODUCT('keyboard_pcb_PCB','keyboard_pcb_PCB','',(#30));
#30 = PRODUCT_CONTEXT('',#2,'mechanical');
#31 = PRODUCT_DEFINITION_CONTEXT('part definition',#2,'design');
#32 = ADVANCED_BREP_SHAPE_REPRESENTATION('',(#11,#33),#11586);
#33 = MANIFOLD_SOLID_BREP('',#34);
#34 = CLOSED_SHELL('',(#35,#77,#108,#139,#3315,#6491,#6508,#6525,#6542,
    #6559,#6576,#6593,#6610,#6627,#6644,#6661,#6678,#6695,#6712,#6729,
    #6746,#6763,#6780,#6797,#6814,#6831,#6848,#6865,#6882,#6899,#6916,
    #6933,#6950,#6967,#6984,#7001,#7018,#7035,#7052,#7069,#7086,#7103,
    #7120,#7137,#7154,#7171,#7188,#7205,#7222,#7239,#7256,#7273,#7290,
    #7307,#7324,#7341,#7358,#7370,#7387,#7404,#7421,#7438,#7455,#7472,
    #7489,#7506,#7523,#7540,#7557,#7574,#7591,#7608,#7625,#7642,#7659,
    #7676,#7693,#7710,#7727,#7744,#7761,#7778,#7795,#7812,#7829,#7846,
    #7863,#7880,#7897,#7914,#7931,#7948,#7965,#7982,#7999,#8016,#8033,
    #8050,#8067,#8084,#8101,#8118,#8135,#8152,#8169,#8186,#8203,#8220,
    #8237,#8254,#8271,#8288,#8305,#8322,#8339,#8356,#8373,#8390,#8407,
    #8424,#8441,#8458,#8475,#8492,#8509,#8526,#8543,#8560,#8577,#8594,
    #8611,#8628,#8645,#8662,#8679,#8696,#8713,#8730,#8747,#8764,#8781,
    #8798,#8815,#8832,#8849,#8866,#8883,#8900,#8917,#8934,#8951,#8968,
    #8985,#9002,#9019,#9036,#9053,#9070,#9087,#9104,#9121,#9138,#9155,
    #9172,#9189,#9206,#9223,#9240,#9257,#9274,#9291,#9308,#9325,#9342,
    #9359,#9376,#9393,#9410,#9427,#9444,#9461,#9478,#9495,#9512,#9529,
    #9546,#9563,#9580,#9597,#9614,#9631,#9648,#9665,#9682,#9699,#9716,
    #9733,#9750,#9767,#9784,#9801,#9818,#9835,#9852,#9869,#9886,#9903,
    #9920,#9937,#9954,#9971,#9988,#10005,#10022,#10039,#10056,#10073,
    #10090,#10107,#10124,#10141,#10158,#10175,#10192,#10209,#10226,
    #10243,#10260,#10277,#10294,#10311,#10328,#10345,#10362,#10379,
    #10396,#10413,#10430,#10447,#10464,#10481,#10498,#10515,#10532,
    #10549,#10566,#10583,#10600,#10617,#10634,#10651,#10668,#10685,
    #10702,#10719,#10736,#10753,#10770,#10787,#10804,#10821,#10838,
    #10855,#10872,#10889,#10906,#10923,#10940,#10957,#10974,#10991,
    #11008,#11025,#11042,#11059,#11076,#11093,#11110,#11127,#11144,
    #11161,#11178,#11195,#11212,#11229,#11246,#11263,#11280,#11297,
    #11314,#11331,#11348,#11365,#11382,#11399,#11416,#11433,#11450,
    #11467,#11484,#11501,#11518,#11535,#11552,#11569));
#35 = ADVANCED_FACE('',(#36),#72,.T.);
#36 = FACE_BOUND('',#37,.T.);
#37 = EDGE_LOOP('',(#38,#48,#57,#65));
#38 = ORIENTED_EDGE('',*,*,#39,.T.);
#39 = EDGE_CURVE('',#40,#42,#44,.T.);
#40 = VERTEX_POINT('',#41);
#41 = CARTESIAN_POINT('',(73.252937,-15.041786,0.));
#42 = VERTEX_POINT('',#43);
#43 = CARTESIAN_POINT('',(73.252937,-15.041786,1.6));
#44 = LINE('',#45,#46);
#45 = CARTESIAN_POINT('',(73.252937,-15.041786,0.));
#46 = VECTOR('',#47,1.);
#47 = DIRECTION('',(0.,0.,1.));
#48 = ORIENTED_EDGE('',*,*,#49,.T.);
#49 = EDGE_CURVE('',#42,#50,#52,.T.);
#50 = VERTEX_POINT('',#51);
#51 = CARTESIAN_POINT('',(75.252937,-17.041786,1.6));
#52 = CIRCLE('',#53,1.99999850585);
#53 = AXIS2_PLACEMENT_3D('',#54,#55,#56);
#54 = CARTESIAN_POINT('',(73.25293849415,-17.04178450585,1.6));
#55 = DIRECTION('',(0.,0.,-1.));
#56 = DIRECTION('',(-7.470757420593E-07,1.,0.));
#57 = ORIENTED_EDGE('',*,*,#58,.F.);
#58 = EDGE_CURVE('',#59,#50,#61,.T.);
#59 = VERTEX_POINT('',#60);
#60 = CARTESIAN_POINT('',(75.252937,-17.041786,0.));
#61 = LINE('',#62,#63);
#62 = CARTESIAN_POINT('',(75.252937,-17.041786,0.));
#63 = VECTOR('',#64,1.);
#64 = DIRECTION('',(0.,0.,1.));
#65 = ORIENTED_EDGE('',*,*,#66,.F.);
#66 = EDGE_CURVE('',#40,#59,#67,.T.);
#67 = CIRCLE('',#68,1.99999850585);
#68 = AXIS2_PLACEMENT_3D('',#69,#70,#71);
#69 = CARTESIAN_POINT('',(73.25293849415,-17.04178450585,0.));
#70 = DIRECTION('',(0.,0.,-1.));
#71 = DIRECTION('',(-7.470757420593E-07,1.,0.));
#72 = CYLINDRICAL_SURFACE('',#73,1.99999850585);
#73 = AXIS2_PLACEMENT_3D('',#74,#75,#76);
#74 = CARTESIAN_POINT('',(73.25293849415,-17.04178450585,0.));
#75 = DIRECTION('',(0.,0.,-1.));
#76 = DIRECTION('',(-7.470757420593E-07,1.,0.));
#77 = ADVANCED_FACE('',(#78),#103,.T.);
#78 = FACE_BOUND('',#79,.T.);
#79 = EDGE_LOOP('',(#80,#90,#96,#97));
#80 = ORIENTED_EDGE('',*,*,#81,.T.);
#81 = EDGE_CURVE('',#82,#84,#86,.T.);
#82 = VERTEX_POINT('',#83);
#83 = CARTESIAN_POINT('',(54.392937,-15.041786,0.));
#84 = VERTEX_POINT('',#85);
#85 = CARTESIAN_POINT('',(54.392937,-15.041786,1.6));
#86 = LINE('',#87,#88);
#87 = CARTESIAN_POINT('',(54.392937,-15.041786,0.));
#88 = VECTOR('',#89,1.);
#89 = DIRECTION('',(0.,0.,1.));
#90 = ORIENTED_EDGE('',*,*,#91,.T.);
#91 = EDGE_CURVE('',#84,#42,#92,.T.);
#92 = LINE('',#93,#94);
#93 = CARTESIAN_POINT('',(54.392937,-15.041786,1.6));
#94 = VECTOR('',#95,1.);
#95 = DIRECTION('',(1.,0.,0.));
#96 = ORIENTED_EDGE('',*,*,#39,.F.);
#97 = ORIENTED_EDGE('',*,*,#98,.F.);
#98 = EDGE_CURVE('',#82,#40,#99,.T.);
#99 = LINE('',#100,#101);
#100 = CARTESIAN_POINT('',(54.392937,-15.041786,0.));
#101 = VECTOR('',#102,1.);
#102 = DIRECTION('',(1.,0.,0.));
#103 = PLANE('',#104);
#104 = AXIS2_PLACEMENT_3D('',#105,#106,#107);
#105 = CARTESIAN_POINT('',(54.392937,-15.041786,0.));
#106 = DIRECTION('',(0.,1.,0.));
#107 = DIRECTION('',(1.,0.,0.));
#108 = ADVANCED_FACE('',(#109),#134,.T.);
#109 = FACE_BOUND('',#110,.T.);
#110 = EDGE_LOOP('',(#111,#112,#120,#128));
#111 = ORIENTED_EDGE('',*,*,#58,.T.);
#112 = ORIENTED_EDGE('',*,*,#113,.T.);
#113 = EDGE_CURVE('',#50,#114,#116,.T.);
#114 = VERTEX_POINT('',#115);
#115 = CARTESIAN_POINT('',(75.252937,-19.328286,1.6));
#116 = LINE('',#117,#118);
#117 = CARTESIAN_POINT('',(75.252937,-17.041786,1.6));
#118 = VECTOR('',#119,1.);
#119 = DIRECTION('',(0.,-1.,0.));
#120 = ORIENTED_EDGE('',*,*,#121,.F.);
#121 = EDGE_CURVE('',#122,#114,#124,.T.);
#122 = VERTEX_POINT('',#123);
#123 = CARTESIAN_POINT('',(75.252937,-19.328286,0.));
#124 = LINE('',#125,#126);
#125 = CARTESIAN_POINT('',(75.252937,-19.328286,0.));
#126 = VECTOR('',#127,1.);
#127 = DIRECTION('',(0.,0.,1.));
#128 = ORIENTED_EDGE('',*,*,#129,.F.);
#129 = EDGE_CURVE('',#59,#122,#130,.T.);
#130 = LINE('',#131,#132);
#131 = CARTESIAN_POINT('',(75.252937,-17.041786,0.));
#132 = VECTOR('',#133,1.);
#133 = DIRECTION('',(0.,-1.,0.));
#134 = PLANE('',#135);
#135 = AXIS2_PLACEMENT_3D('',#136,#137,#138);
#136 = CARTESIAN_POINT('',(75.252937,-17.041786,0.));
#137 = DIRECTION('',(1.,0.,-0.));
#138 = DIRECTION('',(0.,-1.,0.));
#139 = ADVANCED_FACE('',(#140,#582,#593,#604,#615,#626,#637,#648,#659,
    #670,#681,#692,#703,#714,#725,#736,#747,#758,#769,#780,#791,#802,
    #813,#824,#835,#846,#857,#868,#879,#890,#901,#912,#923,#934,#945,
    #956,#967,#978,#989,#1000,#1011,#1022,#1033,#1044,#1055,#1066,#1077,
    #1088,#1099,#1110,#1121,#1132,#1143,#1154,#1165,#1176,#1187,#1198,
    #1209,#1220,#1231,#1242,#1253,#1264,#1275,#1286,#1297,#1308,#1319,
    #1330,#1341,#1352,#1363,#1374,#1385,#1396,#1407,#1418,#1429,#1440,
    #1451,#1462,#1473,#1484,#1495,#1506,#1517,#1528,#1539,#1550,#1561,
    #1572,#1583,#1594,#1605,#1616,#1627,#1638,#1649,#1660,#1671,#1682,
    #1693,#1704,#1715,#1726,#1737,#1748,#1759,#1770,#1781,#1792,#1803,
    #1814,#1825,#1836,#1847,#1858,#1869,#1880,#1891,#1902,#1913,#1924,
    #1935,#1946,#1957,#1968,#1979,#1990,#2001,#2012,#2023,#2034,#2045,
    #2056,#2067,#2078,#2089,#2100,#2111,#2122,#2133,#2144,#2155,#2166,
    #2177,#2188,#2199,#2210,#2221,#2232,#2243,#2254,#2265,#2276,#2287,
    #2298,#2309,#2320,#2331,#2342,#2353,#2364,#2375,#2386,#2397,#2408,
    #2419,#2430,#2441,#2452,#2463,#2474,#2485,#2496,#2507,#2518,#2529,
    #2540,#2551,#2562,#2573,#2584,#2595,#2606,#2617,#2628,#2639,#2650,
    #2661,#2672,#2683,#2694,#2705,#2716,#2727,#2738,#2749,#2760,#2771,
    #2782,#2793,#2804,#2815,#2826,#2837,#2848,#2859,#2870,#2881,#2892,
    #2903,#2914,#2925,#2936,#2947,#2958,#2969,#2980,#2991,#3002,#3013,
    #3024,#3035,#3046,#3057,#3068,#3079,#3090,#3101,#3112,#3123,#3134,
    #3145,#3156,#3167,#3178,#3189,#3200,#3211,#3222,#3233,#3244,#3255,
    #3266,#3277,#3288,#3299),#3310,.F.);
#140 = FACE_BOUND('',#141,.F.);
#141 = EDGE_LOOP('',(#142,#143,#144,#153,#161,#170,#178,#187,#195,#204,
    #212,#221,#229,#238,#246,#255,#263,#272,#280,#289,#297,#306,#314,
    #323,#331,#340,#348,#357,#365,#374,#382,#390,#398,#407,#415,#423,
    #431,#439,#447,#456,#464,#473,#481,#490,#498,#507,#515,#524,#532,
    #541,#549,#557,#566,#574,#581));
#142 = ORIENTED_EDGE('',*,*,#66,.F.);
#143 = ORIENTED_EDGE('',*,*,#98,.F.);
#144 = ORIENTED_EDGE('',*,*,#145,.F.);
#145 = EDGE_CURVE('',#146,#82,#148,.T.);
#146 = VERTEX_POINT('',#147);
#147 = CARTESIAN_POINT('',(52.392937,-17.041786,0.));
#148 = CIRCLE('',#149,1.99999850585);
#149 = AXIS2_PLACEMENT_3D('',#150,#151,#152);
#150 = CARTESIAN_POINT('',(54.39293550585,-17.04178450585,0.));
#151 = DIRECTION('',(0.,0.,-1.));
#152 = DIRECTION('',(-1.,-7.47075740283E-07,-0.));
#153 = ORIENTED_EDGE('',*,*,#154,.F.);
#154 = EDGE_CURVE('',#155,#146,#157,.T.);
#155 = VERTEX_POINT('',#156);
#156 = CARTESIAN_POINT('',(52.392937,-18.375786,0.));
#157 = LINE('',#158,#159);
#158 = CARTESIAN_POINT('',(52.392937,-18.375786,0.));
#159 = VECTOR('',#160,1.);
#160 = DIRECTION('',(0.,1.,0.));
#161 = ORIENTED_EDGE('',*,*,#162,.F.);
#162 = EDGE_CURVE('',#163,#155,#165,.T.);
#163 = VERTEX_POINT('',#164);
#164 = CARTESIAN_POINT('',(50.392937,-20.375786,0.));
#165 = CIRCLE('',#166,1.99999850585);
#166 = AXIS2_PLACEMENT_3D('',#167,#168,#169);
#167 = CARTESIAN_POINT('',(50.39293849415,-18.37578749415,0.));
#168 = DIRECTION('',(0.,0.,1.));
#169 = DIRECTION('',(-7.470757314012E-07,-1.,0.));
#170 = ORIENTED_EDGE('',*,*,#171,.F.);
#171 = EDGE_CURVE('',#172,#163,#174,.T.);
#172 = VERTEX_POINT('',#173);
#173 = CARTESIAN_POINT('',(35.342937,-20.375786,0.));
#174 = LINE('',#175,#176);
#175 = CARTESIAN_POINT('',(35.342937,-20.375786,0.));
#176 = VECTOR('',#177,1.);
#177 = DIRECTION('',(1.,0.,0.));
#178 = ORIENTED_EDGE('',*,*,#179,.F.);
#179 = EDGE_CURVE('',#180,#172,#182,.T.);
#180 = VERTEX_POINT('',#181);
#181 = CARTESIAN_POINT('',(33.342937,-22.375786,0.));
#182 = CIRCLE('',#183,1.99999850585);
#183 = AXIS2_PLACEMENT_3D('',#184,#185,#186);
#184 = CARTESIAN_POINT('',(35.34293550585,-22.37578450585,0.));
#185 = DIRECTION('',(0.,0.,-1.));
#186 = DIRECTION('',(-1.,-7.470757438357E-07,-0.));
#187 = ORIENTED_EDGE('',*,*,#188,.F.);
#188 = EDGE_CURVE('',#189,#180,#191,.T.);
#189 = VERTEX_POINT('',#190);
#190 = CARTESIAN_POINT('',(33.342937,-25.995786,0.));
#191 = LINE('',#192,#193);
#192 = CARTESIAN_POINT('',(33.342937,-25.995786,0.));
#193 = VECTOR('',#194,1.);
#194 = DIRECTION('',(0.,1.,0.));
#195 = ORIENTED_EDGE('',*,*,#196,.F.);
#196 = EDGE_CURVE('',#197,#189,#199,.T.);
#197 = VERTEX_POINT('',#198);
#198 = CARTESIAN_POINT('',(31.342937,-27.995786,0.));
#199 = CIRCLE('',#200,1.99999850585);
#200 = AXIS2_PLACEMENT_3D('',#201,#202,#203);
#201 = CARTESIAN_POINT('',(31.34293849415,-25.99578749415,0.));
#202 = DIRECTION('',(0.,0.,1.));
#203 = DIRECTION('',(-7.470757438357E-07,-1.,0.));
#204 = ORIENTED_EDGE('',*,*,#205,.F.);
#205 = EDGE_CURVE('',#206,#197,#208,.T.);
#206 = VERTEX_POINT('',#207);
#207 = CARTESIAN_POINT('',(16.292937,-27.995786,0.));
#208 = LINE('',#209,#210);
#209 = CARTESIAN_POINT('',(16.292937,-27.995786,0.));
#210 = VECTOR('',#211,1.);
#211 = DIRECTION('',(1.,0.,0.));
#212 = ORIENTED_EDGE('',*,*,#213,.F.);
#213 = EDGE_CURVE('',#214,#206,#216,.T.);
#214 = VERTEX_POINT('',#215);
#215 = CARTESIAN_POINT('',(14.292937,-29.995786,0.));
#216 = CIRCLE('',#217,1.99999850585);
#217 = AXIS2_PLACEMENT_3D('',#218,#219,#220);
#218 = CARTESIAN_POINT('',(16.29293550585,-29.99578450585,0.));
#219 = DIRECTION('',(0.,0.,-1.));
#220 = DIRECTION('',(-1.,-7.470757385066E-07,-0.));
#221 = ORIENTED_EDGE('',*,*,#222,.F.);
#222 = EDGE_CURVE('',#223,#214,#225,.T.);
#223 = VERTEX_POINT('',#224);
#224 = CARTESIAN_POINT('',(14.292937,-86.955786,0.));
#225 = LINE('',#226,#227);
#226 = CARTESIAN_POINT('',(14.292937,-86.955786,0.));
#227 = VECTOR('',#228,1.);
#228 = DIRECTION('',(0.,1.,0.));
#229 = ORIENTED_EDGE('',*,*,#230,.F.);
#230 = EDGE_CURVE('',#231,#223,#233,.T.);
#231 = VERTEX_POINT('',#232);
#232 = CARTESIAN_POINT('',(16.292937,-88.955786,0.));
#233 = CIRCLE('',#234,1.99999850585);
#234 = AXIS2_PLACEMENT_3D('',#235,#236,#237);
#235 = CARTESIAN_POINT('',(16.29293550585,-86.95578749415,0.));
#236 = DIRECTION('',(0.,0.,-1.));
#237 = DIRECTION('',(7.470757420593E-07,-1.,0.));
#238 = ORIENTED_EDGE('',*,*,#239,.F.);
#239 = EDGE_CURVE('',#240,#231,#242,.T.);
#240 = VERTEX_POINT('',#241);
#241 = CARTESIAN_POINT('',(35.152937,-88.955786,0.));
#242 = LINE('',#243,#244);
#243 = CARTESIAN_POINT('',(35.152937,-88.955786,0.));
#244 = VECTOR('',#245,1.);
#245 = DIRECTION('',(-1.,0.,0.));
#246 = ORIENTED_EDGE('',*,*,#247,.F.);
#247 = EDGE_CURVE('',#248,#240,#250,.T.);
#248 = VERTEX_POINT('',#249);
#249 = CARTESIAN_POINT('',(37.152937,-86.955786,0.));
#250 = CIRCLE('',#251,1.99999850585);
#251 = AXIS2_PLACEMENT_3D('',#252,#253,#254);
#252 = CARTESIAN_POINT('',(35.15293849415,-86.95578749415,0.));
#253 = DIRECTION('',(0.,0.,-1.));
#254 = DIRECTION('',(1.,7.470757420593E-07,0.));
#255 = ORIENTED_EDGE('',*,*,#256,.F.);
#256 = EDGE_CURVE('',#257,#248,#259,.T.);
#257 = VERTEX_POINT('',#258);
#258 = CARTESIAN_POINT('',(37.152937,-83.335786,0.));
#259 = LINE('',#260,#261);
#260 = CARTESIAN_POINT('',(37.152937,-83.335786,0.));
#261 = VECTOR('',#262,1.);
#262 = DIRECTION('',(0.,-1.,0.));
#263 = ORIENTED_EDGE('',*,*,#264,.F.);
#264 = EDGE_CURVE('',#265,#257,#267,.T.);
#265 = VERTEX_POINT('',#266);
#266 = CARTESIAN_POINT('',(39.152937,-81.335786,0.));
#267 = CIRCLE('',#268,1.99999850585);
#268 = AXIS2_PLACEMENT_3D('',#269,#270,#271);
#269 = CARTESIAN_POINT('',(39.15293550585,-83.33578450585,0.));
#270 = DIRECTION('',(0.,0.,1.));
#271 = DIRECTION('',(7.470757420593E-07,1.,-0.));
#272 = ORIENTED_EDGE('',*,*,#273,.F.);
#273 = EDGE_CURVE('',#274,#265,#276,.T.);
#274 = VERTEX_POINT('',#275);
#275 = CARTESIAN_POINT('',(54.202937,-81.335786,0.));
#276 = LINE('',#277,#278);
#277 = CARTESIAN_POINT('',(54.202937,-81.335786,0.));
#278 = VECTOR('',#279,1.);
#279 = DIRECTION('',(-1.,0.,0.));
#280 = ORIENTED_EDGE('',*,*,#281,.F.);
#281 = EDGE_CURVE('',#282,#274,#284,.T.);
#282 = VERTEX_POINT('',#283);
#283 = CARTESIAN_POINT('',(56.202937,-79.335786,0.));
#284 = CIRCLE('',#285,1.99999850585);
#285 = AXIS2_PLACEMENT_3D('',#286,#287,#288);
#286 = CARTESIAN_POINT('',(54.20293849415,-79.33578749415,0.));
#287 = DIRECTION('',(0.,0.,-1.));
#288 = DIRECTION('',(1.,7.470757420593E-07,0.));
#289 = ORIENTED_EDGE('',*,*,#290,.F.);
#290 = EDGE_CURVE('',#291,#282,#293,.T.);
#291 = VERTEX_POINT('',#292);
#292 = CARTESIAN_POINT('',(56.202937,-78.001786,0.));
#293 = LINE('',#294,#295);
#294 = CARTESIAN_POINT('',(56.202937,-78.001786,0.));
#295 = VECTOR('',#296,1.);
#296 = DIRECTION('',(0.,-1.,0.));
#297 = ORIENTED_EDGE('',*,*,#298,.F.);
#298 = EDGE_CURVE('',#299,#291,#301,.T.);
#299 = VERTEX_POINT('',#300);
#300 = CARTESIAN_POINT('',(58.202937,-76.001786,0.));
#301 = CIRCLE('',#302,1.99999850585);
#302 = AXIS2_PLACEMENT_3D('',#303,#304,#305);
#303 = CARTESIAN_POINT('',(58.20293550585,-78.00178450585,0.));
#304 = DIRECTION('',(0.,0.,1.));
#305 = DIRECTION('',(7.470757420593E-07,1.,-0.));
#306 = ORIENTED_EDGE('',*,*,#307,.F.);
#307 = EDGE_CURVE('',#308,#299,#310,.T.);
#308 = VERTEX_POINT('',#309);
#309 = CARTESIAN_POINT('',(69.442937,-76.001786,0.));
#310 = LINE('',#311,#312);
#311 = CARTESIAN_POINT('',(69.442937,-76.001786,0.));
#312 = VECTOR('',#313,1.);
#313 = DIRECTION('',(-1.,0.,0.));
#314 = ORIENTED_EDGE('',*,*,#315,.F.);
#315 = EDGE_CURVE('',#316,#308,#318,.T.);
#316 = VERTEX_POINT('',#317);
#317 = CARTESIAN_POINT('',(71.442937,-78.001786,0.));
#318 = CIRCLE('',#319,1.99999850585);
#319 = AXIS2_PLACEMENT_3D('',#320,#321,#322);
#320 = CARTESIAN_POINT('',(69.44293849415,-78.00178450585,0.));
#321 = DIRECTION('',(0.,0.,1.));
#322 = DIRECTION('',(1.,-7.470757420593E-07,0.));
#323 = ORIENTED_EDGE('',*,*,#324,.F.);
#324 = EDGE_CURVE('',#325,#316,#327,.T.);
#325 = VERTEX_POINT('',#326);
#326 = CARTESIAN_POINT('',(71.442937,-80.288286,0.));
#327 = LINE('',#328,#329);
#328 = CARTESIAN_POINT('',(71.442937,-80.288286,0.));
#329 = VECTOR('',#330,1.);
#330 = DIRECTION('',(0.,1.,0.));
#331 = ORIENTED_EDGE('',*,*,#332,.F.);
#332 = EDGE_CURVE('',#333,#325,#335,.T.);
#333 = VERTEX_POINT('',#334);
#334 = CARTESIAN_POINT('',(73.442937,-82.288286,0.));
#335 = CIRCLE('',#336,1.99999850585);
#336 = AXIS2_PLACEMENT_3D('',#337,#338,#339);
#337 = CARTESIAN_POINT('',(73.44293550585,-80.28828749415,0.));
#338 = DIRECTION('',(0.,0.,-1.));
#339 = DIRECTION('',(7.470757491648E-07,-1.,0.));
#340 = ORIENTED_EDGE('',*,*,#341,.F.);
#341 = EDGE_CURVE('',#342,#333,#344,.T.);
#342 = VERTEX_POINT('',#343);
#343 = CARTESIAN_POINT('',(78.967937,-82.288286,0.));
#344 = LINE('',#345,#346);
#345 = CARTESIAN_POINT('',(78.967937,-82.288286,0.));
#346 = VECTOR('',#347,1.);
#347 = DIRECTION('',(-1.,0.,0.));
#348 = ORIENTED_EDGE('',*,*,#349,.F.);
#349 = EDGE_CURVE('',#350,#342,#352,.T.);
#350 = VERTEX_POINT('',#351);
#351 = CARTESIAN_POINT('',(80.967937,-84.288286,0.));
#352 = CIRCLE('',#353,1.99999850585);
#353 = AXIS2_PLACEMENT_3D('',#354,#355,#356);
#354 = CARTESIAN_POINT('',(78.96793849415,-84.28828450585,0.));
#355 = DIRECTION('',(0.,0.,1.));
#356 = DIRECTION('',(1.,-7.470757349539E-07,0.));
#357 = ORIENTED_EDGE('',*,*,#358,.F.);
#358 = EDGE_CURVE('',#359,#350,#361,.T.);
#359 = VERTEX_POINT('',#360);
#360 = CARTESIAN_POINT('',(80.967937,-101.433786,0.));
#361 = LINE('',#362,#363);
#362 = CARTESIAN_POINT('',(80.967937,-101.433786,0.));
#363 = VECTOR('',#364,1.);
#364 = DIRECTION('',(0.,1.,0.));
#365 = ORIENTED_EDGE('',*,*,#366,.F.);
#366 = EDGE_CURVE('',#367,#359,#369,.T.);
#367 = VERTEX_POINT('',#368);
#368 = CARTESIAN_POINT('',(82.967937,-103.433786,0.));
#369 = CIRCLE('',#370,1.99999850585);
#370 = AXIS2_PLACEMENT_3D('',#371,#372,#373);
#371 = CARTESIAN_POINT('',(82.96793550585,-101.4337874941,0.));
#372 = DIRECTION('',(0.,0.,-1.));
#373 = DIRECTION('',(7.470757491648E-07,-1.,0.));
#374 = ORIENTED_EDGE('',*,*,#375,.F.);
#375 = EDGE_CURVE('',#376,#367,#378,.T.);
#376 = VERTEX_POINT('',#377);
#377 = CARTESIAN_POINT('',(99.958596,-103.433786,0.));
#378 = LINE('',#379,#380);
#379 = CARTESIAN_POINT('',(99.958596,-103.433786,0.));
#380 = VECTOR('',#381,1.);
#381 = DIRECTION('',(-1.,0.,0.));
#382 = ORIENTED_EDGE('',*,*,#383,.F.);
#383 = EDGE_CURVE('',#384,#376,#386,.T.);
#384 = VERTEX_POINT('',#385);
#385 = CARTESIAN_POINT('',(100.077175,-103.437304,0.));
#386 = LINE('',#387,#388);
#387 = CARTESIAN_POINT('',(100.077175,-103.437304,0.));
#388 = VECTOR('',#389,1.);
#389 = DIRECTION('',(-0.999560195643,2.965493694729E-02,0.));
#390 = ORIENTED_EDGE('',*,*,#391,.F.);
#391 = EDGE_CURVE('',#392,#384,#394,.T.);
#392 = VERTEX_POINT('',#393);
#393 = CARTESIAN_POINT('',(103.228782,-103.624491,0.));
#394 = LINE('',#395,#396);
#395 = CARTESIAN_POINT('',(103.228782,-103.624491,0.));
#396 = VECTOR('',#397,1.);
#397 = DIRECTION('',(-0.998240820808,5.928965906114E-02,0.));
#398 = ORIENTED_EDGE('',*,*,#399,.F.);
#399 = EDGE_CURVE('',#400,#392,#402,.T.);
#400 = VERTEX_POINT('',#401);
#401 = CARTESIAN_POINT('',(103.441158,-103.648546,0.));
#402 = CIRCLE('',#403,2.001104765011);
#403 = AXIS2_PLACEMENT_3D('',#404,#405,#406);
#404 = CARTESIAN_POINT('',(103.11007414237,-105.622071718,0.));
#405 = DIRECTION('',(0.,0.,1.));
#406 = DIRECTION('',(0.165450536833,0.986218089401,-0.));
#407 = ORIENTED_EDGE('',*,*,#408,.F.);
#408 = EDGE_CURVE('',#409,#400,#411,.T.);
#409 = VERTEX_POINT('',#410);
#410 = CARTESIAN_POINT('',(118.287974,-106.139711,0.));
#411 = LINE('',#412,#413);
#412 = CARTESIAN_POINT('',(118.287974,-106.139711,0.));
#413 = VECTOR('',#414,1.);
#414 = DIRECTION('',(-0.986213491716,0.165477940394,0.));
#415 = ORIENTED_EDGE('',*,*,#416,.F.);
#416 = EDGE_CURVE('',#417,#409,#419,.T.);
#417 = VERTEX_POINT('',#418);
#418 = CARTESIAN_POINT('',(118.441782,-106.171776,0.));
#419 = LINE('',#420,#421);
#420 = CARTESIAN_POINT('',(118.441782,-106.171776,0.));
#421 = VECTOR('',#422,1.);
#422 = DIRECTION('',(-0.978952876028,0.204086419236,0.));
#423 = ORIENTED_EDGE('',*,*,#424,.F.);
#424 = EDGE_CURVE('',#425,#417,#427,.T.);
#425 = VERTEX_POINT('',#426);
#426 = CARTESIAN_POINT('',(121.657391,-106.975136,0.));
#427 = LINE('',#428,#429);
#428 = CARTESIAN_POINT('',(121.657391,-106.975136,0.));
#429 = VECTOR('',#430,1.);
#430 = DIRECTION('',(-0.970180982556,0.24238164346,0.));
#431 = ORIENTED_EDGE('',*,*,#432,.F.);
#432 = EDGE_CURVE('',#433,#425,#435,.T.);
#433 = VERTEX_POINT('',#434);
#434 = CARTESIAN_POINT('',(121.825413,-107.02503,0.));
#435 = LINE('',#436,#437);
#436 = CARTESIAN_POINT('',(121.825413,-107.02503,0.));
#437 = VECTOR('',#438,1.);
#438 = DIRECTION('',(-0.958627455299,0.284663664607,0.));
#439 = ORIENTED_EDGE('',*,*,#440,.F.);
#440 = EDGE_CURVE('',#441,#433,#443,.T.);
#441 = VERTEX_POINT('',#442);
#442 = CARTESIAN_POINT('',(137.858738,-112.561402,0.));
#443 = LINE('',#444,#445);
#444 = CARTESIAN_POINT('',(137.858738,-112.561402,0.));
#445 = VECTOR('',#446,1.);
#446 = DIRECTION('',(-0.945234100757,0.326393159802,0.));
#447 = ORIENTED_EDGE('',*,*,#448,.F.);
#448 = EDGE_CURVE('',#449,#441,#451,.T.);
#449 = VERTEX_POINT('',#450);
#450 = CARTESIAN_POINT('',(140.401993,-111.32372,0.));
#451 = CIRCLE('',#452,2.000081092776);
#452 = AXIS2_PLACEMENT_3D('',#453,#454,#455);
#453 = CARTESIAN_POINT('',(138.51147452851,-110.6708308159,0.));
#454 = DIRECTION('',(0.,0.,-1.));
#455 = DIRECTION('',(0.945220910447,-0.32643135642,0.));
#456 = ORIENTED_EDGE('',*,*,#457,.F.);
#457 = EDGE_CURVE('',#458,#449,#460,.T.);
#458 = VERTEX_POINT('',#459);
#459 = CARTESIAN_POINT('',(146.557546,-93.497245,0.));
#460 = LINE('',#461,#462);
#461 = CARTESIAN_POINT('',(146.557546,-93.497245,0.));
#462 = VECTOR('',#463,1.);
#463 = DIRECTION('',(-0.326393114756,-0.945234116312,0.));
#464 = ORIENTED_EDGE('',*,*,#465,.F.);
#465 = EDGE_CURVE('',#466,#458,#468,.T.);
#466 = VERTEX_POINT('',#467);
#467 = CARTESIAN_POINT('',(145.319224,-90.95377,0.));
#468 = CIRCLE('',#469,2.000023280506);
#469 = AXIS2_PLACEMENT_3D('',#470,#471,#472);
#470 = CARTESIAN_POINT('',(144.66704805768,-92.84447348358,0.));
#471 = DIRECTION('',(0.,0.,-1.));
#472 = DIRECTION('',(0.326084175458,0.945340737785,0.));
#473 = ORIENTED_EDGE('',*,*,#474,.F.);
#474 = EDGE_CURVE('',#475,#466,#477,.T.);
#475 = VERTEX_POINT('',#476);
#476 = CARTESIAN_POINT('',(137.560791,-88.277694,0.));
#477 = LINE('',#478,#479);
#478 = CARTESIAN_POINT('',(137.560791,-88.277694,0.));
#479 = VECTOR('',#480,1.);
#480 = DIRECTION('',(0.945344654048,-0.326072821719,0.));
#481 = ORIENTED_EDGE('',*,*,#482,.F.);
#482 = EDGE_CURVE('',#483,#475,#485,.T.);
#483 = VERTEX_POINT('',#484);
#484 = CARTESIAN_POINT('',(136.212937,-86.387005,0.));
#485 = CIRCLE('',#486,1.999970051434);
#486 = AXIS2_PLACEMENT_3D('',#487,#488,#489);
#487 = CARTESIAN_POINT('',(138.21290705132,-86.38702616501,0.));
#488 = DIRECTION('',(0.,0.,1.));
#489 = DIRECTION('',(-0.999999999944,1.058266684145E-05,0.));
#490 = ORIENTED_EDGE('',*,*,#491,.F.);
#491 = EDGE_CURVE('',#492,#483,#494,.T.);
#492 = VERTEX_POINT('',#493);
#493 = CARTESIAN_POINT('',(136.212937,-29.233786,0.));
#494 = LINE('',#495,#496);
#495 = CARTESIAN_POINT('',(136.212937,-29.233786,0.));
#496 = VECTOR('',#497,1.);
#497 = DIRECTION('',(0.,-1.,0.));
#498 = ORIENTED_EDGE('',*,*,#499,.F.);
#499 = EDGE_CURVE('',#500,#492,#502,.T.);
#500 = VERTEX_POINT('',#501);
#501 = CARTESIAN_POINT('',(134.212937,-27.233786,0.));
#502 = CIRCLE('',#503,1.99999850585);
#503 = AXIS2_PLACEMENT_3D('',#504,#505,#506);
#504 = CARTESIAN_POINT('',(134.21293849415,-29.23378450585,0.));
#505 = DIRECTION('',(0.,0.,-1.));
#506 = DIRECTION('',(-7.470757349539E-07,1.,0.));
#507 = ORIENTED_EDGE('',*,*,#508,.F.);
#508 = EDGE_CURVE('',#509,#500,#511,.T.);
#509 = VERTEX_POINT('',#510);
#510 = CARTESIAN_POINT('',(114.589005,-27.233786,0.));
#511 = LINE('',#512,#513);
#512 = CARTESIAN_POINT('',(114.589005,-27.233786,0.));
#513 = VECTOR('',#514,1.);
#514 = DIRECTION('',(1.,0.,0.));
#515 = ORIENTED_EDGE('',*,*,#516,.F.);
#516 = EDGE_CURVE('',#517,#509,#519,.T.);
#517 = VERTEX_POINT('',#518);
#518 = CARTESIAN_POINT('',(112.800151,-26.128213,0.));
#519 = CIRCLE('',#520,2.000096309334);
#520 = AXIS2_PLACEMENT_3D('',#521,#522,#523);
#521 = CARTESIAN_POINT('',(114.5890649994,-25.23368969156,0.));
#522 = DIRECTION('',(0.,0.,1.));
#523 = DIRECTION('',(-0.894413929499,-0.447240117518,0.));
#524 = ORIENTED_EDGE('',*,*,#525,.F.);
#525 = EDGE_CURVE('',#526,#517,#528,.T.);
#526 = VERTEX_POINT('',#527);
#527 = CARTESIAN_POINT('',(112.000723,-24.529359,0.));
#528 = LINE('',#529,#530);
#529 = CARTESIAN_POINT('',(112.000723,-24.529359,0.));
#530 = VECTOR('',#531,1.);
#531 = DIRECTION('',(0.447214043034,-0.894426967233,0.));
#532 = ORIENTED_EDGE('',*,*,#533,.F.);
#533 = EDGE_CURVE('',#534,#526,#536,.T.);
#534 = VERTEX_POINT('',#535);
#535 = CARTESIAN_POINT('',(110.211869,-23.423786,0.));
#536 = CIRCLE('',#537,2.000096309334);
#537 = AXIS2_PLACEMENT_3D('',#538,#539,#540);
#538 = CARTESIAN_POINT('',(110.21180900059,-25.42388230843,0.));
#539 = DIRECTION('',(0.,0.,-1.));
#540 = DIRECTION('',(2.999825976095E-05,0.99999999955,0.));
#541 = ORIENTED_EDGE('',*,*,#542,.F.);
#542 = EDGE_CURVE('',#543,#534,#545,.T.);
#543 = VERTEX_POINT('',#544);
#544 = CARTESIAN_POINT('',(94.302937,-23.423786,0.));
#545 = LINE('',#546,#547);
#546 = CARTESIAN_POINT('',(94.302937,-23.423786,0.));
#547 = VECTOR('',#548,1.);
#548 = DIRECTION('',(1.,0.,0.));
#549 = ORIENTED_EDGE('',*,*,#550,.F.);
#550 = EDGE_CURVE('',#551,#543,#553,.T.);
#551 = VERTEX_POINT('',#552);
#552 = CARTESIAN_POINT('',(92.993077,-21.98294,0.));
#553 = LINE('',#554,#555);
#554 = CARTESIAN_POINT('',(92.993077,-21.98294,0.));
#555 = VECTOR('',#556,1.);
#556 = DIRECTION('',(0.672672793996,-0.739940073396,0.));
#557 = ORIENTED_EDGE('',*,*,#558,.F.);
#558 = EDGE_CURVE('',#559,#551,#561,.T.);
#559 = VERTEX_POINT('',#560);
#560 = CARTESIAN_POINT('',(91.513197,-21.328286,0.));
#561 = CIRCLE('',#562,1.999831603983);
#562 = AXIS2_PLACEMENT_3D('',#563,#564,#565);
#563 = CARTESIAN_POINT('',(91.513271721665,-23.32811760258,0.));
#564 = DIRECTION('',(0.,0.,-1.));
#565 = DIRECTION('',(-3.73639786082E-05,0.999999999302,0.));
#566 = ORIENTED_EDGE('',*,*,#567,.F.);
#567 = EDGE_CURVE('',#568,#559,#570,.T.);
#568 = VERTEX_POINT('',#569);
#569 = CARTESIAN_POINT('',(77.252937,-21.328286,0.));
#570 = LINE('',#571,#572);
#571 = CARTESIAN_POINT('',(77.252937,-21.328286,0.));
#572 = VECTOR('',#573,1.);
#573 = DIRECTION('',(1.,0.,0.));
#574 = ORIENTED_EDGE('',*,*,#575,.F.);
#575 = EDGE_CURVE('',#122,#568,#576,.T.);
#576 = CIRCLE('',#577,1.99999850585);
#577 = AXIS2_PLACEMENT_3D('',#578,#579,#580);
#578 = CARTESIAN_POINT('',(77.25293550585,-19.32828749415,0.));
#579 = DIRECTION('',(0.,0.,1.));
#580 = DIRECTION('',(-1.,7.470757438357E-07,0.));
#581 = ORIENTED_EDGE('',*,*,#129,.F.);
#582 = FACE_BOUND('',#583,.F.);
#583 = EDGE_LOOP('',(#584));
#584 = ORIENTED_EDGE('',*,*,#585,.T.);
#585 = EDGE_CURVE('',#586,#586,#588,.T.);
#586 = VERTEX_POINT('',#587);
#587 = CARTESIAN_POINT('',(18.222937,-82.675786,0.));
#588 = CIRCLE('',#589,0.15);
#589 = AXIS2_PLACEMENT_3D('',#590,#591,#592);
#590 = CARTESIAN_POINT('',(18.222937,-82.525786,0.));
#591 = DIRECTION('',(-0.,0.,-1.));
#592 = DIRECTION('',(-0.,-1.,0.));
#593 = FACE_BOUND('',#594,.F.);
#594 = EDGE_LOOP('',(#595));
#595 = ORIENTED_EDGE('',*,*,#596,.T.);
#596 = EDGE_CURVE('',#597,#597,#599,.T.);
#597 = VERTEX_POINT('',#598);
#598 = CARTESIAN_POINT('',(20.722937,-83.475786,0.));
#599 = CIRCLE('',#600,0.8);
#600 = AXIS2_PLACEMENT_3D('',#601,#602,#603);
#601 = CARTESIAN_POINT('',(20.722937,-82.675786,0.));
#602 = DIRECTION('',(-0.,0.,-1.));
#603 = DIRECTION('',(-0.,-1.,0.));
#604 = FACE_BOUND('',#605,.F.);
#605 = EDGE_LOOP('',(#606));
#606 = ORIENTED_EDGE('',*,*,#607,.T.);
#607 = EDGE_CURVE('',#608,#608,#610,.T.);
#608 = VERTEX_POINT('',#609);
#609 = CARTESIAN_POINT('',(18.222937,-79.875786,0.));
#610 = CIRCLE('',#611,0.15);
#611 = AXIS2_PLACEMENT_3D('',#612,#613,#614);
#612 = CARTESIAN_POINT('',(18.222937,-79.725786,0.));
#613 = DIRECTION('',(-0.,0.,-1.));
#614 = DIRECTION('',(-0.,-1.,0.));
#615 = FACE_BOUND('',#616,.F.);
#616 = EDGE_LOOP('',(#617));
#617 = ORIENTED_EDGE('',*,*,#618,.T.);
#618 = EDGE_CURVE('',#619,#619,#621,.T.);
#619 = VERTEX_POINT('',#620);
#620 = CARTESIAN_POINT('',(30.722937,-83.475786,0.));
#621 = CIRCLE('',#622,0.8);
#622 = AXIS2_PLACEMENT_3D('',#623,#624,#625);
#623 = CARTESIAN_POINT('',(30.722937,-82.675786,0.));
#624 = DIRECTION('',(-0.,0.,-1.));
#625 = DIRECTION('',(-0.,-1.,0.));
#626 = FACE_BOUND('',#627,.F.);
#627 = EDGE_LOOP('',(#628));
#628 = ORIENTED_EDGE('',*,*,#629,.T.);
#629 = EDGE_CURVE('',#630,#630,#632,.T.);
#630 = VERTEX_POINT('',#631);
#631 = CARTESIAN_POINT('',(20.222937,-78.475786,0.));
#632 = CIRCLE('',#633,0.95);
#633 = AXIS2_PLACEMENT_3D('',#634,#635,#636);
#634 = CARTESIAN_POINT('',(20.222937,-77.525786,0.));
#635 = DIRECTION('',(-0.,0.,-1.));
#636 = DIRECTION('',(-0.,-1.,0.));
#637 = FACE_BOUND('',#638,.F.);
#638 = EDGE_LOOP('',(#639));
#639 = ORIENTED_EDGE('',*,*,#640,.T.);
#640 = EDGE_CURVE('',#641,#641,#643,.T.);
#641 = VERTEX_POINT('',#642);
#642 = CARTESIAN_POINT('',(20.722937,-75.275786,0.));
#643 = CIRCLE('',#644,1.5);
#644 = AXIS2_PLACEMENT_3D('',#645,#646,#647);
#645 = CARTESIAN_POINT('',(20.722937,-73.775786,0.));
#646 = DIRECTION('',(-0.,0.,-1.));
#647 = DIRECTION('',(-0.,-1.,0.));
#648 = FACE_BOUND('',#649,.F.);
#649 = EDGE_LOOP('',(#650));
#650 = ORIENTED_EDGE('',*,*,#651,.T.);
#651 = EDGE_CURVE('',#652,#652,#654,.T.);
#652 = VERTEX_POINT('',#653);
#653 = CARTESIAN_POINT('',(25.722937,-80.025786,0.));
#654 = CIRCLE('',#655,2.5);
#655 = AXIS2_PLACEMENT_3D('',#656,#657,#658);
#656 = CARTESIAN_POINT('',(25.722937,-77.525786,0.));
#657 = DIRECTION('',(-0.,0.,-1.));
#658 = DIRECTION('',(-0.,-1.,0.));
#659 = FACE_BOUND('',#660,.F.);
#660 = EDGE_LOOP('',(#661));
#661 = ORIENTED_EDGE('',*,*,#662,.T.);
#662 = EDGE_CURVE('',#663,#663,#665,.T.);
#663 = VERTEX_POINT('',#664);
#664 = CARTESIAN_POINT('',(31.222937,-78.475786,0.));
#665 = CIRCLE('',#666,0.95);
#666 = AXIS2_PLACEMENT_3D('',#667,#668,#669);
#667 = CARTESIAN_POINT('',(31.222937,-77.525786,0.));
#668 = DIRECTION('',(-0.,0.,-1.));
#669 = DIRECTION('',(3.739698609264E-15,-1.,-0.));
#670 = FACE_BOUND('',#671,.F.);
#671 = EDGE_LOOP('',(#672));
#672 = ORIENTED_EDGE('',*,*,#673,.T.);
#673 = EDGE_CURVE('',#674,#674,#676,.T.);
#674 = VERTEX_POINT('',#675);
#675 = CARTESIAN_POINT('',(30.722937,-75.275786,0.));
#676 = CIRCLE('',#677,1.5);
#677 = AXIS2_PLACEMENT_3D('',#678,#679,#680);
#678 = CARTESIAN_POINT('',(30.722937,-73.775786,0.));
#679 = DIRECTION('',(-0.,0.,-1.));
#680 = DIRECTION('',(-0.,-1.,0.));
#681 = FACE_BOUND('',#682,.F.);
#682 = EDGE_LOOP('',(#683));
#683 = ORIENTED_EDGE('',*,*,#684,.T.);
#684 = EDGE_CURVE('',#685,#685,#687,.T.);
#685 = VERTEX_POINT('',#686);
#686 = CARTESIAN_POINT('',(37.272937,-75.055786,0.));
#687 = CIRCLE('',#688,0.15);
#688 = AXIS2_PLACEMENT_3D('',#689,#690,#691);
#689 = CARTESIAN_POINT('',(37.272937,-74.905786,0.));
#690 = DIRECTION('',(-0.,0.,-1.));
#691 = DIRECTION('',(-0.,-1.,0.));
#692 = FACE_BOUND('',#693,.F.);
#693 = EDGE_LOOP('',(#694));
#694 = ORIENTED_EDGE('',*,*,#695,.T.);
#695 = EDGE_CURVE('',#696,#696,#698,.T.);
#696 = VERTEX_POINT('',#697);
#697 = CARTESIAN_POINT('',(39.772937,-75.855786,0.));
#698 = CIRCLE('',#699,0.8);
#699 = AXIS2_PLACEMENT_3D('',#700,#701,#702);
#700 = CARTESIAN_POINT('',(39.772937,-75.055786,0.));
#701 = DIRECTION('',(-0.,0.,-1.));
#702 = DIRECTION('',(-0.,-1.,0.));
#703 = FACE_BOUND('',#704,.F.);
#704 = EDGE_LOOP('',(#705));
#705 = ORIENTED_EDGE('',*,*,#706,.T.);
#706 = EDGE_CURVE('',#707,#707,#709,.T.);
#707 = VERTEX_POINT('',#708);
#708 = CARTESIAN_POINT('',(25.722937,-73.075786,0.));
#709 = CIRCLE('',#710,1.5);
#710 = AXIS2_PLACEMENT_3D('',#711,#712,#713);
#711 = CARTESIAN_POINT('',(25.722937,-71.575786,0.));
#712 = DIRECTION('',(-0.,0.,-1.));
#713 = DIRECTION('',(-0.,-1.,0.));
#714 = FACE_BOUND('',#715,.F.);
#715 = EDGE_LOOP('',(#716));
#716 = ORIENTED_EDGE('',*,*,#717,.T.);
#717 = EDGE_CURVE('',#718,#718,#720,.T.);
#718 = VERTEX_POINT('',#719);
#719 = CARTESIAN_POINT('',(18.222937,-63.625786,0.));
#720 = CIRCLE('',#721,0.15);
#721 = AXIS2_PLACEMENT_3D('',#722,#723,#724);
#722 = CARTESIAN_POINT('',(18.222937,-63.475786,0.));
#723 = DIRECTION('',(-0.,0.,-1.));
#724 = DIRECTION('',(-0.,-1.,0.));
#725 = FACE_BOUND('',#726,.F.);
#726 = EDGE_LOOP('',(#727));
#727 = ORIENTED_EDGE('',*,*,#728,.T.);
#728 = EDGE_CURVE('',#729,#729,#731,.T.);
#729 = VERTEX_POINT('',#730);
#730 = CARTESIAN_POINT('',(20.722937,-64.425786,0.));
#731 = CIRCLE('',#732,0.8);
#732 = AXIS2_PLACEMENT_3D('',#733,#734,#735);
#733 = CARTESIAN_POINT('',(20.722937,-63.625786,0.));
#734 = DIRECTION('',(-0.,0.,-1.));
#735 = DIRECTION('',(-0.,-1.,0.));
#736 = FACE_BOUND('',#737,.F.);
#737 = EDGE_LOOP('',(#738));
#738 = ORIENTED_EDGE('',*,*,#739,.T.);
#739 = EDGE_CURVE('',#740,#740,#742,.T.);
#740 = VERTEX_POINT('',#741);
#741 = CARTESIAN_POINT('',(30.722937,-64.425786,0.));
#742 = CIRCLE('',#743,0.8);
#743 = AXIS2_PLACEMENT_3D('',#744,#745,#746);
#744 = CARTESIAN_POINT('',(30.722937,-63.625786,0.));
#745 = DIRECTION('',(-0.,0.,-1.));
#746 = DIRECTION('',(-0.,-1.,0.));
#747 = FACE_BOUND('',#748,.F.);
#748 = EDGE_LOOP('',(#749));
#749 = ORIENTED_EDGE('',*,*,#750,.T.);
#750 = EDGE_CURVE('',#751,#751,#753,.T.);
#751 = VERTEX_POINT('',#752);
#752 = CARTESIAN_POINT('',(37.272937,-72.255786,0.));
#753 = CIRCLE('',#754,0.15);
#754 = AXIS2_PLACEMENT_3D('',#755,#756,#757);
#755 = CARTESIAN_POINT('',(37.272937,-72.105786,0.));
#756 = DIRECTION('',(-0.,0.,-1.));
#757 = DIRECTION('',(-0.,-1.,0.));
#758 = FACE_BOUND('',#759,.F.);
#759 = EDGE_LOOP('',(#760));
#760 = ORIENTED_EDGE('',*,*,#761,.T.);
#761 = EDGE_CURVE('',#762,#762,#764,.T.);
#762 = VERTEX_POINT('',#763);
#763 = CARTESIAN_POINT('',(39.272937,-70.855786,0.));
#764 = CIRCLE('',#765,0.95);
#765 = AXIS2_PLACEMENT_3D('',#766,#767,#768);
#766 = CARTESIAN_POINT('',(39.272937,-69.905786,0.));
#767 = DIRECTION('',(-0.,0.,-1.));
#768 = DIRECTION('',(-0.,-1.,0.));
#769 = FACE_BOUND('',#770,.F.);
#770 = EDGE_LOOP('',(#771));
#771 = ORIENTED_EDGE('',*,*,#772,.T.);
#772 = EDGE_CURVE('',#773,#773,#775,.T.);
#773 = VERTEX_POINT('',#774);
#774 = CARTESIAN_POINT('',(44.772937,-72.405786,0.));
#775 = CIRCLE('',#776,2.5);
#776 = AXIS2_PLACEMENT_3D('',#777,#778,#779);
#777 = CARTESIAN_POINT('',(44.772937,-69.905786,0.));
#778 = DIRECTION('',(-0.,0.,-1.));
#779 = DIRECTION('',(-0.,-1.,0.));
#780 = FACE_BOUND('',#781,.F.);
#781 = EDGE_LOOP('',(#782));
#782 = ORIENTED_EDGE('',*,*,#783,.T.);
#783 = EDGE_CURVE('',#784,#784,#786,.T.);
#784 = VERTEX_POINT('',#785);
#785 = CARTESIAN_POINT('',(39.772937,-67.655786,0.));
#786 = CIRCLE('',#787,1.5);
#787 = AXIS2_PLACEMENT_3D('',#788,#789,#790);
#788 = CARTESIAN_POINT('',(39.772937,-66.155786,0.));
#789 = DIRECTION('',(-0.,0.,-1.));
#790 = DIRECTION('',(-0.,-1.,0.));
#791 = FACE_BOUND('',#792,.F.);
#792 = EDGE_LOOP('',(#793));
#793 = ORIENTED_EDGE('',*,*,#794,.T.);
#794 = EDGE_CURVE('',#795,#795,#797,.T.);
#795 = VERTEX_POINT('',#796);
#796 = CARTESIAN_POINT('',(44.772937,-65.455786,0.));
#797 = CIRCLE('',#798,1.5);
#798 = AXIS2_PLACEMENT_3D('',#799,#800,#801);
#799 = CARTESIAN_POINT('',(44.772937,-63.955786,0.));
#800 = DIRECTION('',(-0.,0.,-1.));
#801 = DIRECTION('',(-0.,-1.,0.));
#802 = FACE_BOUND('',#803,.F.);
#803 = EDGE_LOOP('',(#804));
#804 = ORIENTED_EDGE('',*,*,#805,.T.);
#805 = EDGE_CURVE('',#806,#806,#808,.T.);
#806 = VERTEX_POINT('',#807);
#807 = CARTESIAN_POINT('',(49.772937,-75.855786,0.));
#808 = CIRCLE('',#809,0.8);
#809 = AXIS2_PLACEMENT_3D('',#810,#811,#812);
#810 = CARTESIAN_POINT('',(49.772937,-75.055786,0.));
#811 = DIRECTION('',(-0.,0.,-1.));
#812 = DIRECTION('',(-0.,-1.,0.));
#813 = FACE_BOUND('',#814,.F.);
#814 = EDGE_LOOP('',(#815));
#815 = ORIENTED_EDGE('',*,*,#816,.T.);
#816 = EDGE_CURVE('',#817,#817,#819,.T.);
#817 = VERTEX_POINT('',#818);
#818 = CARTESIAN_POINT('',(75.372937,-76.008286,0.));
#819 = CIRCLE('',#820,0.15);
#820 = AXIS2_PLACEMENT_3D('',#821,#822,#823);
#821 = CARTESIAN_POINT('',(75.372937,-75.858286,0.));
#822 = DIRECTION('',(-0.,0.,-1.));
#823 = DIRECTION('',(-9.473903143469E-14,-1.,0.));
#824 = FACE_BOUND('',#825,.F.);
#825 = EDGE_LOOP('',(#826));
#826 = ORIENTED_EDGE('',*,*,#827,.T.);
#827 = EDGE_CURVE('',#828,#828,#830,.T.);
#828 = VERTEX_POINT('',#829);
#829 = CARTESIAN_POINT('',(77.872937,-76.808286,0.));
#830 = CIRCLE('',#831,0.8);
#831 = AXIS2_PLACEMENT_3D('',#832,#833,#834);
#832 = CARTESIAN_POINT('',(77.872937,-76.008286,0.));
#833 = DIRECTION('',(-0.,0.,-1.));
#834 = DIRECTION('',(-1.7763568394E-14,-1.,0.));
#835 = FACE_BOUND('',#836,.F.);
#836 = EDGE_LOOP('',(#837));
#837 = ORIENTED_EDGE('',*,*,#838,.T.);
#838 = EDGE_CURVE('',#839,#839,#841,.T.);
#839 = VERTEX_POINT('',#840);
#840 = CARTESIAN_POINT('',(50.272937,-70.855786,0.));
#841 = CIRCLE('',#842,0.95);
#842 = AXIS2_PLACEMENT_3D('',#843,#844,#845);
#843 = CARTESIAN_POINT('',(50.272937,-69.905786,0.));
#844 = DIRECTION('',(-0.,0.,-1.));
#845 = DIRECTION('',(-0.,-1.,0.));
#846 = FACE_BOUND('',#847,.F.);
#847 = EDGE_LOOP('',(#848));
#848 = ORIENTED_EDGE('',*,*,#849,.T.);
#849 = EDGE_CURVE('',#850,#850,#852,.T.);
#850 = VERTEX_POINT('',#851);
#851 = CARTESIAN_POINT('',(56.322937,-69.721786,0.));
#852 = CIRCLE('',#853,0.15);
#853 = AXIS2_PLACEMENT_3D('',#854,#855,#856);
#854 = CARTESIAN_POINT('',(56.322937,-69.571786,0.));
#855 = DIRECTION('',(-0.,0.,-1.));
#856 = DIRECTION('',(4.736951571734E-14,-1.,-0.));
#857 = FACE_BOUND('',#858,.F.);
#858 = EDGE_LOOP('',(#859));
#859 = ORIENTED_EDGE('',*,*,#860,.T.);
#860 = EDGE_CURVE('',#861,#861,#863,.T.);
#861 = VERTEX_POINT('',#862);
#862 = CARTESIAN_POINT('',(58.822937,-70.521786,0.));
#863 = CIRCLE('',#864,0.8);
#864 = AXIS2_PLACEMENT_3D('',#865,#866,#867);
#865 = CARTESIAN_POINT('',(58.822937,-69.721786,0.));
#866 = DIRECTION('',(-0.,0.,-1.));
#867 = DIRECTION('',(8.881784197001E-15,-1.,-0.));
#868 = FACE_BOUND('',#869,.F.);
#869 = EDGE_LOOP('',(#870));
#870 = ORIENTED_EDGE('',*,*,#871,.T.);
#871 = EDGE_CURVE('',#872,#872,#874,.T.);
#872 = VERTEX_POINT('',#873);
#873 = CARTESIAN_POINT('',(49.772937,-67.655786,0.));
#874 = CIRCLE('',#875,1.5);
#875 = AXIS2_PLACEMENT_3D('',#876,#877,#878);
#876 = CARTESIAN_POINT('',(49.772937,-66.155786,0.));
#877 = DIRECTION('',(-0.,0.,-1.));
#878 = DIRECTION('',(-0.,-1.,0.));
#879 = FACE_BOUND('',#880,.F.);
#880 = EDGE_LOOP('',(#881));
#881 = ORIENTED_EDGE('',*,*,#882,.T.);
#882 = EDGE_CURVE('',#883,#883,#885,.T.);
#883 = VERTEX_POINT('',#884);
#884 = CARTESIAN_POINT('',(56.322937,-66.921786,0.));
#885 = CIRCLE('',#886,0.15);
#886 = AXIS2_PLACEMENT_3D('',#887,#888,#889);
#887 = CARTESIAN_POINT('',(56.322937,-66.771786,0.));
#888 = DIRECTION('',(-0.,0.,-1.));
#889 = DIRECTION('',(4.736951571734E-14,-1.,-0.));
#890 = FACE_BOUND('',#891,.F.);
#891 = EDGE_LOOP('',(#892));
#892 = ORIENTED_EDGE('',*,*,#893,.T.);
#893 = EDGE_CURVE('',#894,#894,#896,.T.);
#894 = VERTEX_POINT('',#895);
#895 = CARTESIAN_POINT('',(58.322937,-65.521786,0.));
#896 = CIRCLE('',#897,0.95);
#897 = AXIS2_PLACEMENT_3D('',#898,#899,#900);
#898 = CARTESIAN_POINT('',(58.322937,-64.571786,0.));
#899 = DIRECTION('',(-0.,0.,-1.));
#900 = DIRECTION('',(7.479397218527E-15,-1.,-0.));
#901 = FACE_BOUND('',#902,.F.);
#902 = EDGE_LOOP('',(#903));
#903 = ORIENTED_EDGE('',*,*,#904,.T.);
#904 = EDGE_CURVE('',#905,#905,#907,.T.);
#905 = VERTEX_POINT('',#906);
#906 = CARTESIAN_POINT('',(63.822937,-67.071786,0.));
#907 = CIRCLE('',#908,2.5);
#908 = AXIS2_PLACEMENT_3D('',#909,#910,#911);
#909 = CARTESIAN_POINT('',(63.822937,-64.571786,0.));
#910 = DIRECTION('',(-0.,0.,-1.));
#911 = DIRECTION('',(2.84217094304E-15,-1.,-0.));
#912 = FACE_BOUND('',#913,.F.);
#913 = EDGE_LOOP('',(#914));
#914 = ORIENTED_EDGE('',*,*,#915,.T.);
#915 = EDGE_CURVE('',#916,#916,#918,.T.);
#916 = VERTEX_POINT('',#917);
#917 = CARTESIAN_POINT('',(68.822937,-70.521786,0.));
#918 = CIRCLE('',#919,0.8);
#919 = AXIS2_PLACEMENT_3D('',#920,#921,#922);
#920 = CARTESIAN_POINT('',(68.822937,-69.721786,0.));
#921 = DIRECTION('',(-0.,0.,-1.));
#922 = DIRECTION('',(-0.,-1.,0.));
#923 = FACE_BOUND('',#924,.F.);
#924 = EDGE_LOOP('',(#925));
#925 = ORIENTED_EDGE('',*,*,#926,.T.);
#926 = EDGE_CURVE('',#927,#927,#929,.T.);
#927 = VERTEX_POINT('',#928);
#928 = CARTESIAN_POINT('',(75.372937,-73.208286,0.));
#929 = CIRCLE('',#930,0.15);
#930 = AXIS2_PLACEMENT_3D('',#931,#932,#933);
#931 = CARTESIAN_POINT('',(75.372937,-73.058286,0.));
#932 = DIRECTION('',(-0.,0.,-1.));
#933 = DIRECTION('',(-9.473903143469E-14,-1.,0.));
#934 = FACE_BOUND('',#935,.F.);
#935 = EDGE_LOOP('',(#936));
#936 = ORIENTED_EDGE('',*,*,#937,.T.);
#937 = EDGE_CURVE('',#938,#938,#940,.T.);
#938 = VERTEX_POINT('',#939);
#939 = CARTESIAN_POINT('',(77.372937,-71.808286,0.));
#940 = CIRCLE('',#941,0.95);
#941 = AXIS2_PLACEMENT_3D('',#942,#943,#944);
#942 = CARTESIAN_POINT('',(77.372937,-70.858286,0.));
#943 = DIRECTION('',(-0.,0.,-1.));
#944 = DIRECTION('',(-1.495879443705E-14,-1.,0.));
#945 = FACE_BOUND('',#946,.F.);
#946 = EDGE_LOOP('',(#947));
#947 = ORIENTED_EDGE('',*,*,#948,.T.);
#948 = EDGE_CURVE('',#949,#949,#951,.T.);
#949 = VERTEX_POINT('',#950);
#950 = CARTESIAN_POINT('',(69.322937,-65.521786,0.));
#951 = CIRCLE('',#952,0.95);
#952 = AXIS2_PLACEMENT_3D('',#953,#954,#955);
#953 = CARTESIAN_POINT('',(69.322937,-64.571786,0.));
#954 = DIRECTION('',(-0.,0.,-1.));
#955 = DIRECTION('',(-0.,-1.,0.));
#956 = FACE_BOUND('',#957,.F.);
#957 = EDGE_LOOP('',(#958));
#958 = ORIENTED_EDGE('',*,*,#959,.T.);
#959 = EDGE_CURVE('',#960,#960,#962,.T.);
#960 = VERTEX_POINT('',#961);
#961 = CARTESIAN_POINT('',(77.872937,-68.608286,0.));
#962 = CIRCLE('',#963,1.5);
#963 = AXIS2_PLACEMENT_3D('',#964,#965,#966);
#964 = CARTESIAN_POINT('',(77.872937,-67.108286,0.));
#965 = DIRECTION('',(-0.,0.,-1.));
#966 = DIRECTION('',(-0.,-1.,0.));
#967 = FACE_BOUND('',#968,.F.);
#968 = EDGE_LOOP('',(#969));
#969 = ORIENTED_EDGE('',*,*,#970,.T.);
#970 = EDGE_CURVE('',#971,#971,#973,.T.);
#971 = VERTEX_POINT('',#972);
#972 = CARTESIAN_POINT('',(84.897937,-97.153786,0.));
#973 = CIRCLE('',#974,0.15);
#974 = AXIS2_PLACEMENT_3D('',#975,#976,#977);
#975 = CARTESIAN_POINT('',(84.897937,-97.003786,0.));
#976 = DIRECTION('',(-0.,0.,-1.));
#977 = DIRECTION('',(-0.,-1.,0.));
#978 = FACE_BOUND('',#979,.F.);
#979 = EDGE_LOOP('',(#980));
#980 = ORIENTED_EDGE('',*,*,#981,.T.);
#981 = EDGE_CURVE('',#982,#982,#984,.T.);
#982 = VERTEX_POINT('',#983);
#983 = CARTESIAN_POINT('',(87.397937,-97.953786,0.));
#984 = CIRCLE('',#985,0.8);
#985 = AXIS2_PLACEMENT_3D('',#986,#987,#988);
#986 = CARTESIAN_POINT('',(87.397937,-97.153786,0.));
#987 = DIRECTION('',(-0.,0.,-1.));
#988 = DIRECTION('',(-0.,-1.,0.));
#989 = FACE_BOUND('',#990,.F.);
#990 = EDGE_LOOP('',(#991));
#991 = ORIENTED_EDGE('',*,*,#992,.T.);
#992 = EDGE_CURVE('',#993,#993,#995,.T.);
#993 = VERTEX_POINT('',#994);
#994 = CARTESIAN_POINT('',(97.397937,-97.953786,0.));
#995 = CIRCLE('',#996,0.8);
#996 = AXIS2_PLACEMENT_3D('',#997,#998,#999);
#997 = CARTESIAN_POINT('',(97.397937,-97.153786,0.));
#998 = DIRECTION('',(-0.,0.,-1.));
#999 = DIRECTION('',(-0.,-1.,0.));
#1000 = FACE_BOUND('',#1001,.F.);
#1001 = EDGE_LOOP('',(#1002));
#1002 = ORIENTED_EDGE('',*,*,#1003,.T.);
#1003 = EDGE_CURVE('',#1004,#1004,#1006,.T.);
#1004 = VERTEX_POINT('',#1005);
#1005 = CARTESIAN_POINT('',(106.958695,-98.670968,0.));
#1006 = CIRCLE('',#1007,0.8);
#1007 = AXIS2_PLACEMENT_3D('',#1008,#1009,#1010);
#1008 = CARTESIAN_POINT('',(106.958695,-97.870968,0.));
#1009 = DIRECTION('',(-0.,0.,-1.));
#1010 = DIRECTION('',(-0.,-1.,0.));
#1011 = FACE_BOUND('',#1012,.F.);
#1012 = EDGE_LOOP('',(#1013));
#1013 = ORIENTED_EDGE('',*,*,#1014,.T.);
#1014 = EDGE_CURVE('',#1015,#1015,#1017,.T.);
#1015 = VERTEX_POINT('',#1016);
#1016 = CARTESIAN_POINT('',(104.517983,-97.459341,0.));
#1017 = CIRCLE('',#1018,0.15);
#1018 = AXIS2_PLACEMENT_3D('',#1019,#1020,#1021);
#1019 = CARTESIAN_POINT('',(104.517983,-97.309341,0.));
#1020 = DIRECTION('',(-0.,0.,-1.));
#1021 = DIRECTION('',(-0.,-1.,0.));
#1022 = FACE_BOUND('',#1023,.F.);
#1023 = EDGE_LOOP('',(#1024));
#1024 = ORIENTED_EDGE('',*,*,#1025,.T.);
#1025 = EDGE_CURVE('',#1026,#1026,#1028,.T.);
#1026 = VERTEX_POINT('',#1027);
#1027 = CARTESIAN_POINT('',(84.897937,-94.353786,0.));
#1028 = CIRCLE('',#1029,0.15);
#1029 = AXIS2_PLACEMENT_3D('',#1030,#1031,#1032);
#1030 = CARTESIAN_POINT('',(84.897937,-94.203786,0.));
#1031 = DIRECTION('',(-0.,0.,-1.));
#1032 = DIRECTION('',(-0.,-1.,0.));
#1033 = FACE_BOUND('',#1034,.F.);
#1034 = EDGE_LOOP('',(#1035));
#1035 = ORIENTED_EDGE('',*,*,#1036,.T.);
#1036 = EDGE_CURVE('',#1037,#1037,#1039,.T.);
#1037 = VERTEX_POINT('',#1038);
#1038 = CARTESIAN_POINT('',(86.897937,-92.953786,0.));
#1039 = CIRCLE('',#1040,0.95);
#1040 = AXIS2_PLACEMENT_3D('',#1041,#1042,#1043);
#1041 = CARTESIAN_POINT('',(86.897937,-92.003786,0.));
#1042 = DIRECTION('',(-0.,0.,-1.));
#1043 = DIRECTION('',(-0.,-1.,0.));
#1044 = FACE_BOUND('',#1045,.F.);
#1045 = EDGE_LOOP('',(#1046));
#1046 = ORIENTED_EDGE('',*,*,#1047,.T.);
#1047 = EDGE_CURVE('',#1048,#1048,#1050,.T.);
#1048 = VERTEX_POINT('',#1049);
#1049 = CARTESIAN_POINT('',(92.397937,-94.503786,0.));
#1050 = CIRCLE('',#1051,2.5);
#1051 = AXIS2_PLACEMENT_3D('',#1052,#1053,#1054);
#1052 = CARTESIAN_POINT('',(92.397937,-92.003786,0.));
#1053 = DIRECTION('',(-0.,0.,-1.));
#1054 = DIRECTION('',(-0.,-1.,0.));
#1055 = FACE_BOUND('',#1056,.F.);
#1056 = EDGE_LOOP('',(#1057));
#1057 = ORIENTED_EDGE('',*,*,#1058,.T.);
#1058 = EDGE_CURVE('',#1059,#1059,#1061,.T.);
#1059 = VERTEX_POINT('',#1060);
#1060 = CARTESIAN_POINT('',(87.397937,-89.753786,0.));
#1061 = CIRCLE('',#1062,1.5);
#1062 = AXIS2_PLACEMENT_3D('',#1063,#1064,#1065);
#1063 = CARTESIAN_POINT('',(87.397937,-88.253786,0.));
#1064 = DIRECTION('',(-0.,0.,-1.));
#1065 = DIRECTION('',(-0.,-1.,0.));
#1066 = FACE_BOUND('',#1067,.F.);
#1067 = EDGE_LOOP('',(#1068));
#1068 = ORIENTED_EDGE('',*,*,#1069,.T.);
#1069 = EDGE_CURVE('',#1070,#1070,#1072,.T.);
#1070 = VERTEX_POINT('',#1071);
#1071 = CARTESIAN_POINT('',(92.397937,-87.553786,0.));
#1072 = CIRCLE('',#1073,1.5);
#1073 = AXIS2_PLACEMENT_3D('',#1074,#1075,#1076);
#1074 = CARTESIAN_POINT('',(92.397937,-86.053786,0.));
#1075 = DIRECTION('',(-0.,0.,-1.));
#1076 = DIRECTION('',(-0.,-1.,0.));
#1077 = FACE_BOUND('',#1078,.F.);
#1078 = EDGE_LOOP('',(#1079));
#1079 = ORIENTED_EDGE('',*,*,#1080,.T.);
#1080 = EDGE_CURVE('',#1081,#1081,#1083,.T.);
#1081 = VERTEX_POINT('',#1082);
#1082 = CARTESIAN_POINT('',(97.897937,-92.953786,0.));
#1083 = CIRCLE('',#1084,0.95);
#1084 = AXIS2_PLACEMENT_3D('',#1085,#1086,#1087);
#1085 = CARTESIAN_POINT('',(97.897937,-92.003786,0.));
#1086 = DIRECTION('',(-0.,0.,-1.));
#1087 = DIRECTION('',(-0.,-1.,0.));
#1088 = FACE_BOUND('',#1089,.F.);
#1089 = EDGE_LOOP('',(#1090));
#1090 = ORIENTED_EDGE('',*,*,#1091,.T.);
#1091 = EDGE_CURVE('',#1092,#1092,#1094,.T.);
#1092 = VERTEX_POINT('',#1093);
#1093 = CARTESIAN_POINT('',(104.981321,-94.697943,0.));
#1094 = CIRCLE('',#1095,0.15);
#1095 = AXIS2_PLACEMENT_3D('',#1096,#1097,#1098);
#1096 = CARTESIAN_POINT('',(104.981321,-94.547943,0.));
#1097 = DIRECTION('',(-0.,0.,-1.));
#1098 = DIRECTION('',(-9.473903143468E-14,-1.,0.));
#1099 = FACE_BOUND('',#1100,.F.);
#1100 = EDGE_LOOP('',(#1101));
#1101 = ORIENTED_EDGE('',*,*,#1102,.T.);
#1102 = EDGE_CURVE('',#1103,#1103,#1105,.T.);
#1103 = VERTEX_POINT('',#1104);
#1104 = CARTESIAN_POINT('',(107.3178,-93.659229,0.));
#1105 = CIRCLE('',#1106,0.95);
#1106 = AXIS2_PLACEMENT_3D('',#1107,#1108,#1109);
#1107 = CARTESIAN_POINT('',(107.3178,-92.709229,0.));
#1108 = DIRECTION('',(-0.,0.,-1.));
#1109 = DIRECTION('',(-0.,-1.,0.));
#1110 = FACE_BOUND('',#1111,.F.);
#1111 = EDGE_LOOP('',(#1112));
#1112 = ORIENTED_EDGE('',*,*,#1113,.T.);
#1113 = EDGE_CURVE('',#1114,#1114,#1116,.T.);
#1114 = VERTEX_POINT('',#1115);
#1115 = CARTESIAN_POINT('',(97.397937,-89.753786,0.));
#1116 = CIRCLE('',#1117,1.5);
#1117 = AXIS2_PLACEMENT_3D('',#1118,#1119,#1120);
#1118 = CARTESIAN_POINT('',(97.397937,-88.253786,0.));
#1119 = DIRECTION('',(-0.,0.,-1.));
#1120 = DIRECTION('',(-0.,-1.,0.));
#1121 = FACE_BOUND('',#1122,.F.);
#1122 = EDGE_LOOP('',(#1123));
#1123 = ORIENTED_EDGE('',*,*,#1124,.T.);
#1124 = EDGE_CURVE('',#1125,#1125,#1127,.T.);
#1125 = VERTEX_POINT('',#1126);
#1126 = CARTESIAN_POINT('',(108.431449,-90.593668,0.));
#1127 = CIRCLE('',#1128,1.5);
#1128 = AXIS2_PLACEMENT_3D('',#1129,#1130,#1131);
#1129 = CARTESIAN_POINT('',(108.431449,-89.093668,0.));
#1130 = DIRECTION('',(-0.,0.,-1.));
#1131 = DIRECTION('',(-0.,-1.,0.));
#1132 = FACE_BOUND('',#1133,.F.);
#1133 = EDGE_LOOP('',(#1134));
#1134 = ORIENTED_EDGE('',*,*,#1135,.T.);
#1135 = EDGE_CURVE('',#1136,#1136,#1138,.T.);
#1136 = VERTEX_POINT('',#1137);
#1137 = CARTESIAN_POINT('',(123.954633,-101.107711,0.));
#1138 = CIRCLE('',#1139,0.15);
#1139 = AXIS2_PLACEMENT_3D('',#1140,#1141,#1142);
#1140 = CARTESIAN_POINT('',(123.954633,-100.957711,0.));
#1141 = DIRECTION('',(-0.,0.,-1.));
#1142 = DIRECTION('',(-0.,-1.,0.));
#1143 = FACE_BOUND('',#1144,.F.);
#1144 = EDGE_LOOP('',(#1145));
#1145 = ORIENTED_EDGE('',*,*,#1146,.T.);
#1146 = EDGE_CURVE('',#1147,#1147,#1149,.T.);
#1147 = VERTEX_POINT('',#1148);
#1148 = CARTESIAN_POINT('',(116.82083,-100.325747,0.));
#1149 = CIRCLE('',#1150,0.8);
#1150 = AXIS2_PLACEMENT_3D('',#1151,#1152,#1153);
#1151 = CARTESIAN_POINT('',(116.82083,-99.525747,0.));
#1152 = DIRECTION('',(-0.,0.,-1.));
#1153 = DIRECTION('',(-0.,-1.,0.));
#1154 = FACE_BOUND('',#1155,.F.);
#1155 = EDGE_LOOP('',(#1156));
#1156 = ORIENTED_EDGE('',*,*,#1157,.T.);
#1157 = EDGE_CURVE('',#1158,#1158,#1160,.T.);
#1158 = VERTEX_POINT('',#1159);
#1159 = CARTESIAN_POINT('',(124.868533,-98.461055,0.));
#1160 = CIRCLE('',#1161,0.15);
#1161 = AXIS2_PLACEMENT_3D('',#1162,#1163,#1164);
#1162 = CARTESIAN_POINT('',(124.868533,-98.311055,0.));
#1163 = DIRECTION('',(-0.,0.,-1.));
#1164 = DIRECTION('',(-0.,-1.,0.));
#1165 = FACE_BOUND('',#1166,.F.);
#1166 = EDGE_LOOP('',(#1167));
#1167 = ORIENTED_EDGE('',*,*,#1168,.T.);
#1168 = EDGE_CURVE('',#1169,#1169,#1171,.T.);
#1169 = VERTEX_POINT('',#1170);
#1170 = CARTESIAN_POINT('',(126.268759,-102.715478,0.));
#1171 = CIRCLE('',#1172,0.8);
#1172 = AXIS2_PLACEMENT_3D('',#1173,#1174,#1175);
#1173 = CARTESIAN_POINT('',(126.268759,-101.915478,0.));
#1174 = DIRECTION('',(-0.,0.,-1.));
#1175 = DIRECTION('',(-0.,-1.,0.));
#1176 = FACE_BOUND('',#1177,.F.);
#1177 = EDGE_LOOP('',(#1178));
#1178 = ORIENTED_EDGE('',*,*,#1179,.T.);
#1179 = EDGE_CURVE('',#1180,#1180,#1182,.T.);
#1180 = VERTEX_POINT('',#1181);
#1181 = CARTESIAN_POINT('',(135.7211,-105.979409,0.));
#1182 = CIRCLE('',#1183,0.8);
#1183 = AXIS2_PLACEMENT_3D('',#1184,#1185,#1186);
#1184 = CARTESIAN_POINT('',(135.7211,-105.179409,0.));
#1185 = DIRECTION('',(-0.,0.,-1.));
#1186 = DIRECTION('',(3.5527136788E-14,-1.,-0.));
#1187 = FACE_BOUND('',#1188,.F.);
#1188 = EDGE_LOOP('',(#1189));
#1189 = ORIENTED_EDGE('',*,*,#1190,.T.);
#1190 = EDGE_CURVE('',#1191,#1191,#1193,.T.);
#1191 = VERTEX_POINT('',#1192);
#1192 = CARTESIAN_POINT('',(127.477066,-97.834326,0.));
#1193 = CIRCLE('',#1194,0.95);
#1194 = AXIS2_PLACEMENT_3D('',#1195,#1196,#1197);
#1195 = CARTESIAN_POINT('',(127.477066,-96.884326,0.));
#1196 = DIRECTION('',(-0.,0.,-1.));
#1197 = DIRECTION('',(-1.495879443705E-14,-1.,0.));
#1198 = FACE_BOUND('',#1199,.F.);
#1199 = EDGE_LOOP('',(#1200));
#1200 = ORIENTED_EDGE('',*,*,#1201,.T.);
#1201 = EDGE_CURVE('',#1202,#1202,#1204,.T.);
#1202 = VERTEX_POINT('',#1203);
#1203 = CARTESIAN_POINT('',(132.675854,-101.179488,0.));
#1204 = CIRCLE('',#1205,2.5);
#1205 = AXIS2_PLACEMENT_3D('',#1206,#1207,#1208);
#1206 = CARTESIAN_POINT('',(132.675854,-98.679488,0.));
#1207 = DIRECTION('',(-0.,0.,-1.));
#1208 = DIRECTION('',(-0.,-1.,0.));
#1209 = FACE_BOUND('',#1210,.F.);
#1210 = EDGE_LOOP('',(#1211));
#1211 = ORIENTED_EDGE('',*,*,#1212,.T.);
#1212 = EDGE_CURVE('',#1213,#1213,#1215,.T.);
#1213 = VERTEX_POINT('',#1214);
#1214 = CARTESIAN_POINT('',(137.874642,-101.42465,0.));
#1215 = CIRCLE('',#1216,0.95);
#1216 = AXIS2_PLACEMENT_3D('',#1217,#1218,#1219);
#1217 = CARTESIAN_POINT('',(137.874642,-100.47465,0.));
#1218 = DIRECTION('',(-0.,0.,-1.));
#1219 = DIRECTION('',(-0.,-1.,0.));
#1220 = FACE_BOUND('',#1221,.F.);
#1221 = EDGE_LOOP('',(#1222));
#1222 = ORIENTED_EDGE('',*,*,#1223,.T.);
#1223 = EDGE_CURVE('',#1224,#1224,#1226,.T.);
#1224 = VERTEX_POINT('',#1225);
#1225 = CARTESIAN_POINT('',(138.625999,-98.266826,0.));
#1226 = CIRCLE('',#1227,1.5);
#1227 = AXIS2_PLACEMENT_3D('',#1228,#1229,#1230);
#1228 = CARTESIAN_POINT('',(138.625999,-96.766826,0.));
#1229 = DIRECTION('',(-0.,0.,-1.));
#1230 = DIRECTION('',(-0.,-1.,0.));
#1231 = FACE_BOUND('',#1232,.F.);
#1232 = EDGE_LOOP('',(#1233));
#1233 = ORIENTED_EDGE('',*,*,#1234,.T.);
#1234 = EDGE_CURVE('',#1235,#1235,#1237,.T.);
#1235 = VERTEX_POINT('',#1236);
#1236 = CARTESIAN_POINT('',(112.741974,-96.119358,0.));
#1237 = CIRCLE('',#1238,2.5);
#1238 = AXIS2_PLACEMENT_3D('',#1239,#1240,#1241);
#1239 = CARTESIAN_POINT('',(112.741974,-93.619358,0.));
#1240 = DIRECTION('',(-0.,0.,-1.));
#1241 = DIRECTION('',(-0.,-1.,0.));
#1242 = FACE_BOUND('',#1243,.F.);
#1243 = EDGE_LOOP('',(#1244));
#1244 = ORIENTED_EDGE('',*,*,#1245,.T.);
#1245 = EDGE_CURVE('',#1246,#1246,#1248,.T.);
#1246 = VERTEX_POINT('',#1247);
#1247 = CARTESIAN_POINT('',(118.166148,-95.479487,0.));
#1248 = CIRCLE('',#1249,0.95);
#1249 = AXIS2_PLACEMENT_3D('',#1250,#1251,#1252);
#1250 = CARTESIAN_POINT('',(118.166148,-94.529487,0.));
#1251 = DIRECTION('',(-0.,0.,-1.));
#1252 = DIRECTION('',(1.495879443705E-14,-1.,-0.));
#1253 = FACE_BOUND('',#1254,.F.);
#1254 = EDGE_LOOP('',(#1255));
#1255 = ORIENTED_EDGE('',*,*,#1256,.T.);
#1256 = EDGE_CURVE('',#1257,#1257,#1259,.T.);
#1257 = VERTEX_POINT('',#1258);
#1258 = CARTESIAN_POINT('',(118.293584,-92.248447,0.));
#1259 = CIRCLE('',#1260,1.5);
#1260 = AXIS2_PLACEMENT_3D('',#1261,#1262,#1263);
#1261 = CARTESIAN_POINT('',(118.293584,-90.748447,0.));
#1262 = DIRECTION('',(-0.,0.,-1.));
#1263 = DIRECTION('',(-0.,-1.,0.));
#1264 = FACE_BOUND('',#1265,.F.);
#1265 = EDGE_LOOP('',(#1266));
#1266 = ORIENTED_EDGE('',*,*,#1267,.T.);
#1267 = EDGE_CURVE('',#1268,#1268,#1270,.T.);
#1268 = VERTEX_POINT('',#1269);
#1269 = CARTESIAN_POINT('',(113.726568,-89.251388,0.));
#1270 = CIRCLE('',#1271,1.5);
#1271 = AXIS2_PLACEMENT_3D('',#1272,#1273,#1274);
#1272 = CARTESIAN_POINT('',(113.726568,-87.751388,0.));
#1273 = DIRECTION('',(-0.,0.,-1.));
#1274 = DIRECTION('',(-0.,-1.,0.));
#1275 = FACE_BOUND('',#1276,.F.);
#1276 = EDGE_LOOP('',(#1277));
#1277 = ORIENTED_EDGE('',*,*,#1278,.T.);
#1278 = EDGE_CURVE('',#1279,#1279,#1281,.T.);
#1279 = VERTEX_POINT('',#1280);
#1280 = CARTESIAN_POINT('',(129.173658,-95.002894,0.));
#1281 = CIRCLE('',#1282,1.5);
#1282 = AXIS2_PLACEMENT_3D('',#1283,#1284,#1285);
#1283 = CARTESIAN_POINT('',(129.173658,-93.502894,0.));
#1284 = DIRECTION('',(-0.,0.,-1.));
#1285 = DIRECTION('',(-0.,-1.,0.));
#1286 = FACE_BOUND('',#1287,.F.);
#1287 = EDGE_LOOP('',(#1288));
#1288 = ORIENTED_EDGE('',*,*,#1289,.T.);
#1289 = EDGE_CURVE('',#1290,#1290,#1292,.T.);
#1290 = VERTEX_POINT('',#1291);
#1291 = CARTESIAN_POINT('',(134.617893,-94.555345,0.));
#1292 = CIRCLE('',#1293,1.5);
#1293 = AXIS2_PLACEMENT_3D('',#1294,#1295,#1296);
#1294 = CARTESIAN_POINT('',(134.617893,-93.055345,0.));
#1295 = DIRECTION('',(-0.,0.,-1.));
#1296 = DIRECTION('',(-0.,-1.,0.));
#1297 = FACE_BOUND('',#1298,.F.);
#1298 = EDGE_LOOP('',(#1299));
#1299 = ORIENTED_EDGE('',*,*,#1300,.T.);
#1300 = EDGE_CURVE('',#1301,#1301,#1303,.T.);
#1301 = VERTEX_POINT('',#1302);
#1302 = CARTESIAN_POINT('',(87.872937,-76.808286,0.));
#1303 = CIRCLE('',#1304,0.8);
#1304 = AXIS2_PLACEMENT_3D('',#1305,#1306,#1307);
#1305 = CARTESIAN_POINT('',(87.872937,-76.008286,0.));
#1306 = DIRECTION('',(-0.,0.,-1.));
#1307 = DIRECTION('',(-1.7763568394E-14,-1.,0.));
#1308 = FACE_BOUND('',#1309,.F.);
#1309 = EDGE_LOOP('',(#1310));
#1310 = ORIENTED_EDGE('',*,*,#1311,.T.);
#1311 = EDGE_CURVE('',#1312,#1312,#1314,.T.);
#1312 = VERTEX_POINT('',#1313);
#1313 = CARTESIAN_POINT('',(94.422937,-78.103786,0.));
#1314 = CIRCLE('',#1315,0.15);
#1315 = AXIS2_PLACEMENT_3D('',#1316,#1317,#1318);
#1316 = CARTESIAN_POINT('',(94.422937,-77.953786,0.));
#1317 = DIRECTION('',(-0.,0.,-1.));
#1318 = DIRECTION('',(9.473903143467E-14,-1.,-0.));
#1319 = FACE_BOUND('',#1320,.F.);
#1320 = EDGE_LOOP('',(#1321));
#1321 = ORIENTED_EDGE('',*,*,#1322,.T.);
#1322 = EDGE_CURVE('',#1323,#1323,#1325,.T.);
#1323 = VERTEX_POINT('',#1324);
#1324 = CARTESIAN_POINT('',(96.922937,-78.903786,0.));
#1325 = CIRCLE('',#1326,0.8);
#1326 = AXIS2_PLACEMENT_3D('',#1327,#1328,#1329);
#1327 = CARTESIAN_POINT('',(96.922937,-78.103786,0.));
#1328 = DIRECTION('',(-0.,0.,-1.));
#1329 = DIRECTION('',(1.7763568394E-14,-1.,-0.));
#1330 = FACE_BOUND('',#1331,.F.);
#1331 = EDGE_LOOP('',(#1332));
#1332 = ORIENTED_EDGE('',*,*,#1333,.T.);
#1333 = EDGE_CURVE('',#1334,#1334,#1336,.T.);
#1334 = VERTEX_POINT('',#1335);
#1335 = CARTESIAN_POINT('',(94.422937,-75.303786,0.));
#1336 = CIRCLE('',#1337,0.15);
#1337 = AXIS2_PLACEMENT_3D('',#1338,#1339,#1340);
#1338 = CARTESIAN_POINT('',(94.422937,-75.153786,0.));
#1339 = DIRECTION('',(-0.,0.,-1.));
#1340 = DIRECTION('',(9.473903143467E-14,-1.,-0.));
#1341 = FACE_BOUND('',#1342,.F.);
#1342 = EDGE_LOOP('',(#1343));
#1343 = ORIENTED_EDGE('',*,*,#1344,.T.);
#1344 = EDGE_CURVE('',#1345,#1345,#1347,.T.);
#1345 = VERTEX_POINT('',#1346);
#1346 = CARTESIAN_POINT('',(106.922937,-78.903786,0.));
#1347 = CIRCLE('',#1348,0.8);
#1348 = AXIS2_PLACEMENT_3D('',#1349,#1350,#1351);
#1349 = CARTESIAN_POINT('',(106.922937,-78.103786,0.));
#1350 = DIRECTION('',(-0.,0.,-1.));
#1351 = DIRECTION('',(1.7763568394E-14,-1.,-0.));
#1352 = FACE_BOUND('',#1353,.F.);
#1353 = EDGE_LOOP('',(#1354));
#1354 = ORIENTED_EDGE('',*,*,#1355,.T.);
#1355 = EDGE_CURVE('',#1356,#1356,#1358,.T.);
#1356 = VERTEX_POINT('',#1357);
#1357 = CARTESIAN_POINT('',(82.872937,-73.358286,0.));
#1358 = CIRCLE('',#1359,2.5);
#1359 = AXIS2_PLACEMENT_3D('',#1360,#1361,#1362);
#1360 = CARTESIAN_POINT('',(82.872937,-70.858286,0.));
#1361 = DIRECTION('',(-0.,0.,-1.));
#1362 = DIRECTION('',(-0.,-1.,0.));
#1363 = FACE_BOUND('',#1364,.F.);
#1364 = EDGE_LOOP('',(#1365));
#1365 = ORIENTED_EDGE('',*,*,#1366,.T.);
#1366 = EDGE_CURVE('',#1367,#1367,#1369,.T.);
#1367 = VERTEX_POINT('',#1368);
#1368 = CARTESIAN_POINT('',(88.372937,-71.808286,0.));
#1369 = CIRCLE('',#1370,0.95);
#1370 = AXIS2_PLACEMENT_3D('',#1371,#1372,#1373);
#1371 = CARTESIAN_POINT('',(88.372937,-70.858286,0.));
#1372 = DIRECTION('',(-0.,0.,-1.));
#1373 = DIRECTION('',(-1.495879443705E-14,-1.,0.));
#1374 = FACE_BOUND('',#1375,.F.);
#1375 = EDGE_LOOP('',(#1376));
#1376 = ORIENTED_EDGE('',*,*,#1377,.T.);
#1377 = EDGE_CURVE('',#1378,#1378,#1380,.T.);
#1378 = VERTEX_POINT('',#1379);
#1379 = CARTESIAN_POINT('',(82.872937,-66.408286,0.));
#1380 = CIRCLE('',#1381,1.5);
#1381 = AXIS2_PLACEMENT_3D('',#1382,#1383,#1384);
#1382 = CARTESIAN_POINT('',(82.872937,-64.908286,0.));
#1383 = DIRECTION('',(-0.,0.,-1.));
#1384 = DIRECTION('',(-0.,-1.,0.));
#1385 = FACE_BOUND('',#1386,.F.);
#1386 = EDGE_LOOP('',(#1387));
#1387 = ORIENTED_EDGE('',*,*,#1388,.T.);
#1388 = EDGE_CURVE('',#1389,#1389,#1391,.T.);
#1389 = VERTEX_POINT('',#1390);
#1390 = CARTESIAN_POINT('',(87.872937,-68.608286,0.));
#1391 = CIRCLE('',#1392,1.5);
#1392 = AXIS2_PLACEMENT_3D('',#1393,#1394,#1395);
#1393 = CARTESIAN_POINT('',(87.872937,-67.108286,0.));
#1394 = DIRECTION('',(-0.,0.,-1.));
#1395 = DIRECTION('',(-0.,-1.,0.));
#1396 = FACE_BOUND('',#1397,.F.);
#1397 = EDGE_LOOP('',(#1398));
#1398 = ORIENTED_EDGE('',*,*,#1399,.T.);
#1399 = EDGE_CURVE('',#1400,#1400,#1402,.T.);
#1400 = VERTEX_POINT('',#1401);
#1401 = CARTESIAN_POINT('',(96.422937,-73.903786,0.));
#1402 = CIRCLE('',#1403,0.95);
#1403 = AXIS2_PLACEMENT_3D('',#1404,#1405,#1406);
#1404 = CARTESIAN_POINT('',(96.422937,-72.953786,0.));
#1405 = DIRECTION('',(-0.,0.,-1.));
#1406 = DIRECTION('',(1.495879443705E-14,-1.,-0.));
#1407 = FACE_BOUND('',#1408,.F.);
#1408 = EDGE_LOOP('',(#1409));
#1409 = ORIENTED_EDGE('',*,*,#1410,.T.);
#1410 = EDGE_CURVE('',#1411,#1411,#1413,.T.);
#1411 = VERTEX_POINT('',#1412);
#1412 = CARTESIAN_POINT('',(101.922937,-75.453786,0.));
#1413 = CIRCLE('',#1414,2.5);
#1414 = AXIS2_PLACEMENT_3D('',#1415,#1416,#1417);
#1415 = CARTESIAN_POINT('',(101.922937,-72.953786,0.));
#1416 = DIRECTION('',(-0.,0.,-1.));
#1417 = DIRECTION('',(-0.,-1.,0.));
#1418 = FACE_BOUND('',#1419,.F.);
#1419 = EDGE_LOOP('',(#1420));
#1420 = ORIENTED_EDGE('',*,*,#1421,.T.);
#1421 = EDGE_CURVE('',#1422,#1422,#1424,.T.);
#1422 = VERTEX_POINT('',#1423);
#1423 = CARTESIAN_POINT('',(96.922937,-70.703786,0.));
#1424 = CIRCLE('',#1425,1.5);
#1425 = AXIS2_PLACEMENT_3D('',#1426,#1427,#1428);
#1426 = CARTESIAN_POINT('',(96.922937,-69.203786,0.));
#1427 = DIRECTION('',(-0.,0.,-1.));
#1428 = DIRECTION('',(-0.,-1.,0.));
#1429 = FACE_BOUND('',#1430,.F.);
#1430 = EDGE_LOOP('',(#1431));
#1431 = ORIENTED_EDGE('',*,*,#1432,.T.);
#1432 = EDGE_CURVE('',#1433,#1433,#1435,.T.);
#1433 = VERTEX_POINT('',#1434);
#1434 = CARTESIAN_POINT('',(107.422937,-73.903786,0.));
#1435 = CIRCLE('',#1436,0.95);
#1436 = AXIS2_PLACEMENT_3D('',#1437,#1438,#1439);
#1437 = CARTESIAN_POINT('',(107.422937,-72.953786,0.));
#1438 = DIRECTION('',(-0.,0.,-1.));
#1439 = DIRECTION('',(1.495879443705E-14,-1.,-0.));
#1440 = FACE_BOUND('',#1441,.F.);
#1441 = EDGE_LOOP('',(#1442));
#1442 = ORIENTED_EDGE('',*,*,#1443,.T.);
#1443 = EDGE_CURVE('',#1444,#1444,#1446,.T.);
#1444 = VERTEX_POINT('',#1445);
#1445 = CARTESIAN_POINT('',(106.922937,-70.703786,0.));
#1446 = CIRCLE('',#1447,1.5);
#1447 = AXIS2_PLACEMENT_3D('',#1448,#1449,#1450);
#1448 = CARTESIAN_POINT('',(106.922937,-69.203786,0.));
#1449 = DIRECTION('',(-0.,0.,-1.));
#1450 = DIRECTION('',(-0.,-1.,0.));
#1451 = FACE_BOUND('',#1452,.F.);
#1452 = EDGE_LOOP('',(#1453));
#1453 = ORIENTED_EDGE('',*,*,#1454,.T.);
#1454 = EDGE_CURVE('',#1455,#1455,#1457,.T.);
#1455 = VERTEX_POINT('',#1456);
#1456 = CARTESIAN_POINT('',(101.922937,-68.503786,0.));
#1457 = CIRCLE('',#1458,1.5);
#1458 = AXIS2_PLACEMENT_3D('',#1459,#1460,#1461);
#1459 = CARTESIAN_POINT('',(101.922937,-67.003786,0.));
#1460 = DIRECTION('',(-0.,0.,-1.));
#1461 = DIRECTION('',(-0.,-1.,0.));
#1462 = FACE_BOUND('',#1463,.F.);
#1463 = EDGE_LOOP('',(#1464));
#1464 = ORIENTED_EDGE('',*,*,#1465,.T.);
#1465 = EDGE_CURVE('',#1466,#1466,#1468,.T.);
#1466 = VERTEX_POINT('',#1467);
#1467 = CARTESIAN_POINT('',(131.922937,-81.328786,0.));
#1468 = CIRCLE('',#1469,0.375);
#1469 = AXIS2_PLACEMENT_3D('',#1470,#1471,#1472);
#1470 = CARTESIAN_POINT('',(131.922937,-80.953786,0.));
#1471 = DIRECTION('',(-0.,0.,-1.));
#1472 = DIRECTION('',(-0.,-1.,0.));
#1473 = FACE_BOUND('',#1474,.F.);
#1474 = EDGE_LOOP('',(#1475));
#1475 = ORIENTED_EDGE('',*,*,#1476,.T.);
#1476 = EDGE_CURVE('',#1477,#1477,#1479,.T.);
#1477 = VERTEX_POINT('',#1478);
#1478 = CARTESIAN_POINT('',(131.922937,-79.328786,0.));
#1479 = CIRCLE('',#1480,0.375);
#1480 = AXIS2_PLACEMENT_3D('',#1481,#1482,#1483);
#1481 = CARTESIAN_POINT('',(131.922937,-78.953786,0.));
#1482 = DIRECTION('',(-0.,0.,-1.));
#1483 = DIRECTION('',(-0.,-1.,0.));
#1484 = FACE_BOUND('',#1485,.F.);
#1485 = EDGE_LOOP('',(#1486));
#1486 = ORIENTED_EDGE('',*,*,#1487,.T.);
#1487 = EDGE_CURVE('',#1488,#1488,#1490,.T.);
#1488 = VERTEX_POINT('',#1489);
#1489 = CARTESIAN_POINT('',(114.922937,-74.053786,0.));
#1490 = CIRCLE('',#1491,1.1);
#1491 = AXIS2_PLACEMENT_3D('',#1492,#1493,#1494);
#1492 = CARTESIAN_POINT('',(114.922937,-72.953786,0.));
#1493 = DIRECTION('',(-0.,0.,-1.));
#1494 = DIRECTION('',(1.2918958832E-14,-1.,-0.));
#1495 = FACE_BOUND('',#1496,.F.);
#1496 = EDGE_LOOP('',(#1497));
#1497 = ORIENTED_EDGE('',*,*,#1498,.T.);
#1498 = EDGE_CURVE('',#1499,#1499,#1501,.T.);
#1499 = VERTEX_POINT('',#1500);
#1500 = CARTESIAN_POINT('',(120.112937,-73.103786,0.));
#1501 = CIRCLE('',#1502,0.5);
#1502 = AXIS2_PLACEMENT_3D('',#1503,#1504,#1505);
#1503 = CARTESIAN_POINT('',(120.112937,-72.603786,0.));
#1504 = DIRECTION('',(-0.,0.,-1.));
#1505 = DIRECTION('',(-0.,-1.,0.));
#1506 = FACE_BOUND('',#1507,.F.);
#1507 = EDGE_LOOP('',(#1508));
#1508 = ORIENTED_EDGE('',*,*,#1509,.T.);
#1509 = EDGE_CURVE('',#1510,#1510,#1512,.T.);
#1510 = VERTEX_POINT('',#1511);
#1511 = CARTESIAN_POINT('',(122.652937,-73.103786,0.));
#1512 = CIRCLE('',#1513,0.5);
#1513 = AXIS2_PLACEMENT_3D('',#1514,#1515,#1516);
#1514 = CARTESIAN_POINT('',(122.652937,-72.603786,0.));
#1515 = DIRECTION('',(-0.,0.,-1.));
#1516 = DIRECTION('',(-0.,-1.,0.));
#1517 = FACE_BOUND('',#1518,.F.);
#1518 = EDGE_LOOP('',(#1519));
#1519 = ORIENTED_EDGE('',*,*,#1520,.T.);
#1520 = EDGE_CURVE('',#1521,#1521,#1523,.T.);
#1521 = VERTEX_POINT('',#1522);
#1522 = CARTESIAN_POINT('',(116.302937,-65.413786,0.));
#1523 = CIRCLE('',#1524,0.5);
#1524 = AXIS2_PLACEMENT_3D('',#1525,#1526,#1527);
#1525 = CARTESIAN_POINT('',(116.302937,-64.913786,0.));
#1526 = DIRECTION('',(-0.,0.,-1.));
#1527 = DIRECTION('',(-0.,-1.,0.));
#1528 = FACE_BOUND('',#1529,.F.);
#1529 = EDGE_LOOP('',(#1530));
#1530 = ORIENTED_EDGE('',*,*,#1531,.T.);
#1531 = EDGE_CURVE('',#1532,#1532,#1534,.T.);
#1532 = VERTEX_POINT('',#1533);
#1533 = CARTESIAN_POINT('',(120.660937,-65.113786,0.));
#1534 = CIRCLE('',#1535,0.2);
#1535 = AXIS2_PLACEMENT_3D('',#1536,#1537,#1538);
#1536 = CARTESIAN_POINT('',(120.660937,-64.913786,0.));
#1537 = DIRECTION('',(-0.,0.,-1.));
#1538 = DIRECTION('',(-0.,-1.,0.));
#1539 = FACE_BOUND('',#1540,.F.);
#1540 = EDGE_LOOP('',(#1541));
#1541 = ORIENTED_EDGE('',*,*,#1542,.T.);
#1542 = EDGE_CURVE('',#1543,#1543,#1545,.T.);
#1543 = VERTEX_POINT('',#1544);
#1544 = CARTESIAN_POINT('',(125.192937,-73.103786,0.));
#1545 = CIRCLE('',#1546,0.5);
#1546 = AXIS2_PLACEMENT_3D('',#1547,#1548,#1549);
#1547 = CARTESIAN_POINT('',(125.192937,-72.603786,0.));
#1548 = DIRECTION('',(-0.,0.,-1.));
#1549 = DIRECTION('',(-0.,-1.,0.));
#1550 = FACE_BOUND('',#1551,.F.);
#1551 = EDGE_LOOP('',(#1552));
#1552 = ORIENTED_EDGE('',*,*,#1553,.T.);
#1553 = EDGE_CURVE('',#1554,#1554,#1556,.T.);
#1554 = VERTEX_POINT('',#1555);
#1555 = CARTESIAN_POINT('',(127.732937,-73.103786,0.));
#1556 = CIRCLE('',#1557,0.5);
#1557 = AXIS2_PLACEMENT_3D('',#1558,#1559,#1560);
#1558 = CARTESIAN_POINT('',(127.732937,-72.603786,0.));
#1559 = DIRECTION('',(-0.,0.,-1.));
#1560 = DIRECTION('',(2.84217094304E-14,-1.,-0.));
#1561 = FACE_BOUND('',#1562,.F.);
#1562 = EDGE_LOOP('',(#1563));
#1563 = ORIENTED_EDGE('',*,*,#1564,.T.);
#1564 = EDGE_CURVE('',#1565,#1565,#1567,.T.);
#1565 = VERTEX_POINT('',#1566);
#1566 = CARTESIAN_POINT('',(132.922937,-74.053786,0.));
#1567 = CIRCLE('',#1568,1.1);
#1568 = AXIS2_PLACEMENT_3D('',#1569,#1570,#1571);
#1569 = CARTESIAN_POINT('',(132.922937,-72.953786,0.));
#1570 = DIRECTION('',(-0.,0.,-1.));
#1571 = DIRECTION('',(-0.,-1.,0.));
#1572 = FACE_BOUND('',#1573,.F.);
#1573 = EDGE_LOOP('',(#1574));
#1574 = ORIENTED_EDGE('',*,*,#1575,.T.);
#1575 = EDGE_CURVE('',#1576,#1576,#1578,.T.);
#1576 = VERTEX_POINT('',#1577);
#1577 = CARTESIAN_POINT('',(127.184937,-65.113786,0.));
#1578 = CIRCLE('',#1579,0.2);
#1579 = AXIS2_PLACEMENT_3D('',#1580,#1581,#1582);
#1580 = CARTESIAN_POINT('',(127.184937,-64.913786,0.));
#1581 = DIRECTION('',(-0.,0.,-1.));
#1582 = DIRECTION('',(7.105427357601E-14,-1.,-0.));
#1583 = FACE_BOUND('',#1584,.F.);
#1584 = EDGE_LOOP('',(#1585));
#1585 = ORIENTED_EDGE('',*,*,#1586,.T.);
#1586 = EDGE_CURVE('',#1587,#1587,#1589,.T.);
#1587 = VERTEX_POINT('',#1588);
#1588 = CARTESIAN_POINT('',(131.542937,-65.413786,0.));
#1589 = CIRCLE('',#1590,0.5);
#1590 = AXIS2_PLACEMENT_3D('',#1591,#1592,#1593);
#1591 = CARTESIAN_POINT('',(131.542937,-64.913786,0.));
#1592 = DIRECTION('',(-0.,0.,-1.));
#1593 = DIRECTION('',(-0.,-1.,0.));
#1594 = FACE_BOUND('',#1595,.F.);
#1595 = EDGE_LOOP('',(#1596));
#1596 = ORIENTED_EDGE('',*,*,#1597,.T.);
#1597 = EDGE_CURVE('',#1598,#1598,#1600,.T.);
#1598 = VERTEX_POINT('',#1599);
#1599 = CARTESIAN_POINT('',(18.222937,-60.825786,0.));
#1600 = CIRCLE('',#1601,0.15);
#1601 = AXIS2_PLACEMENT_3D('',#1602,#1603,#1604);
#1602 = CARTESIAN_POINT('',(18.222937,-60.675786,0.));
#1603 = DIRECTION('',(-0.,0.,-1.));
#1604 = DIRECTION('',(-0.,-1.,0.));
#1605 = FACE_BOUND('',#1606,.F.);
#1606 = EDGE_LOOP('',(#1607));
#1607 = ORIENTED_EDGE('',*,*,#1608,.T.);
#1608 = EDGE_CURVE('',#1609,#1609,#1611,.T.);
#1609 = VERTEX_POINT('',#1610);
#1610 = CARTESIAN_POINT('',(20.222937,-59.425786,0.));
#1611 = CIRCLE('',#1612,0.95);
#1612 = AXIS2_PLACEMENT_3D('',#1613,#1614,#1615);
#1613 = CARTESIAN_POINT('',(20.222937,-58.475786,0.));
#1614 = DIRECTION('',(-0.,0.,-1.));
#1615 = DIRECTION('',(-0.,-1.,0.));
#1616 = FACE_BOUND('',#1617,.F.);
#1617 = EDGE_LOOP('',(#1618));
#1618 = ORIENTED_EDGE('',*,*,#1619,.T.);
#1619 = EDGE_CURVE('',#1620,#1620,#1622,.T.);
#1620 = VERTEX_POINT('',#1621);
#1621 = CARTESIAN_POINT('',(25.722937,-60.975786,0.));
#1622 = CIRCLE('',#1623,2.5);
#1623 = AXIS2_PLACEMENT_3D('',#1624,#1625,#1626);
#1624 = CARTESIAN_POINT('',(25.722937,-58.475786,0.));
#1625 = DIRECTION('',(-0.,0.,-1.));
#1626 = DIRECTION('',(-0.,-1.,0.));
#1627 = FACE_BOUND('',#1628,.F.);
#1628 = EDGE_LOOP('',(#1629));
#1629 = ORIENTED_EDGE('',*,*,#1630,.T.);
#1630 = EDGE_CURVE('',#1631,#1631,#1633,.T.);
#1631 = VERTEX_POINT('',#1632);
#1632 = CARTESIAN_POINT('',(31.222937,-59.425786,0.));
#1633 = CIRCLE('',#1634,0.95);
#1634 = AXIS2_PLACEMENT_3D('',#1635,#1636,#1637);
#1635 = CARTESIAN_POINT('',(31.222937,-58.475786,0.));
#1636 = DIRECTION('',(-0.,0.,-1.));
#1637 = DIRECTION('',(3.739698609264E-15,-1.,-0.));
#1638 = FACE_BOUND('',#1639,.F.);
#1639 = EDGE_LOOP('',(#1640));
#1640 = ORIENTED_EDGE('',*,*,#1641,.T.);
#1641 = EDGE_CURVE('',#1642,#1642,#1644,.T.);
#1642 = VERTEX_POINT('',#1643);
#1643 = CARTESIAN_POINT('',(20.722937,-56.225786,0.));
#1644 = CIRCLE('',#1645,1.5);
#1645 = AXIS2_PLACEMENT_3D('',#1646,#1647,#1648);
#1646 = CARTESIAN_POINT('',(20.722937,-54.725786,0.));
#1647 = DIRECTION('',(-0.,0.,-1.));
#1648 = DIRECTION('',(-0.,-1.,0.));
#1649 = FACE_BOUND('',#1650,.F.);
#1650 = EDGE_LOOP('',(#1651));
#1651 = ORIENTED_EDGE('',*,*,#1652,.T.);
#1652 = EDGE_CURVE('',#1653,#1653,#1655,.T.);
#1653 = VERTEX_POINT('',#1654);
#1654 = CARTESIAN_POINT('',(30.722937,-56.225786,0.));
#1655 = CIRCLE('',#1656,1.5);
#1656 = AXIS2_PLACEMENT_3D('',#1657,#1658,#1659);
#1657 = CARTESIAN_POINT('',(30.722937,-54.725786,0.));
#1658 = DIRECTION('',(-0.,0.,-1.));
#1659 = DIRECTION('',(-0.,-1.,0.));
#1660 = FACE_BOUND('',#1661,.F.);
#1661 = EDGE_LOOP('',(#1662));
#1662 = ORIENTED_EDGE('',*,*,#1663,.T.);
#1663 = EDGE_CURVE('',#1664,#1664,#1666,.T.);
#1664 = VERTEX_POINT('',#1665);
#1665 = CARTESIAN_POINT('',(25.722937,-54.025786,0.));
#1666 = CIRCLE('',#1667,1.5);
#1667 = AXIS2_PLACEMENT_3D('',#1668,#1669,#1670);
#1668 = CARTESIAN_POINT('',(25.722937,-52.525786,0.));
#1669 = DIRECTION('',(-0.,0.,-1.));
#1670 = DIRECTION('',(-0.,-1.,0.));
#1671 = FACE_BOUND('',#1672,.F.);
#1672 = EDGE_LOOP('',(#1673));
#1673 = ORIENTED_EDGE('',*,*,#1674,.T.);
#1674 = EDGE_CURVE('',#1675,#1675,#1677,.T.);
#1675 = VERTEX_POINT('',#1676);
#1676 = CARTESIAN_POINT('',(35.922937,-61.345786,0.));
#1677 = CIRCLE('',#1678,1.1);
#1678 = AXIS2_PLACEMENT_3D('',#1679,#1680,#1681);
#1679 = CARTESIAN_POINT('',(35.922937,-60.245786,0.));
#1680 = DIRECTION('',(-0.,0.,-1.));
#1681 = DIRECTION('',(-6.459479416001E-15,-1.,0.));
#1682 = FACE_BOUND('',#1683,.F.);
#1683 = EDGE_LOOP('',(#1684));
#1684 = ORIENTED_EDGE('',*,*,#1685,.T.);
#1685 = EDGE_CURVE('',#1686,#1686,#1688,.T.);
#1686 = VERTEX_POINT('',#1687);
#1687 = CARTESIAN_POINT('',(37.272937,-56.005786,0.));
#1688 = CIRCLE('',#1689,0.15);
#1689 = AXIS2_PLACEMENT_3D('',#1690,#1691,#1692);
#1690 = CARTESIAN_POINT('',(37.272937,-55.855786,0.));
#1691 = DIRECTION('',(-0.,0.,-1.));
#1692 = DIRECTION('',(-0.,-1.,0.));
#1693 = FACE_BOUND('',#1694,.F.);
#1694 = EDGE_LOOP('',(#1695));
#1695 = ORIENTED_EDGE('',*,*,#1696,.T.);
#1696 = EDGE_CURVE('',#1697,#1697,#1699,.T.);
#1697 = VERTEX_POINT('',#1698);
#1698 = CARTESIAN_POINT('',(39.772937,-56.805786,0.));
#1699 = CIRCLE('',#1700,0.8);
#1700 = AXIS2_PLACEMENT_3D('',#1701,#1702,#1703);
#1701 = CARTESIAN_POINT('',(39.772937,-56.005786,0.));
#1702 = DIRECTION('',(-0.,0.,-1.));
#1703 = DIRECTION('',(-0.,-1.,0.));
#1704 = FACE_BOUND('',#1705,.F.);
#1705 = EDGE_LOOP('',(#1706));
#1706 = ORIENTED_EDGE('',*,*,#1707,.T.);
#1707 = EDGE_CURVE('',#1708,#1708,#1710,.T.);
#1708 = VERTEX_POINT('',#1709);
#1709 = CARTESIAN_POINT('',(37.272937,-53.205786,0.));
#1710 = CIRCLE('',#1711,0.15);
#1711 = AXIS2_PLACEMENT_3D('',#1712,#1713,#1714);
#1712 = CARTESIAN_POINT('',(37.272937,-53.055786,0.));
#1713 = DIRECTION('',(-0.,0.,-1.));
#1714 = DIRECTION('',(-0.,-1.,0.));
#1715 = FACE_BOUND('',#1716,.F.);
#1716 = EDGE_LOOP('',(#1717));
#1717 = ORIENTED_EDGE('',*,*,#1718,.T.);
#1718 = EDGE_CURVE('',#1719,#1719,#1721,.T.);
#1719 = VERTEX_POINT('',#1720);
#1720 = CARTESIAN_POINT('',(18.222937,-44.575786,0.));
#1721 = CIRCLE('',#1722,0.15);
#1722 = AXIS2_PLACEMENT_3D('',#1723,#1724,#1725);
#1723 = CARTESIAN_POINT('',(18.222937,-44.425786,0.));
#1724 = DIRECTION('',(-0.,0.,-1.));
#1725 = DIRECTION('',(-0.,-1.,0.));
#1726 = FACE_BOUND('',#1727,.F.);
#1727 = EDGE_LOOP('',(#1728));
#1728 = ORIENTED_EDGE('',*,*,#1729,.T.);
#1729 = EDGE_CURVE('',#1730,#1730,#1732,.T.);
#1730 = VERTEX_POINT('',#1731);
#1731 = CARTESIAN_POINT('',(20.722937,-45.375786,0.));
#1732 = CIRCLE('',#1733,0.8);
#1733 = AXIS2_PLACEMENT_3D('',#1734,#1735,#1736);
#1734 = CARTESIAN_POINT('',(20.722937,-44.575786,0.));
#1735 = DIRECTION('',(-0.,0.,-1.));
#1736 = DIRECTION('',(-0.,-1.,0.));
#1737 = FACE_BOUND('',#1738,.F.);
#1738 = EDGE_LOOP('',(#1739));
#1739 = ORIENTED_EDGE('',*,*,#1740,.T.);
#1740 = EDGE_CURVE('',#1741,#1741,#1743,.T.);
#1741 = VERTEX_POINT('',#1742);
#1742 = CARTESIAN_POINT('',(18.222937,-41.775786,0.));
#1743 = CIRCLE('',#1744,0.15);
#1744 = AXIS2_PLACEMENT_3D('',#1745,#1746,#1747);
#1745 = CARTESIAN_POINT('',(18.222937,-41.625786,0.));
#1746 = DIRECTION('',(-0.,0.,-1.));
#1747 = DIRECTION('',(-0.,-1.,0.));
#1748 = FACE_BOUND('',#1749,.F.);
#1749 = EDGE_LOOP('',(#1750));
#1750 = ORIENTED_EDGE('',*,*,#1751,.T.);
#1751 = EDGE_CURVE('',#1752,#1752,#1754,.T.);
#1752 = VERTEX_POINT('',#1753);
#1753 = CARTESIAN_POINT('',(30.722937,-45.375786,0.));
#1754 = CIRCLE('',#1755,0.8);
#1755 = AXIS2_PLACEMENT_3D('',#1756,#1757,#1758);
#1756 = CARTESIAN_POINT('',(30.722937,-44.575786,0.));
#1757 = DIRECTION('',(-0.,0.,-1.));
#1758 = DIRECTION('',(-0.,-1.,0.));
#1759 = FACE_BOUND('',#1760,.F.);
#1760 = EDGE_LOOP('',(#1761));
#1761 = ORIENTED_EDGE('',*,*,#1762,.T.);
#1762 = EDGE_CURVE('',#1763,#1763,#1765,.T.);
#1763 = VERTEX_POINT('',#1764);
#1764 = CARTESIAN_POINT('',(39.272937,-51.805786,0.));
#1765 = CIRCLE('',#1766,0.95);
#1766 = AXIS2_PLACEMENT_3D('',#1767,#1768,#1769);
#1767 = CARTESIAN_POINT('',(39.272937,-50.855786,0.));
#1768 = DIRECTION('',(-0.,0.,-1.));
#1769 = DIRECTION('',(-0.,-1.,0.));
#1770 = FACE_BOUND('',#1771,.F.);
#1771 = EDGE_LOOP('',(#1772));
#1772 = ORIENTED_EDGE('',*,*,#1773,.T.);
#1773 = EDGE_CURVE('',#1774,#1774,#1776,.T.);
#1774 = VERTEX_POINT('',#1775);
#1775 = CARTESIAN_POINT('',(39.772937,-48.605786,0.));
#1776 = CIRCLE('',#1777,1.5);
#1777 = AXIS2_PLACEMENT_3D('',#1778,#1779,#1780);
#1778 = CARTESIAN_POINT('',(39.772937,-47.105786,0.));
#1779 = DIRECTION('',(-0.,0.,-1.));
#1780 = DIRECTION('',(-0.,-1.,0.));
#1781 = FACE_BOUND('',#1782,.F.);
#1782 = EDGE_LOOP('',(#1783));
#1783 = ORIENTED_EDGE('',*,*,#1784,.T.);
#1784 = EDGE_CURVE('',#1785,#1785,#1787,.T.);
#1785 = VERTEX_POINT('',#1786);
#1786 = CARTESIAN_POINT('',(44.772937,-53.355786,0.));
#1787 = CIRCLE('',#1788,2.5);
#1788 = AXIS2_PLACEMENT_3D('',#1789,#1790,#1791);
#1789 = CARTESIAN_POINT('',(44.772937,-50.855786,0.));
#1790 = DIRECTION('',(-0.,0.,-1.));
#1791 = DIRECTION('',(-0.,-1.,0.));
#1792 = FACE_BOUND('',#1793,.F.);
#1793 = EDGE_LOOP('',(#1794));
#1794 = ORIENTED_EDGE('',*,*,#1795,.T.);
#1795 = EDGE_CURVE('',#1796,#1796,#1798,.T.);
#1796 = VERTEX_POINT('',#1797);
#1797 = CARTESIAN_POINT('',(35.922937,-42.295786,0.));
#1798 = CIRCLE('',#1799,1.1);
#1799 = AXIS2_PLACEMENT_3D('',#1800,#1801,#1802);
#1800 = CARTESIAN_POINT('',(35.922937,-41.195786,0.));
#1801 = DIRECTION('',(-0.,0.,-1.));
#1802 = DIRECTION('',(-6.459479416001E-15,-1.,0.));
#1803 = FACE_BOUND('',#1804,.F.);
#1804 = EDGE_LOOP('',(#1805));
#1805 = ORIENTED_EDGE('',*,*,#1806,.T.);
#1806 = EDGE_CURVE('',#1807,#1807,#1809,.T.);
#1807 = VERTEX_POINT('',#1808);
#1808 = CARTESIAN_POINT('',(44.772937,-46.405786,0.));
#1809 = CIRCLE('',#1810,1.5);
#1810 = AXIS2_PLACEMENT_3D('',#1811,#1812,#1813);
#1811 = CARTESIAN_POINT('',(44.772937,-44.905786,0.));
#1812 = DIRECTION('',(-0.,0.,-1.));
#1813 = DIRECTION('',(-0.,-1.,0.));
#1814 = FACE_BOUND('',#1815,.F.);
#1815 = EDGE_LOOP('',(#1816));
#1816 = ORIENTED_EDGE('',*,*,#1817,.T.);
#1817 = EDGE_CURVE('',#1818,#1818,#1820,.T.);
#1818 = VERTEX_POINT('',#1819);
#1819 = CARTESIAN_POINT('',(58.822937,-62.321786,0.));
#1820 = CIRCLE('',#1821,1.5);
#1821 = AXIS2_PLACEMENT_3D('',#1822,#1823,#1824);
#1822 = CARTESIAN_POINT('',(58.822937,-60.821786,0.));
#1823 = DIRECTION('',(-0.,0.,-1.));
#1824 = DIRECTION('',(-0.,-1.,0.));
#1825 = FACE_BOUND('',#1826,.F.);
#1826 = EDGE_LOOP('',(#1827));
#1827 = ORIENTED_EDGE('',*,*,#1828,.T.);
#1828 = EDGE_CURVE('',#1829,#1829,#1831,.T.);
#1829 = VERTEX_POINT('',#1830);
#1830 = CARTESIAN_POINT('',(63.822937,-60.121786,0.));
#1831 = CIRCLE('',#1832,1.5);
#1832 = AXIS2_PLACEMENT_3D('',#1833,#1834,#1835);
#1833 = CARTESIAN_POINT('',(63.822937,-58.621786,0.));
#1834 = DIRECTION('',(-0.,0.,-1.));
#1835 = DIRECTION('',(4.736951571734E-15,-1.,-0.));
#1836 = FACE_BOUND('',#1837,.F.);
#1837 = EDGE_LOOP('',(#1838));
#1838 = ORIENTED_EDGE('',*,*,#1839,.T.);
#1839 = EDGE_CURVE('',#1840,#1840,#1842,.T.);
#1840 = VERTEX_POINT('',#1841);
#1841 = CARTESIAN_POINT('',(49.772937,-56.805786,0.));
#1842 = CIRCLE('',#1843,0.8);
#1843 = AXIS2_PLACEMENT_3D('',#1844,#1845,#1846);
#1844 = CARTESIAN_POINT('',(49.772937,-56.005786,0.));
#1845 = DIRECTION('',(-0.,0.,-1.));
#1846 = DIRECTION('',(-0.,-1.,0.));
#1847 = FACE_BOUND('',#1848,.F.);
#1848 = EDGE_LOOP('',(#1849));
#1849 = ORIENTED_EDGE('',*,*,#1850,.T.);
#1850 = EDGE_CURVE('',#1851,#1851,#1853,.T.);
#1851 = VERTEX_POINT('',#1852);
#1852 = CARTESIAN_POINT('',(68.822937,-62.321786,0.));
#1853 = CIRCLE('',#1854,1.5);
#1854 = AXIS2_PLACEMENT_3D('',#1855,#1856,#1857);
#1855 = CARTESIAN_POINT('',(68.822937,-60.821786,0.));
#1856 = DIRECTION('',(-0.,0.,-1.));
#1857 = DIRECTION('',(-0.,-1.,0.));
#1858 = FACE_BOUND('',#1859,.F.);
#1859 = EDGE_LOOP('',(#1860));
#1860 = ORIENTED_EDGE('',*,*,#1861,.T.);
#1861 = EDGE_CURVE('',#1862,#1862,#1864,.T.);
#1862 = VERTEX_POINT('',#1863);
#1863 = CARTESIAN_POINT('',(75.372937,-56.958286,0.));
#1864 = CIRCLE('',#1865,0.15);
#1865 = AXIS2_PLACEMENT_3D('',#1866,#1867,#1868);
#1866 = CARTESIAN_POINT('',(75.372937,-56.808286,0.));
#1867 = DIRECTION('',(-0.,0.,-1.));
#1868 = DIRECTION('',(-9.473903143468E-14,-1.,0.));
#1869 = FACE_BOUND('',#1870,.F.);
#1870 = EDGE_LOOP('',(#1871));
#1871 = ORIENTED_EDGE('',*,*,#1872,.T.);
#1872 = EDGE_CURVE('',#1873,#1873,#1875,.T.);
#1873 = VERTEX_POINT('',#1874);
#1874 = CARTESIAN_POINT('',(77.872937,-57.758286,0.));
#1875 = CIRCLE('',#1876,0.8);
#1876 = AXIS2_PLACEMENT_3D('',#1877,#1878,#1879);
#1877 = CARTESIAN_POINT('',(77.872937,-56.958286,0.));
#1878 = DIRECTION('',(-0.,0.,-1.));
#1879 = DIRECTION('',(-1.7763568394E-14,-1.,0.));
#1880 = FACE_BOUND('',#1881,.F.);
#1881 = EDGE_LOOP('',(#1882));
#1882 = ORIENTED_EDGE('',*,*,#1883,.T.);
#1883 = EDGE_CURVE('',#1884,#1884,#1886,.T.);
#1884 = VERTEX_POINT('',#1885);
#1885 = CARTESIAN_POINT('',(75.372937,-54.158286,0.));
#1886 = CIRCLE('',#1887,0.15);
#1887 = AXIS2_PLACEMENT_3D('',#1888,#1889,#1890);
#1888 = CARTESIAN_POINT('',(75.372937,-54.008286,0.));
#1889 = DIRECTION('',(-0.,0.,-1.));
#1890 = DIRECTION('',(-9.473903143469E-14,-1.,0.));
#1891 = FACE_BOUND('',#1892,.F.);
#1892 = EDGE_LOOP('',(#1893));
#1893 = ORIENTED_EDGE('',*,*,#1894,.T.);
#1894 = EDGE_CURVE('',#1895,#1895,#1897,.T.);
#1895 = VERTEX_POINT('',#1896);
#1896 = CARTESIAN_POINT('',(77.372937,-52.758286,0.));
#1897 = CIRCLE('',#1898,0.95);
#1898 = AXIS2_PLACEMENT_3D('',#1899,#1900,#1901);
#1899 = CARTESIAN_POINT('',(77.372937,-51.808286,0.));
#1900 = DIRECTION('',(-0.,0.,-1.));
#1901 = DIRECTION('',(-1.495879443705E-14,-1.,0.));
#1902 = FACE_BOUND('',#1903,.F.);
#1903 = EDGE_LOOP('',(#1904));
#1904 = ORIENTED_EDGE('',*,*,#1905,.T.);
#1905 = EDGE_CURVE('',#1906,#1906,#1908,.T.);
#1906 = VERTEX_POINT('',#1907);
#1907 = CARTESIAN_POINT('',(50.272937,-51.805786,0.));
#1908 = CIRCLE('',#1909,0.95);
#1909 = AXIS2_PLACEMENT_3D('',#1910,#1911,#1912);
#1910 = CARTESIAN_POINT('',(50.272937,-50.855786,0.));
#1911 = DIRECTION('',(-0.,0.,-1.));
#1912 = DIRECTION('',(-0.,-1.,0.));
#1913 = FACE_BOUND('',#1914,.F.);
#1914 = EDGE_LOOP('',(#1915));
#1915 = ORIENTED_EDGE('',*,*,#1916,.T.);
#1916 = EDGE_CURVE('',#1917,#1917,#1919,.T.);
#1917 = VERTEX_POINT('',#1918);
#1918 = CARTESIAN_POINT('',(49.772937,-48.605786,0.));
#1919 = CIRCLE('',#1920,1.5);
#1920 = AXIS2_PLACEMENT_3D('',#1921,#1922,#1923);
#1921 = CARTESIAN_POINT('',(49.772937,-47.105786,0.));
#1922 = DIRECTION('',(-0.,0.,-1.));
#1923 = DIRECTION('',(-0.,-1.,0.));
#1924 = FACE_BOUND('',#1925,.F.);
#1925 = EDGE_LOOP('',(#1926));
#1926 = ORIENTED_EDGE('',*,*,#1927,.T.);
#1927 = EDGE_CURVE('',#1928,#1928,#1930,.T.);
#1928 = VERTEX_POINT('',#1929);
#1929 = CARTESIAN_POINT('',(56.322937,-50.671786,0.));
#1930 = CIRCLE('',#1931,0.15);
#1931 = AXIS2_PLACEMENT_3D('',#1932,#1933,#1934);
#1932 = CARTESIAN_POINT('',(56.322937,-50.521786,0.));
#1933 = DIRECTION('',(-0.,0.,-1.));
#1934 = DIRECTION('',(4.736951571734E-14,-1.,-0.));
#1935 = FACE_BOUND('',#1936,.F.);
#1936 = EDGE_LOOP('',(#1937));
#1937 = ORIENTED_EDGE('',*,*,#1938,.T.);
#1938 = EDGE_CURVE('',#1939,#1939,#1941,.T.);
#1939 = VERTEX_POINT('',#1940);
#1940 = CARTESIAN_POINT('',(58.822937,-51.471786,0.));
#1941 = CIRCLE('',#1942,0.8);
#1942 = AXIS2_PLACEMENT_3D('',#1943,#1944,#1945);
#1943 = CARTESIAN_POINT('',(58.822937,-50.671786,0.));
#1944 = DIRECTION('',(-0.,0.,-1.));
#1945 = DIRECTION('',(8.881784197001E-15,-1.,-0.));
#1946 = FACE_BOUND('',#1947,.F.);
#1947 = EDGE_LOOP('',(#1948));
#1948 = ORIENTED_EDGE('',*,*,#1949,.T.);
#1949 = EDGE_CURVE('',#1950,#1950,#1952,.T.);
#1950 = VERTEX_POINT('',#1951);
#1951 = CARTESIAN_POINT('',(56.322937,-47.871786,0.));
#1952 = CIRCLE('',#1953,0.15);
#1953 = AXIS2_PLACEMENT_3D('',#1954,#1955,#1956);
#1954 = CARTESIAN_POINT('',(56.322937,-47.721786,0.));
#1955 = DIRECTION('',(-0.,0.,-1.));
#1956 = DIRECTION('',(4.736951571734E-14,-1.,-0.));
#1957 = FACE_BOUND('',#1958,.F.);
#1958 = EDGE_LOOP('',(#1959));
#1959 = ORIENTED_EDGE('',*,*,#1960,.T.);
#1960 = EDGE_CURVE('',#1961,#1961,#1963,.T.);
#1961 = VERTEX_POINT('',#1962);
#1962 = CARTESIAN_POINT('',(58.322937,-46.471786,0.));
#1963 = CIRCLE('',#1964,0.95);
#1964 = AXIS2_PLACEMENT_3D('',#1965,#1966,#1967);
#1965 = CARTESIAN_POINT('',(58.322937,-45.521786,0.));
#1966 = DIRECTION('',(-0.,0.,-1.));
#1967 = DIRECTION('',(7.479397218527E-15,-1.,-0.));
#1968 = FACE_BOUND('',#1969,.F.);
#1969 = EDGE_LOOP('',(#1970));
#1970 = ORIENTED_EDGE('',*,*,#1971,.T.);
#1971 = EDGE_CURVE('',#1972,#1972,#1974,.T.);
#1972 = VERTEX_POINT('',#1973);
#1973 = CARTESIAN_POINT('',(63.822937,-48.021786,0.));
#1974 = CIRCLE('',#1975,2.5);
#1975 = AXIS2_PLACEMENT_3D('',#1976,#1977,#1978);
#1976 = CARTESIAN_POINT('',(63.822937,-45.521786,0.));
#1977 = DIRECTION('',(-0.,0.,-1.));
#1978 = DIRECTION('',(2.84217094304E-15,-1.,-0.));
#1979 = FACE_BOUND('',#1980,.F.);
#1980 = EDGE_LOOP('',(#1981));
#1981 = ORIENTED_EDGE('',*,*,#1982,.T.);
#1982 = EDGE_CURVE('',#1983,#1983,#1985,.T.);
#1983 = VERTEX_POINT('',#1984);
#1984 = CARTESIAN_POINT('',(58.822937,-43.271786,0.));
#1985 = CIRCLE('',#1986,1.5);
#1986 = AXIS2_PLACEMENT_3D('',#1987,#1988,#1989);
#1987 = CARTESIAN_POINT('',(58.822937,-41.771786,0.));
#1988 = DIRECTION('',(-0.,0.,-1.));
#1989 = DIRECTION('',(-0.,-1.,0.));
#1990 = FACE_BOUND('',#1991,.F.);
#1991 = EDGE_LOOP('',(#1992));
#1992 = ORIENTED_EDGE('',*,*,#1993,.T.);
#1993 = EDGE_CURVE('',#1994,#1994,#1996,.T.);
#1994 = VERTEX_POINT('',#1995);
#1995 = CARTESIAN_POINT('',(68.822937,-51.471786,0.));
#1996 = CIRCLE('',#1997,0.8);
#1997 = AXIS2_PLACEMENT_3D('',#1998,#1999,#2000);
#1998 = CARTESIAN_POINT('',(68.822937,-50.671786,0.));
#1999 = DIRECTION('',(-0.,0.,-1.));
#2000 = DIRECTION('',(-0.,-1.,0.));
#2001 = FACE_BOUND('',#2002,.F.);
#2002 = EDGE_LOOP('',(#2003));
#2003 = ORIENTED_EDGE('',*,*,#2004,.T.);
#2004 = EDGE_CURVE('',#2005,#2005,#2007,.T.);
#2005 = VERTEX_POINT('',#2006);
#2006 = CARTESIAN_POINT('',(77.872937,-49.558286,0.));
#2007 = CIRCLE('',#2008,1.5);
#2008 = AXIS2_PLACEMENT_3D('',#2009,#2010,#2011);
#2009 = CARTESIAN_POINT('',(77.872937,-48.058286,0.));
#2010 = DIRECTION('',(-0.,0.,-1.));
#2011 = DIRECTION('',(-0.,-1.,0.));
#2012 = FACE_BOUND('',#2013,.F.);
#2013 = EDGE_LOOP('',(#2014));
#2014 = ORIENTED_EDGE('',*,*,#2015,.T.);
#2015 = EDGE_CURVE('',#2016,#2016,#2018,.T.);
#2016 = VERTEX_POINT('',#2017);
#2017 = CARTESIAN_POINT('',(69.322937,-46.471786,0.));
#2018 = CIRCLE('',#2019,0.95);
#2019 = AXIS2_PLACEMENT_3D('',#2020,#2021,#2022);
#2020 = CARTESIAN_POINT('',(69.322937,-45.521786,0.));
#2021 = DIRECTION('',(-0.,0.,-1.));
#2022 = DIRECTION('',(-0.,-1.,0.));
#2023 = FACE_BOUND('',#2024,.F.);
#2024 = EDGE_LOOP('',(#2025));
#2025 = ORIENTED_EDGE('',*,*,#2026,.T.);
#2026 = EDGE_CURVE('',#2027,#2027,#2029,.T.);
#2027 = VERTEX_POINT('',#2028);
#2028 = CARTESIAN_POINT('',(68.822937,-43.271786,0.));
#2029 = CIRCLE('',#2030,1.5);
#2030 = AXIS2_PLACEMENT_3D('',#2031,#2032,#2033);
#2031 = CARTESIAN_POINT('',(68.822937,-41.771786,0.));
#2032 = DIRECTION('',(-0.,0.,-1.));
#2033 = DIRECTION('',(-0.,-1.,0.));
#2034 = FACE_BOUND('',#2035,.F.);
#2035 = EDGE_LOOP('',(#2036));
#2036 = ORIENTED_EDGE('',*,*,#2037,.T.);
#2037 = EDGE_CURVE('',#2038,#2038,#2040,.T.);
#2038 = VERTEX_POINT('',#2039);
#2039 = CARTESIAN_POINT('',(20.222937,-40.375786,0.));
#2040 = CIRCLE('',#2041,0.95);
#2041 = AXIS2_PLACEMENT_3D('',#2042,#2043,#2044);
#2042 = CARTESIAN_POINT('',(20.222937,-39.425786,0.));
#2043 = DIRECTION('',(-0.,0.,-1.));
#2044 = DIRECTION('',(-0.,-1.,0.));
#2045 = FACE_BOUND('',#2046,.F.);
#2046 = EDGE_LOOP('',(#2047));
#2047 = ORIENTED_EDGE('',*,*,#2048,.T.);
#2048 = EDGE_CURVE('',#2049,#2049,#2051,.T.);
#2049 = VERTEX_POINT('',#2050);
#2050 = CARTESIAN_POINT('',(20.722937,-37.175786,0.));
#2051 = CIRCLE('',#2052,1.5);
#2052 = AXIS2_PLACEMENT_3D('',#2053,#2054,#2055);
#2053 = CARTESIAN_POINT('',(20.722937,-35.675786,0.));
#2054 = DIRECTION('',(-0.,0.,-1.));
#2055 = DIRECTION('',(-0.,-1.,0.));
#2056 = FACE_BOUND('',#2057,.F.);
#2057 = EDGE_LOOP('',(#2058));
#2058 = ORIENTED_EDGE('',*,*,#2059,.T.);
#2059 = EDGE_CURVE('',#2060,#2060,#2062,.T.);
#2060 = VERTEX_POINT('',#2061);
#2061 = CARTESIAN_POINT('',(25.722937,-41.925786,0.));
#2062 = CIRCLE('',#2063,2.5);
#2063 = AXIS2_PLACEMENT_3D('',#2064,#2065,#2066);
#2064 = CARTESIAN_POINT('',(25.722937,-39.425786,0.));
#2065 = DIRECTION('',(-0.,0.,-1.));
#2066 = DIRECTION('',(-0.,-1.,0.));
#2067 = FACE_BOUND('',#2068,.F.);
#2068 = EDGE_LOOP('',(#2069));
#2069 = ORIENTED_EDGE('',*,*,#2070,.T.);
#2070 = EDGE_CURVE('',#2071,#2071,#2073,.T.);
#2071 = VERTEX_POINT('',#2072);
#2072 = CARTESIAN_POINT('',(31.222937,-40.375786,0.));
#2073 = CIRCLE('',#2074,0.95);
#2074 = AXIS2_PLACEMENT_3D('',#2075,#2076,#2077);
#2075 = CARTESIAN_POINT('',(31.222937,-39.425786,0.));
#2076 = DIRECTION('',(-0.,0.,-1.));
#2077 = DIRECTION('',(3.739698609264E-15,-1.,-0.));
#2078 = FACE_BOUND('',#2079,.F.);
#2079 = EDGE_LOOP('',(#2080));
#2080 = ORIENTED_EDGE('',*,*,#2081,.T.);
#2081 = EDGE_CURVE('',#2082,#2082,#2084,.T.);
#2082 = VERTEX_POINT('',#2083);
#2083 = CARTESIAN_POINT('',(30.722937,-37.175786,0.));
#2084 = CIRCLE('',#2085,1.5);
#2085 = AXIS2_PLACEMENT_3D('',#2086,#2087,#2088);
#2086 = CARTESIAN_POINT('',(30.722937,-35.675786,0.));
#2087 = DIRECTION('',(-0.,0.,-1.));
#2088 = DIRECTION('',(-0.,-1.,0.));
#2089 = FACE_BOUND('',#2090,.F.);
#2090 = EDGE_LOOP('',(#2091));
#2091 = ORIENTED_EDGE('',*,*,#2092,.T.);
#2092 = EDGE_CURVE('',#2093,#2093,#2095,.T.);
#2093 = VERTEX_POINT('',#2094);
#2094 = CARTESIAN_POINT('',(25.722937,-34.975786,0.));
#2095 = CIRCLE('',#2096,1.5);
#2096 = AXIS2_PLACEMENT_3D('',#2097,#2098,#2099);
#2097 = CARTESIAN_POINT('',(25.722937,-33.475786,0.));
#2098 = DIRECTION('',(-0.,0.,-1.));
#2099 = DIRECTION('',(-0.,-1.,0.));
#2100 = FACE_BOUND('',#2101,.F.);
#2101 = EDGE_LOOP('',(#2102));
#2102 = ORIENTED_EDGE('',*,*,#2103,.T.);
#2103 = EDGE_CURVE('',#2104,#2104,#2106,.T.);
#2104 = VERTEX_POINT('',#2105);
#2105 = CARTESIAN_POINT('',(37.272937,-36.955786,0.));
#2106 = CIRCLE('',#2107,0.15);
#2107 = AXIS2_PLACEMENT_3D('',#2108,#2109,#2110);
#2108 = CARTESIAN_POINT('',(37.272937,-36.805786,0.));
#2109 = DIRECTION('',(-0.,0.,-1.));
#2110 = DIRECTION('',(-0.,-1.,0.));
#2111 = FACE_BOUND('',#2112,.F.);
#2112 = EDGE_LOOP('',(#2113));
#2113 = ORIENTED_EDGE('',*,*,#2114,.T.);
#2114 = EDGE_CURVE('',#2115,#2115,#2117,.T.);
#2115 = VERTEX_POINT('',#2116);
#2116 = CARTESIAN_POINT('',(39.772937,-37.755786,0.));
#2117 = CIRCLE('',#2118,0.8);
#2118 = AXIS2_PLACEMENT_3D('',#2119,#2120,#2121);
#2119 = CARTESIAN_POINT('',(39.772937,-36.955786,0.));
#2120 = DIRECTION('',(-0.,0.,-1.));
#2121 = DIRECTION('',(-0.,-1.,0.));
#2122 = FACE_BOUND('',#2123,.F.);
#2123 = EDGE_LOOP('',(#2124));
#2124 = ORIENTED_EDGE('',*,*,#2125,.T.);
#2125 = EDGE_CURVE('',#2126,#2126,#2128,.T.);
#2126 = VERTEX_POINT('',#2127);
#2127 = CARTESIAN_POINT('',(37.272937,-34.155786,0.));
#2128 = CIRCLE('',#2129,0.15);
#2129 = AXIS2_PLACEMENT_3D('',#2130,#2131,#2132);
#2130 = CARTESIAN_POINT('',(37.272937,-34.005786,0.));
#2131 = DIRECTION('',(-0.,0.,-1.));
#2132 = DIRECTION('',(-0.,-1.,0.));
#2133 = FACE_BOUND('',#2134,.F.);
#2134 = EDGE_LOOP('',(#2135));
#2135 = ORIENTED_EDGE('',*,*,#2136,.T.);
#2136 = EDGE_CURVE('',#2137,#2137,#2139,.T.);
#2137 = VERTEX_POINT('',#2138);
#2138 = CARTESIAN_POINT('',(39.272937,-32.755786,0.));
#2139 = CIRCLE('',#2140,0.95);
#2140 = AXIS2_PLACEMENT_3D('',#2141,#2142,#2143);
#2141 = CARTESIAN_POINT('',(39.272937,-31.805786,0.));
#2142 = DIRECTION('',(-0.,0.,-1.));
#2143 = DIRECTION('',(-0.,-1.,0.));
#2144 = FACE_BOUND('',#2145,.F.);
#2145 = EDGE_LOOP('',(#2146));
#2146 = ORIENTED_EDGE('',*,*,#2147,.T.);
#2147 = EDGE_CURVE('',#2148,#2148,#2150,.T.);
#2148 = VERTEX_POINT('',#2149);
#2149 = CARTESIAN_POINT('',(44.772937,-34.305786,0.));
#2150 = CIRCLE('',#2151,2.5);
#2151 = AXIS2_PLACEMENT_3D('',#2152,#2153,#2154);
#2152 = CARTESIAN_POINT('',(44.772937,-31.805786,0.));
#2153 = DIRECTION('',(-0.,0.,-1.));
#2154 = DIRECTION('',(-0.,-1.,0.));
#2155 = FACE_BOUND('',#2156,.F.);
#2156 = EDGE_LOOP('',(#2157));
#2157 = ORIENTED_EDGE('',*,*,#2158,.T.);
#2158 = EDGE_CURVE('',#2159,#2159,#2161,.T.);
#2159 = VERTEX_POINT('',#2160);
#2160 = CARTESIAN_POINT('',(39.772937,-29.555786,0.));
#2161 = CIRCLE('',#2162,1.5);
#2162 = AXIS2_PLACEMENT_3D('',#2163,#2164,#2165);
#2163 = CARTESIAN_POINT('',(39.772937,-28.055786,0.));
#2164 = DIRECTION('',(-0.,0.,-1.));
#2165 = DIRECTION('',(-0.,-1.,0.));
#2166 = FACE_BOUND('',#2167,.F.);
#2167 = EDGE_LOOP('',(#2168));
#2168 = ORIENTED_EDGE('',*,*,#2169,.T.);
#2169 = EDGE_CURVE('',#2170,#2170,#2172,.T.);
#2170 = VERTEX_POINT('',#2171);
#2171 = CARTESIAN_POINT('',(44.772937,-27.355786,0.));
#2172 = CIRCLE('',#2173,1.5);
#2173 = AXIS2_PLACEMENT_3D('',#2174,#2175,#2176);
#2174 = CARTESIAN_POINT('',(44.772937,-25.855786,0.));
#2175 = DIRECTION('',(-0.,0.,-1.));
#2176 = DIRECTION('',(-0.,-1.,0.));
#2177 = FACE_BOUND('',#2178,.F.);
#2178 = EDGE_LOOP('',(#2179));
#2179 = ORIENTED_EDGE('',*,*,#2180,.T.);
#2180 = EDGE_CURVE('',#2181,#2181,#2183,.T.);
#2181 = VERTEX_POINT('',#2182);
#2182 = CARTESIAN_POINT('',(49.772937,-37.755786,0.));
#2183 = CIRCLE('',#2184,0.8);
#2184 = AXIS2_PLACEMENT_3D('',#2185,#2186,#2187);
#2185 = CARTESIAN_POINT('',(49.772937,-36.955786,0.));
#2186 = DIRECTION('',(-0.,0.,-1.));
#2187 = DIRECTION('',(-0.,-1.,0.));
#2188 = FACE_BOUND('',#2189,.F.);
#2189 = EDGE_LOOP('',(#2190));
#2190 = ORIENTED_EDGE('',*,*,#2191,.T.);
#2191 = EDGE_CURVE('',#2192,#2192,#2194,.T.);
#2192 = VERTEX_POINT('',#2193);
#2193 = CARTESIAN_POINT('',(63.822937,-41.071786,0.));
#2194 = CIRCLE('',#2195,1.5);
#2195 = AXIS2_PLACEMENT_3D('',#2196,#2197,#2198);
#2196 = CARTESIAN_POINT('',(63.822937,-39.571786,0.));
#2197 = DIRECTION('',(-0.,0.,-1.));
#2198 = DIRECTION('',(4.736951571734E-15,-1.,-0.));
#2199 = FACE_BOUND('',#2200,.F.);
#2200 = EDGE_LOOP('',(#2201));
#2201 = ORIENTED_EDGE('',*,*,#2202,.T.);
#2202 = EDGE_CURVE('',#2203,#2203,#2205,.T.);
#2203 = VERTEX_POINT('',#2204);
#2204 = CARTESIAN_POINT('',(50.272937,-32.755786,0.));
#2205 = CIRCLE('',#2206,0.95);
#2206 = AXIS2_PLACEMENT_3D('',#2207,#2208,#2209);
#2207 = CARTESIAN_POINT('',(50.272937,-31.805786,0.));
#2208 = DIRECTION('',(-0.,0.,-1.));
#2209 = DIRECTION('',(-0.,-1.,0.));
#2210 = FACE_BOUND('',#2211,.F.);
#2211 = EDGE_LOOP('',(#2212));
#2212 = ORIENTED_EDGE('',*,*,#2213,.T.);
#2213 = EDGE_CURVE('',#2214,#2214,#2216,.T.);
#2214 = VERTEX_POINT('',#2215);
#2215 = CARTESIAN_POINT('',(56.322937,-31.621786,0.));
#2216 = CIRCLE('',#2217,0.15);
#2217 = AXIS2_PLACEMENT_3D('',#2218,#2219,#2220);
#2218 = CARTESIAN_POINT('',(56.322937,-31.471786,0.));
#2219 = DIRECTION('',(-0.,0.,-1.));
#2220 = DIRECTION('',(4.736951571734E-14,-1.,-0.));
#2221 = FACE_BOUND('',#2222,.F.);
#2222 = EDGE_LOOP('',(#2223));
#2223 = ORIENTED_EDGE('',*,*,#2224,.T.);
#2224 = EDGE_CURVE('',#2225,#2225,#2227,.T.);
#2225 = VERTEX_POINT('',#2226);
#2226 = CARTESIAN_POINT('',(58.822937,-32.421786,0.));
#2227 = CIRCLE('',#2228,0.8);
#2228 = AXIS2_PLACEMENT_3D('',#2229,#2230,#2231);
#2229 = CARTESIAN_POINT('',(58.822937,-31.621786,0.));
#2230 = DIRECTION('',(-0.,0.,-1.));
#2231 = DIRECTION('',(8.881784197001E-15,-1.,-0.));
#2232 = FACE_BOUND('',#2233,.F.);
#2233 = EDGE_LOOP('',(#2234));
#2234 = ORIENTED_EDGE('',*,*,#2235,.T.);
#2235 = EDGE_CURVE('',#2236,#2236,#2238,.T.);
#2236 = VERTEX_POINT('',#2237);
#2237 = CARTESIAN_POINT('',(75.372937,-37.908286,0.));
#2238 = CIRCLE('',#2239,0.15);
#2239 = AXIS2_PLACEMENT_3D('',#2240,#2241,#2242);
#2240 = CARTESIAN_POINT('',(75.372937,-37.758286,0.));
#2241 = DIRECTION('',(-0.,0.,-1.));
#2242 = DIRECTION('',(-9.473903143469E-14,-1.,0.));
#2243 = FACE_BOUND('',#2244,.F.);
#2244 = EDGE_LOOP('',(#2245));
#2245 = ORIENTED_EDGE('',*,*,#2246,.T.);
#2246 = EDGE_CURVE('',#2247,#2247,#2249,.T.);
#2247 = VERTEX_POINT('',#2248);
#2248 = CARTESIAN_POINT('',(77.872937,-38.708286,0.));
#2249 = CIRCLE('',#2250,0.8);
#2250 = AXIS2_PLACEMENT_3D('',#2251,#2252,#2253);
#2251 = CARTESIAN_POINT('',(77.872937,-37.908286,0.));
#2252 = DIRECTION('',(-0.,0.,-1.));
#2253 = DIRECTION('',(-1.7763568394E-14,-1.,0.));
#2254 = FACE_BOUND('',#2255,.F.);
#2255 = EDGE_LOOP('',(#2256));
#2256 = ORIENTED_EDGE('',*,*,#2257,.T.);
#2257 = EDGE_CURVE('',#2258,#2258,#2260,.T.);
#2258 = VERTEX_POINT('',#2259);
#2259 = CARTESIAN_POINT('',(68.822937,-32.421786,0.));
#2260 = CIRCLE('',#2261,0.8);
#2261 = AXIS2_PLACEMENT_3D('',#2262,#2263,#2264);
#2262 = CARTESIAN_POINT('',(68.822937,-31.621786,0.));
#2263 = DIRECTION('',(-0.,0.,-1.));
#2264 = DIRECTION('',(-0.,-1.,0.));
#2265 = FACE_BOUND('',#2266,.F.);
#2266 = EDGE_LOOP('',(#2267));
#2267 = ORIENTED_EDGE('',*,*,#2268,.T.);
#2268 = EDGE_CURVE('',#2269,#2269,#2271,.T.);
#2269 = VERTEX_POINT('',#2270);
#2270 = CARTESIAN_POINT('',(75.372937,-35.108286,0.));
#2271 = CIRCLE('',#2272,0.15);
#2272 = AXIS2_PLACEMENT_3D('',#2273,#2274,#2275);
#2273 = CARTESIAN_POINT('',(75.372937,-34.958286,0.));
#2274 = DIRECTION('',(-0.,0.,-1.));
#2275 = DIRECTION('',(-9.473903143469E-14,-1.,0.));
#2276 = FACE_BOUND('',#2277,.F.);
#2277 = EDGE_LOOP('',(#2278));
#2278 = ORIENTED_EDGE('',*,*,#2279,.T.);
#2279 = EDGE_CURVE('',#2280,#2280,#2282,.T.);
#2280 = VERTEX_POINT('',#2281);
#2281 = CARTESIAN_POINT('',(77.372937,-33.708286,0.));
#2282 = CIRCLE('',#2283,0.95);
#2283 = AXIS2_PLACEMENT_3D('',#2284,#2285,#2286);
#2284 = CARTESIAN_POINT('',(77.372937,-32.758286,0.));
#2285 = DIRECTION('',(-0.,0.,-1.));
#2286 = DIRECTION('',(-1.495879443705E-14,-1.,0.));
#2287 = FACE_BOUND('',#2288,.F.);
#2288 = EDGE_LOOP('',(#2289));
#2289 = ORIENTED_EDGE('',*,*,#2290,.T.);
#2290 = EDGE_CURVE('',#2291,#2291,#2293,.T.);
#2291 = VERTEX_POINT('',#2292);
#2292 = CARTESIAN_POINT('',(49.772937,-29.555786,0.));
#2293 = CIRCLE('',#2294,1.5);
#2294 = AXIS2_PLACEMENT_3D('',#2295,#2296,#2297);
#2295 = CARTESIAN_POINT('',(49.772937,-28.055786,0.));
#2296 = DIRECTION('',(-0.,0.,-1.));
#2297 = DIRECTION('',(-0.,-1.,0.));
#2298 = FACE_BOUND('',#2299,.F.);
#2299 = EDGE_LOOP('',(#2300));
#2300 = ORIENTED_EDGE('',*,*,#2301,.T.);
#2301 = EDGE_CURVE('',#2302,#2302,#2304,.T.);
#2302 = VERTEX_POINT('',#2303);
#2303 = CARTESIAN_POINT('',(56.322937,-28.821786,0.));
#2304 = CIRCLE('',#2305,0.15);
#2305 = AXIS2_PLACEMENT_3D('',#2306,#2307,#2308);
#2306 = CARTESIAN_POINT('',(56.322937,-28.671786,0.));
#2307 = DIRECTION('',(-0.,0.,-1.));
#2308 = DIRECTION('',(4.736951571734E-14,-1.,-0.));
#2309 = FACE_BOUND('',#2310,.F.);
#2310 = EDGE_LOOP('',(#2311));
#2311 = ORIENTED_EDGE('',*,*,#2312,.T.);
#2312 = EDGE_CURVE('',#2313,#2313,#2315,.T.);
#2313 = VERTEX_POINT('',#2314);
#2314 = CARTESIAN_POINT('',(58.322937,-27.421786,0.));
#2315 = CIRCLE('',#2316,0.95);
#2316 = AXIS2_PLACEMENT_3D('',#2317,#2318,#2319);
#2317 = CARTESIAN_POINT('',(58.322937,-26.471786,0.));
#2318 = DIRECTION('',(-0.,0.,-1.));
#2319 = DIRECTION('',(7.479397218527E-15,-1.,-0.));
#2320 = FACE_BOUND('',#2321,.F.);
#2321 = EDGE_LOOP('',(#2322));
#2322 = ORIENTED_EDGE('',*,*,#2323,.T.);
#2323 = EDGE_CURVE('',#2324,#2324,#2326,.T.);
#2324 = VERTEX_POINT('',#2325);
#2325 = CARTESIAN_POINT('',(63.822937,-28.971786,0.));
#2326 = CIRCLE('',#2327,2.5);
#2327 = AXIS2_PLACEMENT_3D('',#2328,#2329,#2330);
#2328 = CARTESIAN_POINT('',(63.822937,-26.471786,0.));
#2329 = DIRECTION('',(-0.,0.,-1.));
#2330 = DIRECTION('',(2.84217094304E-15,-1.,-0.));
#2331 = FACE_BOUND('',#2332,.F.);
#2332 = EDGE_LOOP('',(#2333));
#2333 = ORIENTED_EDGE('',*,*,#2334,.T.);
#2334 = EDGE_CURVE('',#2335,#2335,#2337,.T.);
#2335 = VERTEX_POINT('',#2336);
#2336 = CARTESIAN_POINT('',(58.822937,-24.221786,0.));
#2337 = CIRCLE('',#2338,1.5);
#2338 = AXIS2_PLACEMENT_3D('',#2339,#2340,#2341);
#2339 = CARTESIAN_POINT('',(58.822937,-22.721786,0.));
#2340 = DIRECTION('',(-0.,0.,-1.));
#2341 = DIRECTION('',(-0.,-1.,0.));
#2342 = FACE_BOUND('',#2343,.F.);
#2343 = EDGE_LOOP('',(#2344));
#2344 = ORIENTED_EDGE('',*,*,#2345,.T.);
#2345 = EDGE_CURVE('',#2346,#2346,#2348,.T.);
#2346 = VERTEX_POINT('',#2347);
#2347 = CARTESIAN_POINT('',(63.822937,-22.021786,0.));
#2348 = CIRCLE('',#2349,1.5);
#2349 = AXIS2_PLACEMENT_3D('',#2350,#2351,#2352);
#2350 = CARTESIAN_POINT('',(63.822937,-20.521786,0.));
#2351 = DIRECTION('',(-0.,0.,-1.));
#2352 = DIRECTION('',(4.736951571734E-15,-1.,-0.));
#2353 = FACE_BOUND('',#2354,.F.);
#2354 = EDGE_LOOP('',(#2355));
#2355 = ORIENTED_EDGE('',*,*,#2356,.T.);
#2356 = EDGE_CURVE('',#2357,#2357,#2359,.T.);
#2357 = VERTEX_POINT('',#2358);
#2358 = CARTESIAN_POINT('',(69.322937,-27.421786,0.));
#2359 = CIRCLE('',#2360,0.95);
#2360 = AXIS2_PLACEMENT_3D('',#2361,#2362,#2363);
#2361 = CARTESIAN_POINT('',(69.322937,-26.471786,0.));
#2362 = DIRECTION('',(-0.,0.,-1.));
#2363 = DIRECTION('',(-0.,-1.,0.));
#2364 = FACE_BOUND('',#2365,.F.);
#2365 = EDGE_LOOP('',(#2366));
#2366 = ORIENTED_EDGE('',*,*,#2367,.T.);
#2367 = EDGE_CURVE('',#2368,#2368,#2370,.T.);
#2368 = VERTEX_POINT('',#2369);
#2369 = CARTESIAN_POINT('',(77.872937,-30.508286,0.));
#2370 = CIRCLE('',#2371,1.5);
#2371 = AXIS2_PLACEMENT_3D('',#2372,#2373,#2374);
#2372 = CARTESIAN_POINT('',(77.872937,-29.008286,0.));
#2373 = DIRECTION('',(-0.,0.,-1.));
#2374 = DIRECTION('',(-0.,-1.,0.));
#2375 = FACE_BOUND('',#2376,.F.);
#2376 = EDGE_LOOP('',(#2377));
#2377 = ORIENTED_EDGE('',*,*,#2378,.T.);
#2378 = EDGE_CURVE('',#2379,#2379,#2381,.T.);
#2379 = VERTEX_POINT('',#2380);
#2380 = CARTESIAN_POINT('',(68.822937,-24.221786,0.));
#2381 = CIRCLE('',#2382,1.5);
#2382 = AXIS2_PLACEMENT_3D('',#2383,#2384,#2385);
#2383 = CARTESIAN_POINT('',(68.822937,-22.721786,0.));
#2384 = DIRECTION('',(-0.,0.,-1.));
#2385 = DIRECTION('',(-0.,-1.,0.));
#2386 = FACE_BOUND('',#2387,.F.);
#2387 = EDGE_LOOP('',(#2388));
#2388 = ORIENTED_EDGE('',*,*,#2389,.T.);
#2389 = EDGE_CURVE('',#2390,#2390,#2392,.T.);
#2390 = VERTEX_POINT('',#2391);
#2391 = CARTESIAN_POINT('',(92.397937,-63.481036,0.));
#2392 = CIRCLE('',#2393,1.1);
#2393 = AXIS2_PLACEMENT_3D('',#2394,#2395,#2396);
#2394 = CARTESIAN_POINT('',(92.397937,-62.381036,0.));
#2395 = DIRECTION('',(-0.,0.,-1.));
#2396 = DIRECTION('',(-0.,-1.,0.));
#2397 = FACE_BOUND('',#2398,.F.);
#2398 = EDGE_LOOP('',(#2399));
#2399 = ORIENTED_EDGE('',*,*,#2400,.T.);
#2400 = EDGE_CURVE('',#2401,#2401,#2403,.T.);
#2401 = VERTEX_POINT('',#2402);
#2402 = CARTESIAN_POINT('',(82.872937,-54.308286,0.));
#2403 = CIRCLE('',#2404,2.5);
#2404 = AXIS2_PLACEMENT_3D('',#2405,#2406,#2407);
#2405 = CARTESIAN_POINT('',(82.872937,-51.808286,0.));
#2406 = DIRECTION('',(-0.,0.,-1.));
#2407 = DIRECTION('',(-0.,-1.,0.));
#2408 = FACE_BOUND('',#2409,.F.);
#2409 = EDGE_LOOP('',(#2410));
#2410 = ORIENTED_EDGE('',*,*,#2411,.T.);
#2411 = EDGE_CURVE('',#2412,#2412,#2414,.T.);
#2412 = VERTEX_POINT('',#2413);
#2413 = CARTESIAN_POINT('',(87.872937,-57.758286,0.));
#2414 = CIRCLE('',#2415,0.8);
#2415 = AXIS2_PLACEMENT_3D('',#2416,#2417,#2418);
#2416 = CARTESIAN_POINT('',(87.872937,-56.958286,0.));
#2417 = DIRECTION('',(-0.,0.,-1.));
#2418 = DIRECTION('',(-1.7763568394E-14,-1.,0.));
#2419 = FACE_BOUND('',#2420,.F.);
#2420 = EDGE_LOOP('',(#2421));
#2421 = ORIENTED_EDGE('',*,*,#2422,.T.);
#2422 = EDGE_CURVE('',#2423,#2423,#2425,.T.);
#2423 = VERTEX_POINT('',#2424);
#2424 = CARTESIAN_POINT('',(88.372937,-52.758286,0.));
#2425 = CIRCLE('',#2426,0.95);
#2426 = AXIS2_PLACEMENT_3D('',#2427,#2428,#2429);
#2427 = CARTESIAN_POINT('',(88.372937,-51.808286,0.));
#2428 = DIRECTION('',(-0.,0.,-1.));
#2429 = DIRECTION('',(-1.495879443705E-14,-1.,0.));
#2430 = FACE_BOUND('',#2431,.F.);
#2431 = EDGE_LOOP('',(#2432));
#2432 = ORIENTED_EDGE('',*,*,#2433,.T.);
#2433 = EDGE_CURVE('',#2434,#2434,#2436,.T.);
#2434 = VERTEX_POINT('',#2435);
#2435 = CARTESIAN_POINT('',(94.422937,-59.053786,0.));
#2436 = CIRCLE('',#2437,0.15);
#2437 = AXIS2_PLACEMENT_3D('',#2438,#2439,#2440);
#2438 = CARTESIAN_POINT('',(94.422937,-58.903786,0.));
#2439 = DIRECTION('',(-0.,0.,-1.));
#2440 = DIRECTION('',(9.473903143467E-14,-1.,-0.));
#2441 = FACE_BOUND('',#2442,.F.);
#2442 = EDGE_LOOP('',(#2443));
#2443 = ORIENTED_EDGE('',*,*,#2444,.T.);
#2444 = EDGE_CURVE('',#2445,#2445,#2447,.T.);
#2445 = VERTEX_POINT('',#2446);
#2446 = CARTESIAN_POINT('',(96.922937,-59.853786,0.));
#2447 = CIRCLE('',#2448,0.8);
#2448 = AXIS2_PLACEMENT_3D('',#2449,#2450,#2451);
#2449 = CARTESIAN_POINT('',(96.922937,-59.053786,0.));
#2450 = DIRECTION('',(-0.,0.,-1.));
#2451 = DIRECTION('',(1.7763568394E-14,-1.,-0.));
#2452 = FACE_BOUND('',#2453,.F.);
#2453 = EDGE_LOOP('',(#2454));
#2454 = ORIENTED_EDGE('',*,*,#2455,.T.);
#2455 = EDGE_CURVE('',#2456,#2456,#2458,.T.);
#2456 = VERTEX_POINT('',#2457);
#2457 = CARTESIAN_POINT('',(106.922937,-59.853786,0.));
#2458 = CIRCLE('',#2459,0.8);
#2459 = AXIS2_PLACEMENT_3D('',#2460,#2461,#2462);
#2460 = CARTESIAN_POINT('',(106.922937,-59.053786,0.));
#2461 = DIRECTION('',(-0.,0.,-1.));
#2462 = DIRECTION('',(1.7763568394E-14,-1.,-0.));
#2463 = FACE_BOUND('',#2464,.F.);
#2464 = EDGE_LOOP('',(#2465));
#2465 = ORIENTED_EDGE('',*,*,#2466,.T.);
#2466 = EDGE_CURVE('',#2467,#2467,#2469,.T.);
#2467 = VERTEX_POINT('',#2468);
#2468 = CARTESIAN_POINT('',(94.422937,-56.253786,0.));
#2469 = CIRCLE('',#2470,0.15);
#2470 = AXIS2_PLACEMENT_3D('',#2471,#2472,#2473);
#2471 = CARTESIAN_POINT('',(94.422937,-56.103786,0.));
#2472 = DIRECTION('',(-0.,0.,-1.));
#2473 = DIRECTION('',(9.473903143467E-14,-1.,-0.));
#2474 = FACE_BOUND('',#2475,.F.);
#2475 = EDGE_LOOP('',(#2476));
#2476 = ORIENTED_EDGE('',*,*,#2477,.T.);
#2477 = EDGE_CURVE('',#2478,#2478,#2480,.T.);
#2478 = VERTEX_POINT('',#2479);
#2479 = CARTESIAN_POINT('',(96.422937,-54.853786,0.));
#2480 = CIRCLE('',#2481,0.95);
#2481 = AXIS2_PLACEMENT_3D('',#2482,#2483,#2484);
#2482 = CARTESIAN_POINT('',(96.422937,-53.903786,0.));
#2483 = DIRECTION('',(-0.,0.,-1.));
#2484 = DIRECTION('',(1.495879443705E-14,-1.,-0.));
#2485 = FACE_BOUND('',#2486,.F.);
#2486 = EDGE_LOOP('',(#2487));
#2487 = ORIENTED_EDGE('',*,*,#2488,.T.);
#2488 = EDGE_CURVE('',#2489,#2489,#2491,.T.);
#2489 = VERTEX_POINT('',#2490);
#2490 = CARTESIAN_POINT('',(101.922937,-56.403786,0.));
#2491 = CIRCLE('',#2492,2.5);
#2492 = AXIS2_PLACEMENT_3D('',#2493,#2494,#2495);
#2493 = CARTESIAN_POINT('',(101.922937,-53.903786,0.));
#2494 = DIRECTION('',(-0.,0.,-1.));
#2495 = DIRECTION('',(-0.,-1.,0.));
#2496 = FACE_BOUND('',#2497,.F.);
#2497 = EDGE_LOOP('',(#2498));
#2498 = ORIENTED_EDGE('',*,*,#2499,.T.);
#2499 = EDGE_CURVE('',#2500,#2500,#2502,.T.);
#2500 = VERTEX_POINT('',#2501);
#2501 = CARTESIAN_POINT('',(107.422937,-54.853786,0.));
#2502 = CIRCLE('',#2503,0.95);
#2503 = AXIS2_PLACEMENT_3D('',#2504,#2505,#2506);
#2504 = CARTESIAN_POINT('',(107.422937,-53.903786,0.));
#2505 = DIRECTION('',(-0.,0.,-1.));
#2506 = DIRECTION('',(1.495879443705E-14,-1.,-0.));
#2507 = FACE_BOUND('',#2508,.F.);
#2508 = EDGE_LOOP('',(#2509));
#2509 = ORIENTED_EDGE('',*,*,#2510,.T.);
#2510 = EDGE_CURVE('',#2511,#2511,#2513,.T.);
#2511 = VERTEX_POINT('',#2512);
#2512 = CARTESIAN_POINT('',(87.872937,-49.558286,0.));
#2513 = CIRCLE('',#2514,1.5);
#2514 = AXIS2_PLACEMENT_3D('',#2515,#2516,#2517);
#2515 = CARTESIAN_POINT('',(87.872937,-48.058286,0.));
#2516 = DIRECTION('',(-0.,0.,-1.));
#2517 = DIRECTION('',(-0.,-1.,0.));
#2518 = FACE_BOUND('',#2519,.F.);
#2519 = EDGE_LOOP('',(#2520));
#2520 = ORIENTED_EDGE('',*,*,#2521,.T.);
#2521 = EDGE_CURVE('',#2522,#2522,#2524,.T.);
#2522 = VERTEX_POINT('',#2523);
#2523 = CARTESIAN_POINT('',(82.872937,-47.358286,0.));
#2524 = CIRCLE('',#2525,1.5);
#2525 = AXIS2_PLACEMENT_3D('',#2526,#2527,#2528);
#2526 = CARTESIAN_POINT('',(82.872937,-45.858286,0.));
#2527 = DIRECTION('',(-0.,0.,-1.));
#2528 = DIRECTION('',(-0.,-1.,0.));
#2529 = FACE_BOUND('',#2530,.F.);
#2530 = EDGE_LOOP('',(#2531));
#2531 = ORIENTED_EDGE('',*,*,#2532,.T.);
#2532 = EDGE_CURVE('',#2533,#2533,#2535,.T.);
#2533 = VERTEX_POINT('',#2534);
#2534 = CARTESIAN_POINT('',(92.397937,-44.431036,0.));
#2535 = CIRCLE('',#2536,1.1);
#2536 = AXIS2_PLACEMENT_3D('',#2537,#2538,#2539);
#2537 = CARTESIAN_POINT('',(92.397937,-43.331036,0.));
#2538 = DIRECTION('',(-0.,0.,-1.));
#2539 = DIRECTION('',(-0.,-1.,0.));
#2540 = FACE_BOUND('',#2541,.F.);
#2541 = EDGE_LOOP('',(#2542));
#2542 = ORIENTED_EDGE('',*,*,#2543,.T.);
#2543 = EDGE_CURVE('',#2544,#2544,#2546,.T.);
#2544 = VERTEX_POINT('',#2545);
#2545 = CARTESIAN_POINT('',(96.922937,-51.653786,0.));
#2546 = CIRCLE('',#2547,1.5);
#2547 = AXIS2_PLACEMENT_3D('',#2548,#2549,#2550);
#2548 = CARTESIAN_POINT('',(96.922937,-50.153786,0.));
#2549 = DIRECTION('',(-0.,0.,-1.));
#2550 = DIRECTION('',(-0.,-1.,0.));
#2551 = FACE_BOUND('',#2552,.F.);
#2552 = EDGE_LOOP('',(#2553));
#2553 = ORIENTED_EDGE('',*,*,#2554,.T.);
#2554 = EDGE_CURVE('',#2555,#2555,#2557,.T.);
#2555 = VERTEX_POINT('',#2556);
#2556 = CARTESIAN_POINT('',(101.922937,-49.453786,0.));
#2557 = CIRCLE('',#2558,1.5);
#2558 = AXIS2_PLACEMENT_3D('',#2559,#2560,#2561);
#2559 = CARTESIAN_POINT('',(101.922937,-47.953786,0.));
#2560 = DIRECTION('',(-0.,0.,-1.));
#2561 = DIRECTION('',(-0.,-1.,0.));
#2562 = FACE_BOUND('',#2563,.F.);
#2563 = EDGE_LOOP('',(#2564));
#2564 = ORIENTED_EDGE('',*,*,#2565,.T.);
#2565 = EDGE_CURVE('',#2566,#2566,#2568,.T.);
#2566 = VERTEX_POINT('',#2567);
#2567 = CARTESIAN_POINT('',(106.922937,-51.653786,0.));
#2568 = CIRCLE('',#2569,1.5);
#2569 = AXIS2_PLACEMENT_3D('',#2570,#2571,#2572);
#2570 = CARTESIAN_POINT('',(106.922937,-50.153786,0.));
#2571 = DIRECTION('',(-0.,0.,-1.));
#2572 = DIRECTION('',(-0.,-1.,0.));
#2573 = FACE_BOUND('',#2574,.F.);
#2574 = EDGE_LOOP('',(#2575));
#2575 = ORIENTED_EDGE('',*,*,#2576,.T.);
#2576 = EDGE_CURVE('',#2577,#2577,#2579,.T.);
#2577 = VERTEX_POINT('',#2578);
#2578 = CARTESIAN_POINT('',(116.302937,-62.873786,0.));
#2579 = CIRCLE('',#2580,0.5);
#2580 = AXIS2_PLACEMENT_3D('',#2581,#2582,#2583);
#2581 = CARTESIAN_POINT('',(116.302937,-62.373786,0.));
#2582 = DIRECTION('',(-0.,0.,-1.));
#2583 = DIRECTION('',(-0.,-1.,0.));
#2584 = FACE_BOUND('',#2585,.F.);
#2585 = EDGE_LOOP('',(#2586));
#2586 = ORIENTED_EDGE('',*,*,#2587,.T.);
#2587 = EDGE_CURVE('',#2588,#2588,#2590,.T.);
#2588 = VERTEX_POINT('',#2589);
#2589 = CARTESIAN_POINT('',(116.302937,-60.333786,0.));
#2590 = CIRCLE('',#2591,0.5);
#2591 = AXIS2_PLACEMENT_3D('',#2592,#2593,#2594);
#2592 = CARTESIAN_POINT('',(116.302937,-59.833786,0.));
#2593 = DIRECTION('',(-0.,0.,-1.));
#2594 = DIRECTION('',(-0.,-1.,0.));
#2595 = FACE_BOUND('',#2596,.F.);
#2596 = EDGE_LOOP('',(#2597));
#2597 = ORIENTED_EDGE('',*,*,#2598,.T.);
#2598 = EDGE_CURVE('',#2599,#2599,#2601,.T.);
#2599 = VERTEX_POINT('',#2600);
#2600 = CARTESIAN_POINT('',(116.302937,-57.793786,0.));
#2601 = CIRCLE('',#2602,0.5);
#2602 = AXIS2_PLACEMENT_3D('',#2603,#2604,#2605);
#2603 = CARTESIAN_POINT('',(116.302937,-57.293786,0.));
#2604 = DIRECTION('',(-0.,0.,-1.));
#2605 = DIRECTION('',(-0.,-1.,0.));
#2606 = FACE_BOUND('',#2607,.F.);
#2607 = EDGE_LOOP('',(#2608));
#2608 = ORIENTED_EDGE('',*,*,#2609,.T.);
#2609 = EDGE_CURVE('',#2610,#2610,#2612,.T.);
#2610 = VERTEX_POINT('',#2611);
#2611 = CARTESIAN_POINT('',(120.660937,-62.573786,0.));
#2612 = CIRCLE('',#2613,0.2);
#2613 = AXIS2_PLACEMENT_3D('',#2614,#2615,#2616);
#2614 = CARTESIAN_POINT('',(120.660937,-62.373786,0.));
#2615 = DIRECTION('',(-0.,0.,-1.));
#2616 = DIRECTION('',(-0.,-1.,0.));
#2617 = FACE_BOUND('',#2618,.F.);
#2618 = EDGE_LOOP('',(#2619));
#2619 = ORIENTED_EDGE('',*,*,#2620,.T.);
#2620 = EDGE_CURVE('',#2621,#2621,#2623,.T.);
#2621 = VERTEX_POINT('',#2622);
#2622 = CARTESIAN_POINT('',(120.660937,-60.033786,0.));
#2623 = CIRCLE('',#2624,0.2);
#2624 = AXIS2_PLACEMENT_3D('',#2625,#2626,#2627);
#2625 = CARTESIAN_POINT('',(120.660937,-59.833786,0.));
#2626 = DIRECTION('',(-0.,0.,-1.));
#2627 = DIRECTION('',(-0.,-1.,0.));
#2628 = FACE_BOUND('',#2629,.F.);
#2629 = EDGE_LOOP('',(#2630));
#2630 = ORIENTED_EDGE('',*,*,#2631,.T.);
#2631 = EDGE_CURVE('',#2632,#2632,#2634,.T.);
#2632 = VERTEX_POINT('',#2633);
#2633 = CARTESIAN_POINT('',(120.660937,-57.493786,0.));
#2634 = CIRCLE('',#2635,0.2);
#2635 = AXIS2_PLACEMENT_3D('',#2636,#2637,#2638);
#2636 = CARTESIAN_POINT('',(120.660937,-57.293786,0.));
#2637 = DIRECTION('',(-0.,0.,-1.));
#2638 = DIRECTION('',(-0.,-1.,0.));
#2639 = FACE_BOUND('',#2640,.F.);
#2640 = EDGE_LOOP('',(#2641));
#2641 = ORIENTED_EDGE('',*,*,#2642,.T.);
#2642 = EDGE_CURVE('',#2643,#2643,#2645,.T.);
#2643 = VERTEX_POINT('',#2644);
#2644 = CARTESIAN_POINT('',(116.302937,-55.253786,0.));
#2645 = CIRCLE('',#2646,0.5);
#2646 = AXIS2_PLACEMENT_3D('',#2647,#2648,#2649);
#2647 = CARTESIAN_POINT('',(116.302937,-54.753786,0.));
#2648 = DIRECTION('',(-0.,0.,-1.));
#2649 = DIRECTION('',(-0.,-1.,0.));
#2650 = FACE_BOUND('',#2651,.F.);
#2651 = EDGE_LOOP('',(#2652));
#2652 = ORIENTED_EDGE('',*,*,#2653,.T.);
#2653 = EDGE_CURVE('',#2654,#2654,#2656,.T.);
#2654 = VERTEX_POINT('',#2655);
#2655 = CARTESIAN_POINT('',(116.302937,-52.713786,0.));
#2656 = CIRCLE('',#2657,0.5);
#2657 = AXIS2_PLACEMENT_3D('',#2658,#2659,#2660);
#2658 = CARTESIAN_POINT('',(116.302937,-52.213786,0.));
#2659 = DIRECTION('',(-0.,0.,-1.));
#2660 = DIRECTION('',(-0.,-1.,0.));
#2661 = FACE_BOUND('',#2662,.F.);
#2662 = EDGE_LOOP('',(#2663));
#2663 = ORIENTED_EDGE('',*,*,#2664,.T.);
#2664 = EDGE_CURVE('',#2665,#2665,#2667,.T.);
#2665 = VERTEX_POINT('',#2666);
#2666 = CARTESIAN_POINT('',(120.660937,-54.953786,0.));
#2667 = CIRCLE('',#2668,0.2);
#2668 = AXIS2_PLACEMENT_3D('',#2669,#2670,#2671);
#2669 = CARTESIAN_POINT('',(120.660937,-54.753786,0.));
#2670 = DIRECTION('',(-0.,0.,-1.));
#2671 = DIRECTION('',(-0.,-1.,0.));
#2672 = FACE_BOUND('',#2673,.F.);
#2673 = EDGE_LOOP('',(#2674));
#2674 = ORIENTED_EDGE('',*,*,#2675,.T.);
#2675 = EDGE_CURVE('',#2676,#2676,#2678,.T.);
#2676 = VERTEX_POINT('',#2677);
#2677 = CARTESIAN_POINT('',(120.660937,-52.413786,0.));
#2678 = CIRCLE('',#2679,0.2);
#2679 = AXIS2_PLACEMENT_3D('',#2680,#2681,#2682);
#2680 = CARTESIAN_POINT('',(120.660937,-52.213786,0.));
#2681 = DIRECTION('',(-0.,0.,-1.));
#2682 = DIRECTION('',(-0.,-1.,0.));
#2683 = FACE_BOUND('',#2684,.F.);
#2684 = EDGE_LOOP('',(#2685));
#2685 = ORIENTED_EDGE('',*,*,#2686,.T.);
#2686 = EDGE_CURVE('',#2687,#2687,#2689,.T.);
#2687 = VERTEX_POINT('',#2688);
#2688 = CARTESIAN_POINT('',(127.184937,-62.573786,0.));
#2689 = CIRCLE('',#2690,0.2);
#2690 = AXIS2_PLACEMENT_3D('',#2691,#2692,#2693);
#2691 = CARTESIAN_POINT('',(127.184937,-62.373786,0.));
#2692 = DIRECTION('',(-0.,0.,-1.));
#2693 = DIRECTION('',(7.105427357601E-14,-1.,-0.));
#2694 = FACE_BOUND('',#2695,.F.);
#2695 = EDGE_LOOP('',(#2696));
#2696 = ORIENTED_EDGE('',*,*,#2697,.T.);
#2697 = EDGE_CURVE('',#2698,#2698,#2700,.T.);
#2698 = VERTEX_POINT('',#2699);
#2699 = CARTESIAN_POINT('',(127.184937,-60.033786,0.));
#2700 = CIRCLE('',#2701,0.2);
#2701 = AXIS2_PLACEMENT_3D('',#2702,#2703,#2704);
#2702 = CARTESIAN_POINT('',(127.184937,-59.833786,0.));
#2703 = DIRECTION('',(-0.,0.,-1.));
#2704 = DIRECTION('',(7.105427357601E-14,-1.,-0.));
#2705 = FACE_BOUND('',#2706,.F.);
#2706 = EDGE_LOOP('',(#2707));
#2707 = ORIENTED_EDGE('',*,*,#2708,.T.);
#2708 = EDGE_CURVE('',#2709,#2709,#2711,.T.);
#2709 = VERTEX_POINT('',#2710);
#2710 = CARTESIAN_POINT('',(131.542937,-62.873786,0.));
#2711 = CIRCLE('',#2712,0.5);
#2712 = AXIS2_PLACEMENT_3D('',#2713,#2714,#2715);
#2713 = CARTESIAN_POINT('',(131.542937,-62.373786,0.));
#2714 = DIRECTION('',(-0.,0.,-1.));
#2715 = DIRECTION('',(-0.,-1.,0.));
#2716 = FACE_BOUND('',#2717,.F.);
#2717 = EDGE_LOOP('',(#2718));
#2718 = ORIENTED_EDGE('',*,*,#2719,.T.);
#2719 = EDGE_CURVE('',#2720,#2720,#2722,.T.);
#2720 = VERTEX_POINT('',#2721);
#2721 = CARTESIAN_POINT('',(131.542937,-60.333786,0.));
#2722 = CIRCLE('',#2723,0.5);
#2723 = AXIS2_PLACEMENT_3D('',#2724,#2725,#2726);
#2724 = CARTESIAN_POINT('',(131.542937,-59.833786,0.));
#2725 = DIRECTION('',(-0.,0.,-1.));
#2726 = DIRECTION('',(-0.,-1.,0.));
#2727 = FACE_BOUND('',#2728,.F.);
#2728 = EDGE_LOOP('',(#2729));
#2729 = ORIENTED_EDGE('',*,*,#2730,.T.);
#2730 = EDGE_CURVE('',#2731,#2731,#2733,.T.);
#2731 = VERTEX_POINT('',#2732);
#2732 = CARTESIAN_POINT('',(127.184937,-57.493786,0.));
#2733 = CIRCLE('',#2734,0.2);
#2734 = AXIS2_PLACEMENT_3D('',#2735,#2736,#2737);
#2735 = CARTESIAN_POINT('',(127.184937,-57.293786,0.));
#2736 = DIRECTION('',(-0.,0.,-1.));
#2737 = DIRECTION('',(7.105427357601E-14,-1.,-0.));
#2738 = FACE_BOUND('',#2739,.F.);
#2739 = EDGE_LOOP('',(#2740));
#2740 = ORIENTED_EDGE('',*,*,#2741,.T.);
#2741 = EDGE_CURVE('',#2742,#2742,#2744,.T.);
#2742 = VERTEX_POINT('',#2743);
#2743 = CARTESIAN_POINT('',(131.542937,-57.793786,0.));
#2744 = CIRCLE('',#2745,0.5);
#2745 = AXIS2_PLACEMENT_3D('',#2746,#2747,#2748);
#2746 = CARTESIAN_POINT('',(131.542937,-57.293786,0.));
#2747 = DIRECTION('',(-0.,0.,-1.));
#2748 = DIRECTION('',(-0.,-1.,0.));
#2749 = FACE_BOUND('',#2750,.F.);
#2750 = EDGE_LOOP('',(#2751));
#2751 = ORIENTED_EDGE('',*,*,#2752,.T.);
#2752 = EDGE_CURVE('',#2753,#2753,#2755,.T.);
#2753 = VERTEX_POINT('',#2754);
#2754 = CARTESIAN_POINT('',(127.184937,-54.953786,0.));
#2755 = CIRCLE('',#2756,0.2);
#2756 = AXIS2_PLACEMENT_3D('',#2757,#2758,#2759);
#2757 = CARTESIAN_POINT('',(127.184937,-54.753786,0.));
#2758 = DIRECTION('',(-0.,0.,-1.));
#2759 = DIRECTION('',(7.105427357601E-14,-1.,-0.));
#2760 = FACE_BOUND('',#2761,.F.);
#2761 = EDGE_LOOP('',(#2762));
#2762 = ORIENTED_EDGE('',*,*,#2763,.T.);
#2763 = EDGE_CURVE('',#2764,#2764,#2766,.T.);
#2764 = VERTEX_POINT('',#2765);
#2765 = CARTESIAN_POINT('',(131.542937,-55.253786,0.));
#2766 = CIRCLE('',#2767,0.5);
#2767 = AXIS2_PLACEMENT_3D('',#2768,#2769,#2770);
#2768 = CARTESIAN_POINT('',(131.542937,-54.753786,0.));
#2769 = DIRECTION('',(-0.,0.,-1.));
#2770 = DIRECTION('',(-0.,-1.,0.));
#2771 = FACE_BOUND('',#2772,.F.);
#2772 = EDGE_LOOP('',(#2773));
#2773 = ORIENTED_EDGE('',*,*,#2774,.T.);
#2774 = EDGE_CURVE('',#2775,#2775,#2777,.T.);
#2775 = VERTEX_POINT('',#2776);
#2776 = CARTESIAN_POINT('',(127.184937,-52.413786,0.));
#2777 = CIRCLE('',#2778,0.2);
#2778 = AXIS2_PLACEMENT_3D('',#2779,#2780,#2781);
#2779 = CARTESIAN_POINT('',(127.184937,-52.213786,0.));
#2780 = DIRECTION('',(-0.,0.,-1.));
#2781 = DIRECTION('',(7.105427357601E-14,-1.,-0.));
#2782 = FACE_BOUND('',#2783,.F.);
#2783 = EDGE_LOOP('',(#2784));
#2784 = ORIENTED_EDGE('',*,*,#2785,.T.);
#2785 = EDGE_CURVE('',#2786,#2786,#2788,.T.);
#2786 = VERTEX_POINT('',#2787);
#2787 = CARTESIAN_POINT('',(131.542937,-52.713786,0.));
#2788 = CIRCLE('',#2789,0.5);
#2789 = AXIS2_PLACEMENT_3D('',#2790,#2791,#2792);
#2790 = CARTESIAN_POINT('',(131.542937,-52.213786,0.));
#2791 = DIRECTION('',(-0.,0.,-1.));
#2792 = DIRECTION('',(-0.,-1.,0.));
#2793 = FACE_BOUND('',#2794,.F.);
#2794 = EDGE_LOOP('',(#2795));
#2795 = ORIENTED_EDGE('',*,*,#2796,.T.);
#2796 = EDGE_CURVE('',#2797,#2797,#2799,.T.);
#2797 = VERTEX_POINT('',#2798);
#2798 = CARTESIAN_POINT('',(116.302937,-50.173786,0.));
#2799 = CIRCLE('',#2800,0.5);
#2800 = AXIS2_PLACEMENT_3D('',#2801,#2802,#2803);
#2801 = CARTESIAN_POINT('',(116.302937,-49.673786,0.));
#2802 = DIRECTION('',(-0.,0.,-1.));
#2803 = DIRECTION('',(-0.,-1.,0.));
#2804 = FACE_BOUND('',#2805,.F.);
#2805 = EDGE_LOOP('',(#2806));
#2806 = ORIENTED_EDGE('',*,*,#2807,.T.);
#2807 = EDGE_CURVE('',#2808,#2808,#2810,.T.);
#2808 = VERTEX_POINT('',#2809);
#2809 = CARTESIAN_POINT('',(116.302937,-47.633786,0.));
#2810 = CIRCLE('',#2811,0.5);
#2811 = AXIS2_PLACEMENT_3D('',#2812,#2813,#2814);
#2812 = CARTESIAN_POINT('',(116.302937,-47.133786,0.));
#2813 = DIRECTION('',(-0.,0.,-1.));
#2814 = DIRECTION('',(-0.,-1.,0.));
#2815 = FACE_BOUND('',#2816,.F.);
#2816 = EDGE_LOOP('',(#2817));
#2817 = ORIENTED_EDGE('',*,*,#2818,.T.);
#2818 = EDGE_CURVE('',#2819,#2819,#2821,.T.);
#2819 = VERTEX_POINT('',#2820);
#2820 = CARTESIAN_POINT('',(120.660937,-49.873786,0.));
#2821 = CIRCLE('',#2822,0.2);
#2822 = AXIS2_PLACEMENT_3D('',#2823,#2824,#2825);
#2823 = CARTESIAN_POINT('',(120.660937,-49.673786,0.));
#2824 = DIRECTION('',(-0.,0.,-1.));
#2825 = DIRECTION('',(-0.,-1.,0.));
#2826 = FACE_BOUND('',#2827,.F.);
#2827 = EDGE_LOOP('',(#2828));
#2828 = ORIENTED_EDGE('',*,*,#2829,.T.);
#2829 = EDGE_CURVE('',#2830,#2830,#2832,.T.);
#2830 = VERTEX_POINT('',#2831);
#2831 = CARTESIAN_POINT('',(120.660937,-47.333786,0.));
#2832 = CIRCLE('',#2833,0.2);
#2833 = AXIS2_PLACEMENT_3D('',#2834,#2835,#2836);
#2834 = CARTESIAN_POINT('',(120.660937,-47.133786,0.));
#2835 = DIRECTION('',(-0.,0.,-1.));
#2836 = DIRECTION('',(-0.,-1.,0.));
#2837 = FACE_BOUND('',#2838,.F.);
#2838 = EDGE_LOOP('',(#2839));
#2839 = ORIENTED_EDGE('',*,*,#2840,.T.);
#2840 = EDGE_CURVE('',#2841,#2841,#2843,.T.);
#2841 = VERTEX_POINT('',#2842);
#2842 = CARTESIAN_POINT('',(116.302937,-45.093786,0.));
#2843 = CIRCLE('',#2844,0.5);
#2844 = AXIS2_PLACEMENT_3D('',#2845,#2846,#2847);
#2845 = CARTESIAN_POINT('',(116.302937,-44.593786,0.));
#2846 = DIRECTION('',(-0.,0.,-1.));
#2847 = DIRECTION('',(-0.,-1.,0.));
#2848 = FACE_BOUND('',#2849,.F.);
#2849 = EDGE_LOOP('',(#2850));
#2850 = ORIENTED_EDGE('',*,*,#2851,.T.);
#2851 = EDGE_CURVE('',#2852,#2852,#2854,.T.);
#2852 = VERTEX_POINT('',#2853);
#2853 = CARTESIAN_POINT('',(116.302937,-42.553786,0.));
#2854 = CIRCLE('',#2855,0.5);
#2855 = AXIS2_PLACEMENT_3D('',#2856,#2857,#2858);
#2856 = CARTESIAN_POINT('',(116.302937,-42.053786,0.));
#2857 = DIRECTION('',(-0.,0.,-1.));
#2858 = DIRECTION('',(-0.,-1.,0.));
#2859 = FACE_BOUND('',#2860,.F.);
#2860 = EDGE_LOOP('',(#2861));
#2861 = ORIENTED_EDGE('',*,*,#2862,.T.);
#2862 = EDGE_CURVE('',#2863,#2863,#2865,.T.);
#2863 = VERTEX_POINT('',#2864);
#2864 = CARTESIAN_POINT('',(120.660937,-44.793786,0.));
#2865 = CIRCLE('',#2866,0.2);
#2866 = AXIS2_PLACEMENT_3D('',#2867,#2868,#2869);
#2867 = CARTESIAN_POINT('',(120.660937,-44.593786,0.));
#2868 = DIRECTION('',(-0.,0.,-1.));
#2869 = DIRECTION('',(-0.,-1.,0.));
#2870 = FACE_BOUND('',#2871,.F.);
#2871 = EDGE_LOOP('',(#2872));
#2872 = ORIENTED_EDGE('',*,*,#2873,.T.);
#2873 = EDGE_CURVE('',#2874,#2874,#2876,.T.);
#2874 = VERTEX_POINT('',#2875);
#2875 = CARTESIAN_POINT('',(120.660937,-42.253786,0.));
#2876 = CIRCLE('',#2877,0.2);
#2877 = AXIS2_PLACEMENT_3D('',#2878,#2879,#2880);
#2878 = CARTESIAN_POINT('',(120.660937,-42.053786,0.));
#2879 = DIRECTION('',(-0.,0.,-1.));
#2880 = DIRECTION('',(-0.,-1.,0.));
#2881 = FACE_BOUND('',#2882,.F.);
#2882 = EDGE_LOOP('',(#2883));
#2883 = ORIENTED_EDGE('',*,*,#2884,.T.);
#2884 = EDGE_CURVE('',#2885,#2885,#2887,.T.);
#2885 = VERTEX_POINT('',#2886);
#2886 = CARTESIAN_POINT('',(127.184937,-49.873786,0.));
#2887 = CIRCLE('',#2888,0.2);
#2888 = AXIS2_PLACEMENT_3D('',#2889,#2890,#2891);
#2889 = CARTESIAN_POINT('',(127.184937,-49.673786,0.));
#2890 = DIRECTION('',(-0.,0.,-1.));
#2891 = DIRECTION('',(7.105427357601E-14,-1.,-0.));
#2892 = FACE_BOUND('',#2893,.F.);
#2893 = EDGE_LOOP('',(#2894));
#2894 = ORIENTED_EDGE('',*,*,#2895,.T.);
#2895 = EDGE_CURVE('',#2896,#2896,#2898,.T.);
#2896 = VERTEX_POINT('',#2897);
#2897 = CARTESIAN_POINT('',(131.542937,-50.173786,0.));
#2898 = CIRCLE('',#2899,0.5);
#2899 = AXIS2_PLACEMENT_3D('',#2900,#2901,#2902);
#2900 = CARTESIAN_POINT('',(131.542937,-49.673786,0.));
#2901 = DIRECTION('',(-0.,0.,-1.));
#2902 = DIRECTION('',(-0.,-1.,0.));
#2903 = FACE_BOUND('',#2904,.F.);
#2904 = EDGE_LOOP('',(#2905));
#2905 = ORIENTED_EDGE('',*,*,#2906,.T.);
#2906 = EDGE_CURVE('',#2907,#2907,#2909,.T.);
#2907 = VERTEX_POINT('',#2908);
#2908 = CARTESIAN_POINT('',(127.184937,-47.333786,0.));
#2909 = CIRCLE('',#2910,0.2);
#2910 = AXIS2_PLACEMENT_3D('',#2911,#2912,#2913);
#2911 = CARTESIAN_POINT('',(127.184937,-47.133786,0.));
#2912 = DIRECTION('',(-0.,0.,-1.));
#2913 = DIRECTION('',(7.105427357601E-14,-1.,-0.));
#2914 = FACE_BOUND('',#2915,.F.);
#2915 = EDGE_LOOP('',(#2916));
#2916 = ORIENTED_EDGE('',*,*,#2917,.T.);
#2917 = EDGE_CURVE('',#2918,#2918,#2920,.T.);
#2918 = VERTEX_POINT('',#2919);
#2919 = CARTESIAN_POINT('',(131.542937,-47.633786,0.));
#2920 = CIRCLE('',#2921,0.5);
#2921 = AXIS2_PLACEMENT_3D('',#2922,#2923,#2924);
#2922 = CARTESIAN_POINT('',(131.542937,-47.133786,0.));
#2923 = DIRECTION('',(-0.,0.,-1.));
#2924 = DIRECTION('',(-0.,-1.,0.));
#2925 = FACE_BOUND('',#2926,.F.);
#2926 = EDGE_LOOP('',(#2927));
#2927 = ORIENTED_EDGE('',*,*,#2928,.T.);
#2928 = EDGE_CURVE('',#2929,#2929,#2931,.T.);
#2929 = VERTEX_POINT('',#2930);
#2930 = CARTESIAN_POINT('',(127.184937,-44.793786,0.));
#2931 = CIRCLE('',#2932,0.2);
#2932 = AXIS2_PLACEMENT_3D('',#2933,#2934,#2935);
#2933 = CARTESIAN_POINT('',(127.184937,-44.593786,0.));
#2934 = DIRECTION('',(-0.,0.,-1.));
#2935 = DIRECTION('',(7.105427357601E-14,-1.,-0.));
#2936 = FACE_BOUND('',#2937,.F.);
#2937 = EDGE_LOOP('',(#2938));
#2938 = ORIENTED_EDGE('',*,*,#2939,.T.);
#2939 = EDGE_CURVE('',#2940,#2940,#2942,.T.);
#2940 = VERTEX_POINT('',#2941);
#2941 = CARTESIAN_POINT('',(131.542937,-45.093786,0.));
#2942 = CIRCLE('',#2943,0.5);
#2943 = AXIS2_PLACEMENT_3D('',#2944,#2945,#2946);
#2944 = CARTESIAN_POINT('',(131.542937,-44.593786,0.));
#2945 = DIRECTION('',(-0.,0.,-1.));
#2946 = DIRECTION('',(-0.,-1.,0.));
#2947 = FACE_BOUND('',#2948,.F.);
#2948 = EDGE_LOOP('',(#2949));
#2949 = ORIENTED_EDGE('',*,*,#2950,.T.);
#2950 = EDGE_CURVE('',#2951,#2951,#2953,.T.);
#2951 = VERTEX_POINT('',#2952);
#2952 = CARTESIAN_POINT('',(127.184937,-42.253786,0.));
#2953 = CIRCLE('',#2954,0.2);
#2954 = AXIS2_PLACEMENT_3D('',#2955,#2956,#2957);
#2955 = CARTESIAN_POINT('',(127.184937,-42.053786,0.));
#2956 = DIRECTION('',(-0.,0.,-1.));
#2957 = DIRECTION('',(7.105427357601E-14,-1.,-0.));
#2958 = FACE_BOUND('',#2959,.F.);
#2959 = EDGE_LOOP('',(#2960));
#2960 = ORIENTED_EDGE('',*,*,#2961,.T.);
#2961 = EDGE_CURVE('',#2962,#2962,#2964,.T.);
#2962 = VERTEX_POINT('',#2963);
#2963 = CARTESIAN_POINT('',(131.542937,-42.553786,0.));
#2964 = CIRCLE('',#2965,0.5);
#2965 = AXIS2_PLACEMENT_3D('',#2966,#2967,#2968);
#2966 = CARTESIAN_POINT('',(131.542937,-42.053786,0.));
#2967 = DIRECTION('',(-0.,0.,-1.));
#2968 = DIRECTION('',(-0.,-1.,0.));
#2969 = FACE_BOUND('',#2970,.F.);
#2970 = EDGE_LOOP('',(#2971));
#2971 = ORIENTED_EDGE('',*,*,#2972,.T.);
#2972 = EDGE_CURVE('',#2973,#2973,#2975,.T.);
#2973 = VERTEX_POINT('',#2974);
#2974 = CARTESIAN_POINT('',(87.872937,-38.708286,0.));
#2975 = CIRCLE('',#2976,0.8);
#2976 = AXIS2_PLACEMENT_3D('',#2977,#2978,#2979);
#2977 = CARTESIAN_POINT('',(87.872937,-37.908286,0.));
#2978 = DIRECTION('',(-0.,0.,-1.));
#2979 = DIRECTION('',(-1.7763568394E-14,-1.,0.));
#2980 = FACE_BOUND('',#2981,.F.);
#2981 = EDGE_LOOP('',(#2982));
#2982 = ORIENTED_EDGE('',*,*,#2983,.T.);
#2983 = EDGE_CURVE('',#2984,#2984,#2986,.T.);
#2984 = VERTEX_POINT('',#2985);
#2985 = CARTESIAN_POINT('',(82.872937,-35.258286,0.));
#2986 = CIRCLE('',#2987,2.5);
#2987 = AXIS2_PLACEMENT_3D('',#2988,#2989,#2990);
#2988 = CARTESIAN_POINT('',(82.872937,-32.758286,0.));
#2989 = DIRECTION('',(-0.,0.,-1.));
#2990 = DIRECTION('',(-0.,-1.,0.));
#2991 = FACE_BOUND('',#2992,.F.);
#2992 = EDGE_LOOP('',(#2993));
#2993 = ORIENTED_EDGE('',*,*,#2994,.T.);
#2994 = EDGE_CURVE('',#2995,#2995,#2997,.T.);
#2995 = VERTEX_POINT('',#2996);
#2996 = CARTESIAN_POINT('',(88.372937,-33.708286,0.));
#2997 = CIRCLE('',#2998,0.95);
#2998 = AXIS2_PLACEMENT_3D('',#2999,#3000,#3001);
#2999 = CARTESIAN_POINT('',(88.372937,-32.758286,0.));
#3000 = DIRECTION('',(-0.,0.,-1.));
#3001 = DIRECTION('',(-1.495879443705E-14,-1.,0.));
#3002 = FACE_BOUND('',#3003,.F.);
#3003 = EDGE_LOOP('',(#3004));
#3004 = ORIENTED_EDGE('',*,*,#3005,.T.);
#3005 = EDGE_CURVE('',#3006,#3006,#3008,.T.);
#3006 = VERTEX_POINT('',#3007);
#3007 = CARTESIAN_POINT('',(94.422937,-40.003786,0.));
#3008 = CIRCLE('',#3009,0.15);
#3009 = AXIS2_PLACEMENT_3D('',#3010,#3011,#3012);
#3010 = CARTESIAN_POINT('',(94.422937,-39.853786,0.));
#3011 = DIRECTION('',(-0.,0.,-1.));
#3012 = DIRECTION('',(9.473903143467E-14,-1.,-0.));
#3013 = FACE_BOUND('',#3014,.F.);
#3014 = EDGE_LOOP('',(#3015));
#3015 = ORIENTED_EDGE('',*,*,#3016,.T.);
#3016 = EDGE_CURVE('',#3017,#3017,#3019,.T.);
#3017 = VERTEX_POINT('',#3018);
#3018 = CARTESIAN_POINT('',(96.922937,-40.803786,0.));
#3019 = CIRCLE('',#3020,0.8);
#3020 = AXIS2_PLACEMENT_3D('',#3021,#3022,#3023);
#3021 = CARTESIAN_POINT('',(96.922937,-40.003786,0.));
#3022 = DIRECTION('',(-0.,0.,-1.));
#3023 = DIRECTION('',(1.7763568394E-14,-1.,-0.));
#3024 = FACE_BOUND('',#3025,.F.);
#3025 = EDGE_LOOP('',(#3026));
#3026 = ORIENTED_EDGE('',*,*,#3027,.T.);
#3027 = EDGE_CURVE('',#3028,#3028,#3030,.T.);
#3028 = VERTEX_POINT('',#3029);
#3029 = CARTESIAN_POINT('',(94.422937,-37.203786,0.));
#3030 = CIRCLE('',#3031,0.15);
#3031 = AXIS2_PLACEMENT_3D('',#3032,#3033,#3034);
#3032 = CARTESIAN_POINT('',(94.422937,-37.053786,0.));
#3033 = DIRECTION('',(-0.,0.,-1.));
#3034 = DIRECTION('',(9.473903143467E-14,-1.,-0.));
#3035 = FACE_BOUND('',#3036,.F.);
#3036 = EDGE_LOOP('',(#3037));
#3037 = ORIENTED_EDGE('',*,*,#3038,.T.);
#3038 = EDGE_CURVE('',#3039,#3039,#3041,.T.);
#3039 = VERTEX_POINT('',#3040);
#3040 = CARTESIAN_POINT('',(106.922937,-40.803786,0.));
#3041 = CIRCLE('',#3042,0.8);
#3042 = AXIS2_PLACEMENT_3D('',#3043,#3044,#3045);
#3043 = CARTESIAN_POINT('',(106.922937,-40.003786,0.));
#3044 = DIRECTION('',(-0.,0.,-1.));
#3045 = DIRECTION('',(1.7763568394E-14,-1.,-0.));
#3046 = FACE_BOUND('',#3047,.F.);
#3047 = EDGE_LOOP('',(#3048));
#3048 = ORIENTED_EDGE('',*,*,#3049,.T.);
#3049 = EDGE_CURVE('',#3050,#3050,#3052,.T.);
#3050 = VERTEX_POINT('',#3051);
#3051 = CARTESIAN_POINT('',(96.422937,-35.803786,0.));
#3052 = CIRCLE('',#3053,0.95);
#3053 = AXIS2_PLACEMENT_3D('',#3054,#3055,#3056);
#3054 = CARTESIAN_POINT('',(96.422937,-34.853786,0.));
#3055 = DIRECTION('',(-0.,0.,-1.));
#3056 = DIRECTION('',(1.495879443705E-14,-1.,-0.));
#3057 = FACE_BOUND('',#3058,.F.);
#3058 = EDGE_LOOP('',(#3059));
#3059 = ORIENTED_EDGE('',*,*,#3060,.T.);
#3060 = EDGE_CURVE('',#3061,#3061,#3063,.T.);
#3061 = VERTEX_POINT('',#3062);
#3062 = CARTESIAN_POINT('',(101.922937,-37.353786,0.));
#3063 = CIRCLE('',#3064,2.5);
#3064 = AXIS2_PLACEMENT_3D('',#3065,#3066,#3067);
#3065 = CARTESIAN_POINT('',(101.922937,-34.853786,0.));
#3066 = DIRECTION('',(-0.,0.,-1.));
#3067 = DIRECTION('',(-0.,-1.,0.));
#3068 = FACE_BOUND('',#3069,.F.);
#3069 = EDGE_LOOP('',(#3070));
#3070 = ORIENTED_EDGE('',*,*,#3071,.T.);
#3071 = EDGE_CURVE('',#3072,#3072,#3074,.T.);
#3072 = VERTEX_POINT('',#3073);
#3073 = CARTESIAN_POINT('',(96.922937,-32.603786,0.));
#3074 = CIRCLE('',#3075,1.5);
#3075 = AXIS2_PLACEMENT_3D('',#3076,#3077,#3078);
#3076 = CARTESIAN_POINT('',(96.922937,-31.103786,0.));
#3077 = DIRECTION('',(-0.,0.,-1.));
#3078 = DIRECTION('',(-0.,-1.,0.));
#3079 = FACE_BOUND('',#3080,.F.);
#3080 = EDGE_LOOP('',(#3081));
#3081 = ORIENTED_EDGE('',*,*,#3082,.T.);
#3082 = EDGE_CURVE('',#3083,#3083,#3085,.T.);
#3083 = VERTEX_POINT('',#3084);
#3084 = CARTESIAN_POINT('',(107.422937,-35.803786,0.));
#3085 = CIRCLE('',#3086,0.95);
#3086 = AXIS2_PLACEMENT_3D('',#3087,#3088,#3089);
#3087 = CARTESIAN_POINT('',(107.422937,-34.853786,0.));
#3088 = DIRECTION('',(-0.,0.,-1.));
#3089 = DIRECTION('',(1.495879443705E-14,-1.,-0.));
#3090 = FACE_BOUND('',#3091,.F.);
#3091 = EDGE_LOOP('',(#3092));
#3092 = ORIENTED_EDGE('',*,*,#3093,.T.);
#3093 = EDGE_CURVE('',#3094,#3094,#3096,.T.);
#3094 = VERTEX_POINT('',#3095);
#3095 = CARTESIAN_POINT('',(106.922937,-32.603786,0.));
#3096 = CIRCLE('',#3097,1.5);
#3097 = AXIS2_PLACEMENT_3D('',#3098,#3099,#3100);
#3098 = CARTESIAN_POINT('',(106.922937,-31.103786,0.));
#3099 = DIRECTION('',(-0.,0.,-1.));
#3100 = DIRECTION('',(-0.,-1.,0.));
#3101 = FACE_BOUND('',#3102,.F.);
#3102 = EDGE_LOOP('',(#3103));
#3103 = ORIENTED_EDGE('',*,*,#3104,.T.);
#3104 = EDGE_CURVE('',#3105,#3105,#3107,.T.);
#3105 = VERTEX_POINT('',#3106);
#3106 = CARTESIAN_POINT('',(82.872937,-28.308286,0.));
#3107 = CIRCLE('',#3108,1.5);
#3108 = AXIS2_PLACEMENT_3D('',#3109,#3110,#3111);
#3109 = CARTESIAN_POINT('',(82.872937,-26.808286,0.));
#3110 = DIRECTION('',(-0.,0.,-1.));
#3111 = DIRECTION('',(-0.,-1.,0.));
#3112 = FACE_BOUND('',#3113,.F.);
#3113 = EDGE_LOOP('',(#3114));
#3114 = ORIENTED_EDGE('',*,*,#3115,.T.);
#3115 = EDGE_CURVE('',#3116,#3116,#3118,.T.);
#3116 = VERTEX_POINT('',#3117);
#3117 = CARTESIAN_POINT('',(87.872937,-30.508286,0.));
#3118 = CIRCLE('',#3119,1.5);
#3119 = AXIS2_PLACEMENT_3D('',#3120,#3121,#3122);
#3120 = CARTESIAN_POINT('',(87.872937,-29.008286,0.));
#3121 = DIRECTION('',(-0.,0.,-1.));
#3122 = DIRECTION('',(-0.,-1.,0.));
#3123 = FACE_BOUND('',#3124,.F.);
#3124 = EDGE_LOOP('',(#3125));
#3125 = ORIENTED_EDGE('',*,*,#3126,.T.);
#3126 = EDGE_CURVE('',#3127,#3127,#3129,.T.);
#3127 = VERTEX_POINT('',#3128);
#3128 = CARTESIAN_POINT('',(101.922937,-30.403786,0.));
#3129 = CIRCLE('',#3130,1.5);
#3130 = AXIS2_PLACEMENT_3D('',#3131,#3132,#3133);
#3131 = CARTESIAN_POINT('',(101.922937,-28.903786,0.));
#3132 = DIRECTION('',(-0.,0.,-1.));
#3133 = DIRECTION('',(-0.,-1.,0.));
#3134 = FACE_BOUND('',#3135,.F.);
#3135 = EDGE_LOOP('',(#3136));
#3136 = ORIENTED_EDGE('',*,*,#3137,.T.);
#3137 = EDGE_CURVE('',#3138,#3138,#3140,.T.);
#3138 = VERTEX_POINT('',#3139);
#3139 = CARTESIAN_POINT('',(116.302937,-40.013786,0.));
#3140 = CIRCLE('',#3141,0.5);
#3141 = AXIS2_PLACEMENT_3D('',#3142,#3143,#3144);
#3142 = CARTESIAN_POINT('',(116.302937,-39.513786,0.));
#3143 = DIRECTION('',(-0.,0.,-1.));
#3144 = DIRECTION('',(-0.,-1.,0.));
#3145 = FACE_BOUND('',#3146,.F.);
#3146 = EDGE_LOOP('',(#3147));
#3147 = ORIENTED_EDGE('',*,*,#3148,.T.);
#3148 = EDGE_CURVE('',#3149,#3149,#3151,.T.);
#3149 = VERTEX_POINT('',#3150);
#3150 = CARTESIAN_POINT('',(116.302937,-37.473786,0.));
#3151 = CIRCLE('',#3152,0.5);
#3152 = AXIS2_PLACEMENT_3D('',#3153,#3154,#3155);
#3153 = CARTESIAN_POINT('',(116.302937,-36.973786,0.));
#3154 = DIRECTION('',(-0.,0.,-1.));
#3155 = DIRECTION('',(-0.,-1.,0.));
#3156 = FACE_BOUND('',#3157,.F.);
#3157 = EDGE_LOOP('',(#3158));
#3158 = ORIENTED_EDGE('',*,*,#3159,.T.);
#3159 = EDGE_CURVE('',#3160,#3160,#3162,.T.);
#3160 = VERTEX_POINT('',#3161);
#3161 = CARTESIAN_POINT('',(120.660937,-39.713786,0.));
#3162 = CIRCLE('',#3163,0.2);
#3163 = AXIS2_PLACEMENT_3D('',#3164,#3165,#3166);
#3164 = CARTESIAN_POINT('',(120.660937,-39.513786,0.));
#3165 = DIRECTION('',(-0.,0.,-1.));
#3166 = DIRECTION('',(-0.,-1.,0.));
#3167 = FACE_BOUND('',#3168,.F.);
#3168 = EDGE_LOOP('',(#3169));
#3169 = ORIENTED_EDGE('',*,*,#3170,.T.);
#3170 = EDGE_CURVE('',#3171,#3171,#3173,.T.);
#3171 = VERTEX_POINT('',#3172);
#3172 = CARTESIAN_POINT('',(120.660937,-37.173786,0.));
#3173 = CIRCLE('',#3174,0.2);
#3174 = AXIS2_PLACEMENT_3D('',#3175,#3176,#3177);
#3175 = CARTESIAN_POINT('',(120.660937,-36.973786,0.));
#3176 = DIRECTION('',(-0.,0.,-1.));
#3177 = DIRECTION('',(-0.,-1.,0.));
#3178 = FACE_BOUND('',#3179,.F.);
#3179 = EDGE_LOOP('',(#3180));
#3180 = ORIENTED_EDGE('',*,*,#3181,.T.);
#3181 = EDGE_CURVE('',#3182,#3182,#3184,.T.);
#3182 = VERTEX_POINT('',#3183);
#3183 = CARTESIAN_POINT('',(116.302937,-34.933786,0.));
#3184 = CIRCLE('',#3185,0.5);
#3185 = AXIS2_PLACEMENT_3D('',#3186,#3187,#3188);
#3186 = CARTESIAN_POINT('',(116.302937,-34.433786,0.));
#3187 = DIRECTION('',(-0.,0.,-1.));
#3188 = DIRECTION('',(-0.,-1.,0.));
#3189 = FACE_BOUND('',#3190,.F.);
#3190 = EDGE_LOOP('',(#3191));
#3191 = ORIENTED_EDGE('',*,*,#3192,.T.);
#3192 = EDGE_CURVE('',#3193,#3193,#3195,.T.);
#3193 = VERTEX_POINT('',#3194);
#3194 = CARTESIAN_POINT('',(113.922937,-30.503786,0.));
#3195 = CIRCLE('',#3196,0.15);
#3196 = AXIS2_PLACEMENT_3D('',#3197,#3198,#3199);
#3197 = CARTESIAN_POINT('',(113.922937,-30.353786,0.));
#3198 = DIRECTION('',(-0.,0.,-1.));
#3199 = DIRECTION('',(9.473903143467E-14,-1.,-0.));
#3200 = FACE_BOUND('',#3201,.F.);
#3201 = EDGE_LOOP('',(#3202));
#3202 = ORIENTED_EDGE('',*,*,#3203,.T.);
#3203 = EDGE_CURVE('',#3204,#3204,#3206,.T.);
#3204 = VERTEX_POINT('',#3205);
#3205 = CARTESIAN_POINT('',(120.660937,-34.633786,0.));
#3206 = CIRCLE('',#3207,0.2);
#3207 = AXIS2_PLACEMENT_3D('',#3208,#3209,#3210);
#3208 = CARTESIAN_POINT('',(120.660937,-34.433786,0.));
#3209 = DIRECTION('',(-0.,0.,-1.));
#3210 = DIRECTION('',(-0.,-1.,0.));
#3211 = FACE_BOUND('',#3212,.F.);
#3212 = EDGE_LOOP('',(#3213));
#3213 = ORIENTED_EDGE('',*,*,#3214,.T.);
#3214 = EDGE_CURVE('',#3215,#3215,#3217,.T.);
#3215 = VERTEX_POINT('',#3216);
#3216 = CARTESIAN_POINT('',(117.922937,-30.503786,0.));
#3217 = CIRCLE('',#3218,0.15);
#3218 = AXIS2_PLACEMENT_3D('',#3219,#3220,#3221);
#3219 = CARTESIAN_POINT('',(117.922937,-30.353786,0.));
#3220 = DIRECTION('',(-0.,0.,-1.));
#3221 = DIRECTION('',(9.473903143467E-14,-1.,-0.));
#3222 = FACE_BOUND('',#3223,.F.);
#3223 = EDGE_LOOP('',(#3224));
#3224 = ORIENTED_EDGE('',*,*,#3225,.T.);
#3225 = EDGE_CURVE('',#3226,#3226,#3228,.T.);
#3226 = VERTEX_POINT('',#3227);
#3227 = CARTESIAN_POINT('',(127.184937,-39.713786,0.));
#3228 = CIRCLE('',#3229,0.2);
#3229 = AXIS2_PLACEMENT_3D('',#3230,#3231,#3232);
#3230 = CARTESIAN_POINT('',(127.184937,-39.513786,0.));
#3231 = DIRECTION('',(-0.,0.,-1.));
#3232 = DIRECTION('',(7.105427357601E-14,-1.,-0.));
#3233 = FACE_BOUND('',#3234,.F.);
#3234 = EDGE_LOOP('',(#3235));
#3235 = ORIENTED_EDGE('',*,*,#3236,.T.);
#3236 = EDGE_CURVE('',#3237,#3237,#3239,.T.);
#3237 = VERTEX_POINT('',#3238);
#3238 = CARTESIAN_POINT('',(131.542937,-40.013786,0.));
#3239 = CIRCLE('',#3240,0.5);
#3240 = AXIS2_PLACEMENT_3D('',#3241,#3242,#3243);
#3241 = CARTESIAN_POINT('',(131.542937,-39.513786,0.));
#3242 = DIRECTION('',(-0.,0.,-1.));
#3243 = DIRECTION('',(-0.,-1.,0.));
#3244 = FACE_BOUND('',#3245,.F.);
#3245 = EDGE_LOOP('',(#3246));
#3246 = ORIENTED_EDGE('',*,*,#3247,.T.);
#3247 = EDGE_CURVE('',#3248,#3248,#3250,.T.);
#3248 = VERTEX_POINT('',#3249);
#3249 = CARTESIAN_POINT('',(127.184937,-37.173786,0.));
#3250 = CIRCLE('',#3251,0.2);
#3251 = AXIS2_PLACEMENT_3D('',#3252,#3253,#3254);
#3252 = CARTESIAN_POINT('',(127.184937,-36.973786,0.));
#3253 = DIRECTION('',(-0.,0.,-1.));
#3254 = DIRECTION('',(7.105427357601E-14,-1.,-0.));
#3255 = FACE_BOUND('',#3256,.F.);
#3256 = EDGE_LOOP('',(#3257));
#3257 = ORIENTED_EDGE('',*,*,#3258,.T.);
#3258 = EDGE_CURVE('',#3259,#3259,#3261,.T.);
#3259 = VERTEX_POINT('',#3260);
#3260 = CARTESIAN_POINT('',(131.542937,-37.473786,0.));
#3261 = CIRCLE('',#3262,0.5);
#3262 = AXIS2_PLACEMENT_3D('',#3263,#3264,#3265);
#3263 = CARTESIAN_POINT('',(131.542937,-36.973786,0.));
#3264 = DIRECTION('',(-0.,0.,-1.));
#3265 = DIRECTION('',(-0.,-1.,0.));
#3266 = FACE_BOUND('',#3267,.F.);
#3267 = EDGE_LOOP('',(#3268));
#3268 = ORIENTED_EDGE('',*,*,#3269,.T.);
#3269 = EDGE_CURVE('',#3270,#3270,#3272,.T.);
#3270 = VERTEX_POINT('',#3271);
#3271 = CARTESIAN_POINT('',(127.184937,-34.633786,0.));
#3272 = CIRCLE('',#3273,0.2);
#3273 = AXIS2_PLACEMENT_3D('',#3274,#3275,#3276);
#3274 = CARTESIAN_POINT('',(127.184937,-34.433786,0.));
#3275 = DIRECTION('',(-0.,0.,-1.));
#3276 = DIRECTION('',(7.105427357601E-14,-1.,-0.));
#3277 = FACE_BOUND('',#3278,.F.);
#3278 = EDGE_LOOP('',(#3279));
#3279 = ORIENTED_EDGE('',*,*,#3280,.T.);
#3280 = EDGE_CURVE('',#3281,#3281,#3283,.T.);
#3281 = VERTEX_POINT('',#3282);
#3282 = CARTESIAN_POINT('',(131.542937,-34.933786,0.));
#3283 = CIRCLE('',#3284,0.5);
#3284 = AXIS2_PLACEMENT_3D('',#3285,#3286,#3287);
#3285 = CARTESIAN_POINT('',(131.542937,-34.433786,0.));
#3286 = DIRECTION('',(-0.,0.,-1.));
#3287 = DIRECTION('',(-0.,-1.,0.));
#3288 = FACE_BOUND('',#3289,.F.);
#3289 = EDGE_LOOP('',(#3290));
#3290 = ORIENTED_EDGE('',*,*,#3291,.T.);
#3291 = EDGE_CURVE('',#3292,#3292,#3294,.T.);
#3292 = VERTEX_POINT('',#3293);
#3293 = CARTESIAN_POINT('',(122.422937,-29.473786,0.));
#3294 = CIRCLE('',#3295,0.45);
#3295 = AXIS2_PLACEMENT_3D('',#3296,#3297,#3298);
#3296 = CARTESIAN_POINT('',(122.422937,-29.023786,0.));
#3297 = DIRECTION('',(-0.,0.,-1.));
#3298 = DIRECTION('',(3.157967714489E-14,-1.,-0.));
#3299 = FACE_BOUND('',#3300,.F.);
#3300 = EDGE_LOOP('',(#3301));
#3301 = ORIENTED_EDGE('',*,*,#3302,.T.);
#3302 = EDGE_CURVE('',#3303,#3303,#3305,.T.);
#3303 = VERTEX_POINT('',#3304);
#3304 = CARTESIAN_POINT('',(125.422937,-29.473786,0.));
#3305 = CIRCLE('',#3306,0.45);
#3306 = AXIS2_PLACEMENT_3D('',#3307,#3308,#3309);
#3307 = CARTESIAN_POINT('',(125.422937,-29.023786,0.));
#3308 = DIRECTION('',(-0.,0.,-1.));
#3309 = DIRECTION('',(3.157967714489E-14,-1.,-0.));
#3310 = PLANE('',#3311);
#3311 = AXIS2_PLACEMENT_3D('',#3312,#3313,#3314);
#3312 = CARTESIAN_POINT('',(0.,0.,0.));
#3313 = DIRECTION('',(0.,0.,1.));
#3314 = DIRECTION('',(1.,0.,-0.));
#3315 = ADVANCED_FACE('',(#3316,#3758,#3769,#3780,#3791,#3802,#3813,
    #3824,#3835,#3846,#3857,#3868,#3879,#3890,#3901,#3912,#3923,#3934,
    #3945,#3956,#3967,#3978,#3989,#4000,#4011,#4022,#4033,#4044,#4055,
    #4066,#4077,#4088,#4099,#4110,#4121,#4132,#4143,#4154,#4165,#4176,
    #4187,#4198,#4209,#4220,#4231,#4242,#4253,#4264,#4275,#4286,#4297,
    #4308,#4319,#4330,#4341,#4352,#4363,#4374,#4385,#4396,#4407,#4418,
    #4429,#4440,#4451,#4462,#4473,#4484,#4495,#4506,#4517,#4528,#4539,
    #4550,#4561,#4572,#4583,#4594,#4605,#4616,#4627,#4638,#4649,#4660,
    #4671,#4682,#4693,#4704,#4715,#4726,#4737,#4748,#4759,#4770,#4781,
    #4792,#4803,#4814,#4825,#4836,#4847,#4858,#4869,#4880,#4891,#4902,
    #4913,#4924,#4935,#4946,#4957,#4968,#4979,#4990,#5001,#5012,#5023,
    #5034,#5045,#5056,#5067,#5078,#5089,#5100,#5111,#5122,#5133,#5144,
    #5155,#5166,#5177,#5188,#5199,#5210,#5221,#5232,#5243,#5254,#5265,
    #5276,#5287,#5298,#5309,#5320,#5331,#5342,#5353,#5364,#5375,#5386,
    #5397,#5408,#5419,#5430,#5441,#5452,#5463,#5474,#5485,#5496,#5507,
    #5518,#5529,#5540,#5551,#5562,#5573,#5584,#5595,#5606,#5617,#5628,
    #5639,#5650,#5661,#5672,#5683,#5694,#5705,#5716,#5727,#5738,#5749,
    #5760,#5771,#5782,#5793,#5804,#5815,#5826,#5837,#5848,#5859,#5870,
    #5881,#5892,#5903,#5914,#5925,#5936,#5947,#5958,#5969,#5980,#5991,
    #6002,#6013,#6024,#6035,#6046,#6057,#6068,#6079,#6090,#6101,#6112,
    #6123,#6134,#6145,#6156,#6167,#6178,#6189,#6200,#6211,#6222,#6233,
    #6244,#6255,#6266,#6277,#6288,#6299,#6310,#6321,#6332,#6343,#6354,
    #6365,#6376,#6387,#6398,#6409,#6420,#6431,#6442,#6453,#6464,#6475),
  #6486,.T.);
#3316 = FACE_BOUND('',#3317,.T.);
#3317 = EDGE_LOOP('',(#3318,#3319,#3320,#3329,#3337,#3346,#3354,#3363,
    #3371,#3380,#3388,#3397,#3405,#3414,#3422,#3431,#3439,#3448,#3456,
    #3465,#3473,#3482,#3490,#3499,#3507,#3516,#3524,#3533,#3541,#3550,
    #3558,#3566,#3574,#3583,#3591,#3599,#3607,#3615,#3623,#3632,#3640,
    #3649,#3657,#3666,#3674,#3683,#3691,#3700,#3708,#3717,#3725,#3733,
    #3742,#3750,#3757));
#3318 = ORIENTED_EDGE('',*,*,#49,.F.);
#3319 = ORIENTED_EDGE('',*,*,#91,.F.);
#3320 = ORIENTED_EDGE('',*,*,#3321,.F.);
#3321 = EDGE_CURVE('',#3322,#84,#3324,.T.);
#3322 = VERTEX_POINT('',#3323);
#3323 = CARTESIAN_POINT('',(52.392937,-17.041786,1.6));
#3324 = CIRCLE('',#3325,1.99999850585);
#3325 = AXIS2_PLACEMENT_3D('',#3326,#3327,#3328);
#3326 = CARTESIAN_POINT('',(54.39293550585,-17.04178450585,1.6));
#3327 = DIRECTION('',(0.,0.,-1.));
#3328 = DIRECTION('',(-1.,-7.47075740283E-07,-0.));
#3329 = ORIENTED_EDGE('',*,*,#3330,.F.);
#3330 = EDGE_CURVE('',#3331,#3322,#3333,.T.);
#3331 = VERTEX_POINT('',#3332);
#3332 = CARTESIAN_POINT('',(52.392937,-18.375786,1.6));
#3333 = LINE('',#3334,#3335);
#3334 = CARTESIAN_POINT('',(52.392937,-18.375786,1.6));
#3335 = VECTOR('',#3336,1.);
#3336 = DIRECTION('',(0.,1.,0.));
#3337 = ORIENTED_EDGE('',*,*,#3338,.F.);
#3338 = EDGE_CURVE('',#3339,#3331,#3341,.T.);
#3339 = VERTEX_POINT('',#3340);
#3340 = CARTESIAN_POINT('',(50.392937,-20.375786,1.6));
#3341 = CIRCLE('',#3342,1.99999850585);
#3342 = AXIS2_PLACEMENT_3D('',#3343,#3344,#3345);
#3343 = CARTESIAN_POINT('',(50.39293849415,-18.37578749415,1.6));
#3344 = DIRECTION('',(0.,0.,1.));
#3345 = DIRECTION('',(-7.470757314012E-07,-1.,0.));
#3346 = ORIENTED_EDGE('',*,*,#3347,.F.);
#3347 = EDGE_CURVE('',#3348,#3339,#3350,.T.);
#3348 = VERTEX_POINT('',#3349);
#3349 = CARTESIAN_POINT('',(35.342937,-20.375786,1.6));
#3350 = LINE('',#3351,#3352);
#3351 = CARTESIAN_POINT('',(35.342937,-20.375786,1.6));
#3352 = VECTOR('',#3353,1.);
#3353 = DIRECTION('',(1.,0.,0.));
#3354 = ORIENTED_EDGE('',*,*,#3355,.F.);
#3355 = EDGE_CURVE('',#3356,#3348,#3358,.T.);
#3356 = VERTEX_POINT('',#3357);
#3357 = CARTESIAN_POINT('',(33.342937,-22.375786,1.6));
#3358 = CIRCLE('',#3359,1.99999850585);
#3359 = AXIS2_PLACEMENT_3D('',#3360,#3361,#3362);
#3360 = CARTESIAN_POINT('',(35.34293550585,-22.37578450585,1.6));
#3361 = DIRECTION('',(0.,0.,-1.));
#3362 = DIRECTION('',(-1.,-7.470757438357E-07,-0.));
#3363 = ORIENTED_EDGE('',*,*,#3364,.F.);
#3364 = EDGE_CURVE('',#3365,#3356,#3367,.T.);
#3365 = VERTEX_POINT('',#3366);
#3366 = CARTESIAN_POINT('',(33.342937,-25.995786,1.6));
#3367 = LINE('',#3368,#3369);
#3368 = CARTESIAN_POINT('',(33.342937,-25.995786,1.6));
#3369 = VECTOR('',#3370,1.);
#3370 = DIRECTION('',(0.,1.,0.));
#3371 = ORIENTED_EDGE('',*,*,#3372,.F.);
#3372 = EDGE_CURVE('',#3373,#3365,#3375,.T.);
#3373 = VERTEX_POINT('',#3374);
#3374 = CARTESIAN_POINT('',(31.342937,-27.995786,1.6));
#3375 = CIRCLE('',#3376,1.99999850585);
#3376 = AXIS2_PLACEMENT_3D('',#3377,#3378,#3379);
#3377 = CARTESIAN_POINT('',(31.34293849415,-25.99578749415,1.6));
#3378 = DIRECTION('',(0.,0.,1.));
#3379 = DIRECTION('',(-7.470757438357E-07,-1.,0.));
#3380 = ORIENTED_EDGE('',*,*,#3381,.F.);
#3381 = EDGE_CURVE('',#3382,#3373,#3384,.T.);
#3382 = VERTEX_POINT('',#3383);
#3383 = CARTESIAN_POINT('',(16.292937,-27.995786,1.6));
#3384 = LINE('',#3385,#3386);
#3385 = CARTESIAN_POINT('',(16.292937,-27.995786,1.6));
#3386 = VECTOR('',#3387,1.);
#3387 = DIRECTION('',(1.,0.,0.));
#3388 = ORIENTED_EDGE('',*,*,#3389,.F.);
#3389 = EDGE_CURVE('',#3390,#3382,#3392,.T.);
#3390 = VERTEX_POINT('',#3391);
#3391 = CARTESIAN_POINT('',(14.292937,-29.995786,1.6));
#3392 = CIRCLE('',#3393,1.99999850585);
#3393 = AXIS2_PLACEMENT_3D('',#3394,#3395,#3396);
#3394 = CARTESIAN_POINT('',(16.29293550585,-29.99578450585,1.6));
#3395 = DIRECTION('',(0.,0.,-1.));
#3396 = DIRECTION('',(-1.,-7.470757385066E-07,-0.));
#3397 = ORIENTED_EDGE('',*,*,#3398,.F.);
#3398 = EDGE_CURVE('',#3399,#3390,#3401,.T.);
#3399 = VERTEX_POINT('',#3400);
#3400 = CARTESIAN_POINT('',(14.292937,-86.955786,1.6));
#3401 = LINE('',#3402,#3403);
#3402 = CARTESIAN_POINT('',(14.292937,-86.955786,1.6));
#3403 = VECTOR('',#3404,1.);
#3404 = DIRECTION('',(0.,1.,0.));
#3405 = ORIENTED_EDGE('',*,*,#3406,.F.);
#3406 = EDGE_CURVE('',#3407,#3399,#3409,.T.);
#3407 = VERTEX_POINT('',#3408);
#3408 = CARTESIAN_POINT('',(16.292937,-88.955786,1.6));
#3409 = CIRCLE('',#3410,1.99999850585);
#3410 = AXIS2_PLACEMENT_3D('',#3411,#3412,#3413);
#3411 = CARTESIAN_POINT('',(16.29293550585,-86.95578749415,1.6));
#3412 = DIRECTION('',(0.,0.,-1.));
#3413 = DIRECTION('',(7.470757420593E-07,-1.,0.));
#3414 = ORIENTED_EDGE('',*,*,#3415,.F.);
#3415 = EDGE_CURVE('',#3416,#3407,#3418,.T.);
#3416 = VERTEX_POINT('',#3417);
#3417 = CARTESIAN_POINT('',(35.152937,-88.955786,1.6));
#3418 = LINE('',#3419,#3420);
#3419 = CARTESIAN_POINT('',(35.152937,-88.955786,1.6));
#3420 = VECTOR('',#3421,1.);
#3421 = DIRECTION('',(-1.,0.,0.));
#3422 = ORIENTED_EDGE('',*,*,#3423,.F.);
#3423 = EDGE_CURVE('',#3424,#3416,#3426,.T.);
#3424 = VERTEX_POINT('',#3425);
#3425 = CARTESIAN_POINT('',(37.152937,-86.955786,1.6));
#3426 = CIRCLE('',#3427,1.99999850585);
#3427 = AXIS2_PLACEMENT_3D('',#3428,#3429,#3430);
#3428 = CARTESIAN_POINT('',(35.15293849415,-86.95578749415,1.6));
#3429 = DIRECTION('',(0.,0.,-1.));
#3430 = DIRECTION('',(1.,7.470757420593E-07,0.));
#3431 = ORIENTED_EDGE('',*,*,#3432,.F.);
#3432 = EDGE_CURVE('',#3433,#3424,#3435,.T.);
#3433 = VERTEX_POINT('',#3434);
#3434 = CARTESIAN_POINT('',(37.152937,-83.335786,1.6));
#3435 = LINE('',#3436,#3437);
#3436 = CARTESIAN_POINT('',(37.152937,-83.335786,1.6));
#3437 = VECTOR('',#3438,1.);
#3438 = DIRECTION('',(0.,-1.,0.));
#3439 = ORIENTED_EDGE('',*,*,#3440,.F.);
#3440 = EDGE_CURVE('',#3441,#3433,#3443,.T.);
#3441 = VERTEX_POINT('',#3442);
#3442 = CARTESIAN_POINT('',(39.152937,-81.335786,1.6));
#3443 = CIRCLE('',#3444,1.99999850585);
#3444 = AXIS2_PLACEMENT_3D('',#3445,#3446,#3447);
#3445 = CARTESIAN_POINT('',(39.15293550585,-83.33578450585,1.6));
#3446 = DIRECTION('',(0.,0.,1.));
#3447 = DIRECTION('',(7.470757420593E-07,1.,-0.));
#3448 = ORIENTED_EDGE('',*,*,#3449,.F.);
#3449 = EDGE_CURVE('',#3450,#3441,#3452,.T.);
#3450 = VERTEX_POINT('',#3451);
#3451 = CARTESIAN_POINT('',(54.202937,-81.335786,1.6));
#3452 = LINE('',#3453,#3454);
#3453 = CARTESIAN_POINT('',(54.202937,-81.335786,1.6));
#3454 = VECTOR('',#3455,1.);
#3455 = DIRECTION('',(-1.,0.,0.));
#3456 = ORIENTED_EDGE('',*,*,#3457,.F.);
#3457 = EDGE_CURVE('',#3458,#3450,#3460,.T.);
#3458 = VERTEX_POINT('',#3459);
#3459 = CARTESIAN_POINT('',(56.202937,-79.335786,1.6));
#3460 = CIRCLE('',#3461,1.99999850585);
#3461 = AXIS2_PLACEMENT_3D('',#3462,#3463,#3464);
#3462 = CARTESIAN_POINT('',(54.20293849415,-79.33578749415,1.6));
#3463 = DIRECTION('',(0.,0.,-1.));
#3464 = DIRECTION('',(1.,7.470757420593E-07,0.));
#3465 = ORIENTED_EDGE('',*,*,#3466,.F.);
#3466 = EDGE_CURVE('',#3467,#3458,#3469,.T.);
#3467 = VERTEX_POINT('',#3468);
#3468 = CARTESIAN_POINT('',(56.202937,-78.001786,1.6));
#3469 = LINE('',#3470,#3471);
#3470 = CARTESIAN_POINT('',(56.202937,-78.001786,1.6));
#3471 = VECTOR('',#3472,1.);
#3472 = DIRECTION('',(0.,-1.,0.));
#3473 = ORIENTED_EDGE('',*,*,#3474,.F.);
#3474 = EDGE_CURVE('',#3475,#3467,#3477,.T.);
#3475 = VERTEX_POINT('',#3476);
#3476 = CARTESIAN_POINT('',(58.202937,-76.001786,1.6));
#3477 = CIRCLE('',#3478,1.99999850585);
#3478 = AXIS2_PLACEMENT_3D('',#3479,#3480,#3481);
#3479 = CARTESIAN_POINT('',(58.20293550585,-78.00178450585,1.6));
#3480 = DIRECTION('',(0.,0.,1.));
#3481 = DIRECTION('',(7.470757420593E-07,1.,-0.));
#3482 = ORIENTED_EDGE('',*,*,#3483,.F.);
#3483 = EDGE_CURVE('',#3484,#3475,#3486,.T.);
#3484 = VERTEX_POINT('',#3485);
#3485 = CARTESIAN_POINT('',(69.442937,-76.001786,1.6));
#3486 = LINE('',#3487,#3488);
#3487 = CARTESIAN_POINT('',(69.442937,-76.001786,1.6));
#3488 = VECTOR('',#3489,1.);
#3489 = DIRECTION('',(-1.,0.,0.));
#3490 = ORIENTED_EDGE('',*,*,#3491,.F.);
#3491 = EDGE_CURVE('',#3492,#3484,#3494,.T.);
#3492 = VERTEX_POINT('',#3493);
#3493 = CARTESIAN_POINT('',(71.442937,-78.001786,1.6));
#3494 = CIRCLE('',#3495,1.99999850585);
#3495 = AXIS2_PLACEMENT_3D('',#3496,#3497,#3498);
#3496 = CARTESIAN_POINT('',(69.44293849415,-78.00178450585,1.6));
#3497 = DIRECTION('',(0.,0.,1.));
#3498 = DIRECTION('',(1.,-7.470757420593E-07,0.));
#3499 = ORIENTED_EDGE('',*,*,#3500,.F.);
#3500 = EDGE_CURVE('',#3501,#3492,#3503,.T.);
#3501 = VERTEX_POINT('',#3502);
#3502 = CARTESIAN_POINT('',(71.442937,-80.288286,1.6));
#3503 = LINE('',#3504,#3505);
#3504 = CARTESIAN_POINT('',(71.442937,-80.288286,1.6));
#3505 = VECTOR('',#3506,1.);
#3506 = DIRECTION('',(0.,1.,0.));
#3507 = ORIENTED_EDGE('',*,*,#3508,.F.);
#3508 = EDGE_CURVE('',#3509,#3501,#3511,.T.);
#3509 = VERTEX_POINT('',#3510);
#3510 = CARTESIAN_POINT('',(73.442937,-82.288286,1.6));
#3511 = CIRCLE('',#3512,1.99999850585);
#3512 = AXIS2_PLACEMENT_3D('',#3513,#3514,#3515);
#3513 = CARTESIAN_POINT('',(73.44293550585,-80.28828749415,1.6));
#3514 = DIRECTION('',(0.,0.,-1.));
#3515 = DIRECTION('',(7.470757491648E-07,-1.,0.));
#3516 = ORIENTED_EDGE('',*,*,#3517,.F.);
#3517 = EDGE_CURVE('',#3518,#3509,#3520,.T.);
#3518 = VERTEX_POINT('',#3519);
#3519 = CARTESIAN_POINT('',(78.967937,-82.288286,1.6));
#3520 = LINE('',#3521,#3522);
#3521 = CARTESIAN_POINT('',(78.967937,-82.288286,1.6));
#3522 = VECTOR('',#3523,1.);
#3523 = DIRECTION('',(-1.,0.,0.));
#3524 = ORIENTED_EDGE('',*,*,#3525,.F.);
#3525 = EDGE_CURVE('',#3526,#3518,#3528,.T.);
#3526 = VERTEX_POINT('',#3527);
#3527 = CARTESIAN_POINT('',(80.967937,-84.288286,1.6));
#3528 = CIRCLE('',#3529,1.99999850585);
#3529 = AXIS2_PLACEMENT_3D('',#3530,#3531,#3532);
#3530 = CARTESIAN_POINT('',(78.96793849415,-84.28828450585,1.6));
#3531 = DIRECTION('',(0.,0.,1.));
#3532 = DIRECTION('',(1.,-7.470757349539E-07,0.));
#3533 = ORIENTED_EDGE('',*,*,#3534,.F.);
#3534 = EDGE_CURVE('',#3535,#3526,#3537,.T.);
#3535 = VERTEX_POINT('',#3536);
#3536 = CARTESIAN_POINT('',(80.967937,-101.433786,1.6));
#3537 = LINE('',#3538,#3539);
#3538 = CARTESIAN_POINT('',(80.967937,-101.433786,1.6));
#3539 = VECTOR('',#3540,1.);
#3540 = DIRECTION('',(0.,1.,0.));
#3541 = ORIENTED_EDGE('',*,*,#3542,.F.);
#3542 = EDGE_CURVE('',#3543,#3535,#3545,.T.);
#3543 = VERTEX_POINT('',#3544);
#3544 = CARTESIAN_POINT('',(82.967937,-103.433786,1.6));
#3545 = CIRCLE('',#3546,1.99999850585);
#3546 = AXIS2_PLACEMENT_3D('',#3547,#3548,#3549);
#3547 = CARTESIAN_POINT('',(82.96793550585,-101.4337874941,1.6));
#3548 = DIRECTION('',(0.,0.,-1.));
#3549 = DIRECTION('',(7.470757491648E-07,-1.,0.));
#3550 = ORIENTED_EDGE('',*,*,#3551,.F.);
#3551 = EDGE_CURVE('',#3552,#3543,#3554,.T.);
#3552 = VERTEX_POINT('',#3553);
#3553 = CARTESIAN_POINT('',(99.958596,-103.433786,1.6));
#3554 = LINE('',#3555,#3556);
#3555 = CARTESIAN_POINT('',(99.958596,-103.433786,1.6));
#3556 = VECTOR('',#3557,1.);
#3557 = DIRECTION('',(-1.,0.,0.));
#3558 = ORIENTED_EDGE('',*,*,#3559,.F.);
#3559 = EDGE_CURVE('',#3560,#3552,#3562,.T.);
#3560 = VERTEX_POINT('',#3561);
#3561 = CARTESIAN_POINT('',(100.077175,-103.437304,1.6));
#3562 = LINE('',#3563,#3564);
#3563 = CARTESIAN_POINT('',(100.077175,-103.437304,1.6));
#3564 = VECTOR('',#3565,1.);
#3565 = DIRECTION('',(-0.999560195643,2.965493694729E-02,0.));
#3566 = ORIENTED_EDGE('',*,*,#3567,.F.);
#3567 = EDGE_CURVE('',#3568,#3560,#3570,.T.);
#3568 = VERTEX_POINT('',#3569);
#3569 = CARTESIAN_POINT('',(103.228782,-103.624491,1.6));
#3570 = LINE('',#3571,#3572);
#3571 = CARTESIAN_POINT('',(103.228782,-103.624491,1.6));
#3572 = VECTOR('',#3573,1.);
#3573 = DIRECTION('',(-0.998240820808,5.928965906114E-02,0.));
#3574 = ORIENTED_EDGE('',*,*,#3575,.F.);
#3575 = EDGE_CURVE('',#3576,#3568,#3578,.T.);
#3576 = VERTEX_POINT('',#3577);
#3577 = CARTESIAN_POINT('',(103.441158,-103.648546,1.6));
#3578 = CIRCLE('',#3579,2.001104765011);
#3579 = AXIS2_PLACEMENT_3D('',#3580,#3581,#3582);
#3580 = CARTESIAN_POINT('',(103.11007414237,-105.622071718,1.6));
#3581 = DIRECTION('',(0.,0.,1.));
#3582 = DIRECTION('',(0.165450536833,0.986218089401,-0.));
#3583 = ORIENTED_EDGE('',*,*,#3584,.F.);
#3584 = EDGE_CURVE('',#3585,#3576,#3587,.T.);
#3585 = VERTEX_POINT('',#3586);
#3586 = CARTESIAN_POINT('',(118.287974,-106.139711,1.6));
#3587 = LINE('',#3588,#3589);
#3588 = CARTESIAN_POINT('',(118.287974,-106.139711,1.6));
#3589 = VECTOR('',#3590,1.);
#3590 = DIRECTION('',(-0.986213491716,0.165477940394,0.));
#3591 = ORIENTED_EDGE('',*,*,#3592,.F.);
#3592 = EDGE_CURVE('',#3593,#3585,#3595,.T.);
#3593 = VERTEX_POINT('',#3594);
#3594 = CARTESIAN_POINT('',(118.441782,-106.171776,1.6));
#3595 = LINE('',#3596,#3597);
#3596 = CARTESIAN_POINT('',(118.441782,-106.171776,1.6));
#3597 = VECTOR('',#3598,1.);
#3598 = DIRECTION('',(-0.978952876028,0.204086419236,0.));
#3599 = ORIENTED_EDGE('',*,*,#3600,.F.);
#3600 = EDGE_CURVE('',#3601,#3593,#3603,.T.);
#3601 = VERTEX_POINT('',#3602);
#3602 = CARTESIAN_POINT('',(121.657391,-106.975136,1.6));
#3603 = LINE('',#3604,#3605);
#3604 = CARTESIAN_POINT('',(121.657391,-106.975136,1.6));
#3605 = VECTOR('',#3606,1.);
#3606 = DIRECTION('',(-0.970180982556,0.24238164346,0.));
#3607 = ORIENTED_EDGE('',*,*,#3608,.F.);
#3608 = EDGE_CURVE('',#3609,#3601,#3611,.T.);
#3609 = VERTEX_POINT('',#3610);
#3610 = CARTESIAN_POINT('',(121.825413,-107.02503,1.6));
#3611 = LINE('',#3612,#3613);
#3612 = CARTESIAN_POINT('',(121.825413,-107.02503,1.6));
#3613 = VECTOR('',#3614,1.);
#3614 = DIRECTION('',(-0.958627455299,0.284663664607,0.));
#3615 = ORIENTED_EDGE('',*,*,#3616,.F.);
#3616 = EDGE_CURVE('',#3617,#3609,#3619,.T.);
#3617 = VERTEX_POINT('',#3618);
#3618 = CARTESIAN_POINT('',(137.858738,-112.561402,1.6));
#3619 = LINE('',#3620,#3621);
#3620 = CARTESIAN_POINT('',(137.858738,-112.561402,1.6));
#3621 = VECTOR('',#3622,1.);
#3622 = DIRECTION('',(-0.945234100757,0.326393159802,0.));
#3623 = ORIENTED_EDGE('',*,*,#3624,.F.);
#3624 = EDGE_CURVE('',#3625,#3617,#3627,.T.);
#3625 = VERTEX_POINT('',#3626);
#3626 = CARTESIAN_POINT('',(140.401993,-111.32372,1.6));
#3627 = CIRCLE('',#3628,2.000081092776);
#3628 = AXIS2_PLACEMENT_3D('',#3629,#3630,#3631);
#3629 = CARTESIAN_POINT('',(138.51147452851,-110.6708308159,1.6));
#3630 = DIRECTION('',(0.,0.,-1.));
#3631 = DIRECTION('',(0.945220910447,-0.32643135642,0.));
#3632 = ORIENTED_EDGE('',*,*,#3633,.F.);
#3633 = EDGE_CURVE('',#3634,#3625,#3636,.T.);
#3634 = VERTEX_POINT('',#3635);
#3635 = CARTESIAN_POINT('',(146.557546,-93.497245,1.6));
#3636 = LINE('',#3637,#3638);
#3637 = CARTESIAN_POINT('',(146.557546,-93.497245,1.6));
#3638 = VECTOR('',#3639,1.);
#3639 = DIRECTION('',(-0.326393114756,-0.945234116312,0.));
#3640 = ORIENTED_EDGE('',*,*,#3641,.F.);
#3641 = EDGE_CURVE('',#3642,#3634,#3644,.T.);
#3642 = VERTEX_POINT('',#3643);
#3643 = CARTESIAN_POINT('',(145.319224,-90.95377,1.6));
#3644 = CIRCLE('',#3645,2.000023280506);
#3645 = AXIS2_PLACEMENT_3D('',#3646,#3647,#3648);
#3646 = CARTESIAN_POINT('',(144.66704805768,-92.84447348358,1.6));
#3647 = DIRECTION('',(0.,0.,-1.));
#3648 = DIRECTION('',(0.326084175458,0.945340737785,0.));
#3649 = ORIENTED_EDGE('',*,*,#3650,.F.);
#3650 = EDGE_CURVE('',#3651,#3642,#3653,.T.);
#3651 = VERTEX_POINT('',#3652);
#3652 = CARTESIAN_POINT('',(137.560791,-88.277694,1.6));
#3653 = LINE('',#3654,#3655);
#3654 = CARTESIAN_POINT('',(137.560791,-88.277694,1.6));
#3655 = VECTOR('',#3656,1.);
#3656 = DIRECTION('',(0.945344654048,-0.326072821719,0.));
#3657 = ORIENTED_EDGE('',*,*,#3658,.F.);
#3658 = EDGE_CURVE('',#3659,#3651,#3661,.T.);
#3659 = VERTEX_POINT('',#3660);
#3660 = CARTESIAN_POINT('',(136.212937,-86.387005,1.6));
#3661 = CIRCLE('',#3662,1.999970051434);
#3662 = AXIS2_PLACEMENT_3D('',#3663,#3664,#3665);
#3663 = CARTESIAN_POINT('',(138.21290705132,-86.38702616501,1.6));
#3664 = DIRECTION('',(0.,0.,1.));
#3665 = DIRECTION('',(-0.999999999944,1.058266684145E-05,0.));
#3666 = ORIENTED_EDGE('',*,*,#3667,.F.);
#3667 = EDGE_CURVE('',#3668,#3659,#3670,.T.);
#3668 = VERTEX_POINT('',#3669);
#3669 = CARTESIAN_POINT('',(136.212937,-29.233786,1.6));
#3670 = LINE('',#3671,#3672);
#3671 = CARTESIAN_POINT('',(136.212937,-29.233786,1.6));
#3672 = VECTOR('',#3673,1.);
#3673 = DIRECTION('',(0.,-1.,0.));
#3674 = ORIENTED_EDGE('',*,*,#3675,.F.);
#3675 = EDGE_CURVE('',#3676,#3668,#3678,.T.);
#3676 = VERTEX_POINT('',#3677);
#3677 = CARTESIAN_POINT('',(134.212937,-27.233786,1.6));
#3678 = CIRCLE('',#3679,1.99999850585);
#3679 = AXIS2_PLACEMENT_3D('',#3680,#3681,#3682);
#3680 = CARTESIAN_POINT('',(134.21293849415,-29.23378450585,1.6));
#3681 = DIRECTION('',(0.,0.,-1.));
#3682 = DIRECTION('',(-7.470757349539E-07,1.,0.));
#3683 = ORIENTED_EDGE('',*,*,#3684,.F.);
#3684 = EDGE_CURVE('',#3685,#3676,#3687,.T.);
#3685 = VERTEX_POINT('',#3686);
#3686 = CARTESIAN_POINT('',(114.589005,-27.233786,1.6));
#3687 = LINE('',#3688,#3689);
#3688 = CARTESIAN_POINT('',(114.589005,-27.233786,1.6));
#3689 = VECTOR('',#3690,1.);
#3690 = DIRECTION('',(1.,0.,0.));
#3691 = ORIENTED_EDGE('',*,*,#3692,.F.);
#3692 = EDGE_CURVE('',#3693,#3685,#3695,.T.);
#3693 = VERTEX_POINT('',#3694);
#3694 = CARTESIAN_POINT('',(112.800151,-26.128213,1.6));
#3695 = CIRCLE('',#3696,2.000096309334);
#3696 = AXIS2_PLACEMENT_3D('',#3697,#3698,#3699);
#3697 = CARTESIAN_POINT('',(114.5890649994,-25.23368969156,1.6));
#3698 = DIRECTION('',(0.,0.,1.));
#3699 = DIRECTION('',(-0.894413929499,-0.447240117518,0.));
#3700 = ORIENTED_EDGE('',*,*,#3701,.F.);
#3701 = EDGE_CURVE('',#3702,#3693,#3704,.T.);
#3702 = VERTEX_POINT('',#3703);
#3703 = CARTESIAN_POINT('',(112.000723,-24.529359,1.6));
#3704 = LINE('',#3705,#3706);
#3705 = CARTESIAN_POINT('',(112.000723,-24.529359,1.6));
#3706 = VECTOR('',#3707,1.);
#3707 = DIRECTION('',(0.447214043034,-0.894426967233,0.));
#3708 = ORIENTED_EDGE('',*,*,#3709,.F.);
#3709 = EDGE_CURVE('',#3710,#3702,#3712,.T.);
#3710 = VERTEX_POINT('',#3711);
#3711 = CARTESIAN_POINT('',(110.211869,-23.423786,1.6));
#3712 = CIRCLE('',#3713,2.000096309334);
#3713 = AXIS2_PLACEMENT_3D('',#3714,#3715,#3716);
#3714 = CARTESIAN_POINT('',(110.21180900059,-25.42388230843,1.6));
#3715 = DIRECTION('',(0.,0.,-1.));
#3716 = DIRECTION('',(2.999825976095E-05,0.99999999955,0.));
#3717 = ORIENTED_EDGE('',*,*,#3718,.F.);
#3718 = EDGE_CURVE('',#3719,#3710,#3721,.T.);
#3719 = VERTEX_POINT('',#3720);
#3720 = CARTESIAN_POINT('',(94.302937,-23.423786,1.6));
#3721 = LINE('',#3722,#3723);
#3722 = CARTESIAN_POINT('',(94.302937,-23.423786,1.6));
#3723 = VECTOR('',#3724,1.);
#3724 = DIRECTION('',(1.,0.,0.));
#3725 = ORIENTED_EDGE('',*,*,#3726,.F.);
#3726 = EDGE_CURVE('',#3727,#3719,#3729,.T.);
#3727 = VERTEX_POINT('',#3728);
#3728 = CARTESIAN_POINT('',(92.993077,-21.98294,1.6));
#3729 = LINE('',#3730,#3731);
#3730 = CARTESIAN_POINT('',(92.993077,-21.98294,1.6));
#3731 = VECTOR('',#3732,1.);
#3732 = DIRECTION('',(0.672672793996,-0.739940073396,0.));
#3733 = ORIENTED_EDGE('',*,*,#3734,.F.);
#3734 = EDGE_CURVE('',#3735,#3727,#3737,.T.);
#3735 = VERTEX_POINT('',#3736);
#3736 = CARTESIAN_POINT('',(91.513197,-21.328286,1.6));
#3737 = CIRCLE('',#3738,1.999831603983);
#3738 = AXIS2_PLACEMENT_3D('',#3739,#3740,#3741);
#3739 = CARTESIAN_POINT('',(91.513271721665,-23.32811760258,1.6));
#3740 = DIRECTION('',(0.,0.,-1.));
#3741 = DIRECTION('',(-3.73639786082E-05,0.999999999302,0.));
#3742 = ORIENTED_EDGE('',*,*,#3743,.F.);
#3743 = EDGE_CURVE('',#3744,#3735,#3746,.T.);
#3744 = VERTEX_POINT('',#3745);
#3745 = CARTESIAN_POINT('',(77.252937,-21.328286,1.6));
#3746 = LINE('',#3747,#3748);
#3747 = CARTESIAN_POINT('',(77.252937,-21.328286,1.6));
#3748 = VECTOR('',#3749,1.);
#3749 = DIRECTION('',(1.,0.,0.));
#3750 = ORIENTED_EDGE('',*,*,#3751,.F.);
#3751 = EDGE_CURVE('',#114,#3744,#3752,.T.);
#3752 = CIRCLE('',#3753,1.99999850585);
#3753 = AXIS2_PLACEMENT_3D('',#3754,#3755,#3756);
#3754 = CARTESIAN_POINT('',(77.25293550585,-19.32828749415,1.6));
#3755 = DIRECTION('',(0.,0.,1.));
#3756 = DIRECTION('',(-1.,7.470757438357E-07,0.));
#3757 = ORIENTED_EDGE('',*,*,#113,.F.);
#3758 = FACE_BOUND('',#3759,.T.);
#3759 = EDGE_LOOP('',(#3760));
#3760 = ORIENTED_EDGE('',*,*,#3761,.T.);
#3761 = EDGE_CURVE('',#3762,#3762,#3764,.T.);
#3762 = VERTEX_POINT('',#3763);
#3763 = CARTESIAN_POINT('',(18.222937,-82.675786,1.6));
#3764 = CIRCLE('',#3765,0.15);
#3765 = AXIS2_PLACEMENT_3D('',#3766,#3767,#3768);
#3766 = CARTESIAN_POINT('',(18.222937,-82.525786,1.6));
#3767 = DIRECTION('',(-0.,0.,-1.));
#3768 = DIRECTION('',(-0.,-1.,0.));
#3769 = FACE_BOUND('',#3770,.T.);
#3770 = EDGE_LOOP('',(#3771));
#3771 = ORIENTED_EDGE('',*,*,#3772,.T.);
#3772 = EDGE_CURVE('',#3773,#3773,#3775,.T.);
#3773 = VERTEX_POINT('',#3774);
#3774 = CARTESIAN_POINT('',(20.722937,-83.475786,1.6));
#3775 = CIRCLE('',#3776,0.8);
#3776 = AXIS2_PLACEMENT_3D('',#3777,#3778,#3779);
#3777 = CARTESIAN_POINT('',(20.722937,-82.675786,1.6));
#3778 = DIRECTION('',(-0.,0.,-1.));
#3779 = DIRECTION('',(-0.,-1.,0.));
#3780 = FACE_BOUND('',#3781,.T.);
#3781 = EDGE_LOOP('',(#3782));
#3782 = ORIENTED_EDGE('',*,*,#3783,.T.);
#3783 = EDGE_CURVE('',#3784,#3784,#3786,.T.);
#3784 = VERTEX_POINT('',#3785);
#3785 = CARTESIAN_POINT('',(18.222937,-79.875786,1.6));
#3786 = CIRCLE('',#3787,0.15);
#3787 = AXIS2_PLACEMENT_3D('',#3788,#3789,#3790);
#3788 = CARTESIAN_POINT('',(18.222937,-79.725786,1.6));
#3789 = DIRECTION('',(-0.,0.,-1.));
#3790 = DIRECTION('',(-0.,-1.,0.));
#3791 = FACE_BOUND('',#3792,.T.);
#3792 = EDGE_LOOP('',(#3793));
#3793 = ORIENTED_EDGE('',*,*,#3794,.T.);
#3794 = EDGE_CURVE('',#3795,#3795,#3797,.T.);
#3795 = VERTEX_POINT('',#3796);
#3796 = CARTESIAN_POINT('',(30.722937,-83.475786,1.6));
#3797 = CIRCLE('',#3798,0.8);
#3798 = AXIS2_PLACEMENT_3D('',#3799,#3800,#3801);
#3799 = CARTESIAN_POINT('',(30.722937,-82.675786,1.6));
#3800 = DIRECTION('',(-0.,0.,-1.));
#3801 = DIRECTION('',(-0.,-1.,0.));
#3802 = FACE_BOUND('',#3803,.T.);
#3803 = EDGE_LOOP('',(#3804));
#3804 = ORIENTED_EDGE('',*,*,#3805,.T.);
#3805 = EDGE_CURVE('',#3806,#3806,#3808,.T.);
#3806 = VERTEX_POINT('',#3807);
#3807 = CARTESIAN_POINT('',(20.222937,-78.475786,1.6));
#3808 = CIRCLE('',#3809,0.95);
#3809 = AXIS2_PLACEMENT_3D('',#3810,#3811,#3812);
#3810 = CARTESIAN_POINT('',(20.222937,-77.525786,1.6));
#3811 = DIRECTION('',(-0.,0.,-1.));
#3812 = DIRECTION('',(-0.,-1.,0.));
#3813 = FACE_BOUND('',#3814,.T.);
#3814 = EDGE_LOOP('',(#3815));
#3815 = ORIENTED_EDGE('',*,*,#3816,.T.);
#3816 = EDGE_CURVE('',#3817,#3817,#3819,.T.);
#3817 = VERTEX_POINT('',#3818);
#3818 = CARTESIAN_POINT('',(20.722937,-75.275786,1.6));
#3819 = CIRCLE('',#3820,1.5);
#3820 = AXIS2_PLACEMENT_3D('',#3821,#3822,#3823);
#3821 = CARTESIAN_POINT('',(20.722937,-73.775786,1.6));
#3822 = DIRECTION('',(-0.,0.,-1.));
#3823 = DIRECTION('',(-0.,-1.,0.));
#3824 = FACE_BOUND('',#3825,.T.);
#3825 = EDGE_LOOP('',(#3826));
#3826 = ORIENTED_EDGE('',*,*,#3827,.T.);
#3827 = EDGE_CURVE('',#3828,#3828,#3830,.T.);
#3828 = VERTEX_POINT('',#3829);
#3829 = CARTESIAN_POINT('',(25.722937,-80.025786,1.6));
#3830 = CIRCLE('',#3831,2.5);
#3831 = AXIS2_PLACEMENT_3D('',#3832,#3833,#3834);
#3832 = CARTESIAN_POINT('',(25.722937,-77.525786,1.6));
#3833 = DIRECTION('',(-0.,0.,-1.));
#3834 = DIRECTION('',(-0.,-1.,0.));
#3835 = FACE_BOUND('',#3836,.T.);
#3836 = EDGE_LOOP('',(#3837));
#3837 = ORIENTED_EDGE('',*,*,#3838,.T.);
#3838 = EDGE_CURVE('',#3839,#3839,#3841,.T.);
#3839 = VERTEX_POINT('',#3840);
#3840 = CARTESIAN_POINT('',(31.222937,-78.475786,1.6));
#3841 = CIRCLE('',#3842,0.95);
#3842 = AXIS2_PLACEMENT_3D('',#3843,#3844,#3845);
#3843 = CARTESIAN_POINT('',(31.222937,-77.525786,1.6));
#3844 = DIRECTION('',(-0.,0.,-1.));
#3845 = DIRECTION('',(3.739698609264E-15,-1.,-0.));
#3846 = FACE_BOUND('',#3847,.T.);
#3847 = EDGE_LOOP('',(#3848));
#3848 = ORIENTED_EDGE('',*,*,#3849,.T.);
#3849 = EDGE_CURVE('',#3850,#3850,#3852,.T.);
#3850 = VERTEX_POINT('',#3851);
#3851 = CARTESIAN_POINT('',(30.722937,-75.275786,1.6));
#3852 = CIRCLE('',#3853,1.5);
#3853 = AXIS2_PLACEMENT_3D('',#3854,#3855,#3856);
#3854 = CARTESIAN_POINT('',(30.722937,-73.775786,1.6));
#3855 = DIRECTION('',(-0.,0.,-1.));
#3856 = DIRECTION('',(-0.,-1.,0.));
#3857 = FACE_BOUND('',#3858,.T.);
#3858 = EDGE_LOOP('',(#3859));
#3859 = ORIENTED_EDGE('',*,*,#3860,.T.);
#3860 = EDGE_CURVE('',#3861,#3861,#3863,.T.);
#3861 = VERTEX_POINT('',#3862);
#3862 = CARTESIAN_POINT('',(37.272937,-75.055786,1.6));
#3863 = CIRCLE('',#3864,0.15);
#3864 = AXIS2_PLACEMENT_3D('',#3865,#3866,#3867);
#3865 = CARTESIAN_POINT('',(37.272937,-74.905786,1.6));
#3866 = DIRECTION('',(-0.,0.,-1.));
#3867 = DIRECTION('',(-0.,-1.,0.));
#3868 = FACE_BOUND('',#3869,.T.);
#3869 = EDGE_LOOP('',(#3870));
#3870 = ORIENTED_EDGE('',*,*,#3871,.T.);
#3871 = EDGE_CURVE('',#3872,#3872,#3874,.T.);
#3872 = VERTEX_POINT('',#3873);
#3873 = CARTESIAN_POINT('',(39.772937,-75.855786,1.6));
#3874 = CIRCLE('',#3875,0.8);
#3875 = AXIS2_PLACEMENT_3D('',#3876,#3877,#3878);
#3876 = CARTESIAN_POINT('',(39.772937,-75.055786,1.6));
#3877 = DIRECTION('',(-0.,0.,-1.));
#3878 = DIRECTION('',(-0.,-1.,0.));
#3879 = FACE_BOUND('',#3880,.T.);
#3880 = EDGE_LOOP('',(#3881));
#3881 = ORIENTED_EDGE('',*,*,#3882,.T.);
#3882 = EDGE_CURVE('',#3883,#3883,#3885,.T.);
#3883 = VERTEX_POINT('',#3884);
#3884 = CARTESIAN_POINT('',(25.722937,-73.075786,1.6));
#3885 = CIRCLE('',#3886,1.5);
#3886 = AXIS2_PLACEMENT_3D('',#3887,#3888,#3889);
#3887 = CARTESIAN_POINT('',(25.722937,-71.575786,1.6));
#3888 = DIRECTION('',(-0.,0.,-1.));
#3889 = DIRECTION('',(-0.,-1.,0.));
#3890 = FACE_BOUND('',#3891,.T.);
#3891 = EDGE_LOOP('',(#3892));
#3892 = ORIENTED_EDGE('',*,*,#3893,.T.);
#3893 = EDGE_CURVE('',#3894,#3894,#3896,.T.);
#3894 = VERTEX_POINT('',#3895);
#3895 = CARTESIAN_POINT('',(18.222937,-63.625786,1.6));
#3896 = CIRCLE('',#3897,0.15);
#3897 = AXIS2_PLACEMENT_3D('',#3898,#3899,#3900);
#3898 = CARTESIAN_POINT('',(18.222937,-63.475786,1.6));
#3899 = DIRECTION('',(-0.,0.,-1.));
#3900 = DIRECTION('',(-0.,-1.,0.));
#3901 = FACE_BOUND('',#3902,.T.);
#3902 = EDGE_LOOP('',(#3903));
#3903 = ORIENTED_EDGE('',*,*,#3904,.T.);
#3904 = EDGE_CURVE('',#3905,#3905,#3907,.T.);
#3905 = VERTEX_POINT('',#3906);
#3906 = CARTESIAN_POINT('',(20.722937,-64.425786,1.6));
#3907 = CIRCLE('',#3908,0.8);
#3908 = AXIS2_PLACEMENT_3D('',#3909,#3910,#3911);
#3909 = CARTESIAN_POINT('',(20.722937,-63.625786,1.6));
#3910 = DIRECTION('',(-0.,0.,-1.));
#3911 = DIRECTION('',(-0.,-1.,0.));
#3912 = FACE_BOUND('',#3913,.T.);
#3913 = EDGE_LOOP('',(#3914));
#3914 = ORIENTED_EDGE('',*,*,#3915,.T.);
#3915 = EDGE_CURVE('',#3916,#3916,#3918,.T.);
#3916 = VERTEX_POINT('',#3917);
#3917 = CARTESIAN_POINT('',(30.722937,-64.425786,1.6));
#3918 = CIRCLE('',#3919,0.8);
#3919 = AXIS2_PLACEMENT_3D('',#3920,#3921,#3922);
#3920 = CARTESIAN_POINT('',(30.722937,-63.625786,1.6));
#3921 = DIRECTION('',(-0.,0.,-1.));
#3922 = DIRECTION('',(-0.,-1.,0.));
#3923 = FACE_BOUND('',#3924,.T.);
#3924 = EDGE_LOOP('',(#3925));
#3925 = ORIENTED_EDGE('',*,*,#3926,.T.);
#3926 = EDGE_CURVE('',#3927,#3927,#3929,.T.);
#3927 = VERTEX_POINT('',#3928);
#3928 = CARTESIAN_POINT('',(37.272937,-72.255786,1.6));
#3929 = CIRCLE('',#3930,0.15);
#3930 = AXIS2_PLACEMENT_3D('',#3931,#3932,#3933);
#3931 = CARTESIAN_POINT('',(37.272937,-72.105786,1.6));
#3932 = DIRECTION('',(-0.,0.,-1.));
#3933 = DIRECTION('',(-0.,-1.,0.));
#3934 = FACE_BOUND('',#3935,.T.);
#3935 = EDGE_LOOP('',(#3936));
#3936 = ORIENTED_EDGE('',*,*,#3937,.T.);
#3937 = EDGE_CURVE('',#3938,#3938,#3940,.T.);
#3938 = VERTEX_POINT('',#3939);
#3939 = CARTESIAN_POINT('',(39.272937,-70.855786,1.6));
#3940 = CIRCLE('',#3941,0.95);
#3941 = AXIS2_PLACEMENT_3D('',#3942,#3943,#3944);
#3942 = CARTESIAN_POINT('',(39.272937,-69.905786,1.6));
#3943 = DIRECTION('',(-0.,0.,-1.));
#3944 = DIRECTION('',(-0.,-1.,0.));
#3945 = FACE_BOUND('',#3946,.T.);
#3946 = EDGE_LOOP('',(#3947));
#3947 = ORIENTED_EDGE('',*,*,#3948,.T.);
#3948 = EDGE_CURVE('',#3949,#3949,#3951,.T.);
#3949 = VERTEX_POINT('',#3950);
#3950 = CARTESIAN_POINT('',(44.772937,-72.405786,1.6));
#3951 = CIRCLE('',#3952,2.5);
#3952 = AXIS2_PLACEMENT_3D('',#3953,#3954,#3955);
#3953 = CARTESIAN_POINT('',(44.772937,-69.905786,1.6));
#3954 = DIRECTION('',(-0.,0.,-1.));
#3955 = DIRECTION('',(-0.,-1.,0.));
#3956 = FACE_BOUND('',#3957,.T.);
#3957 = EDGE_LOOP('',(#3958));
#3958 = ORIENTED_EDGE('',*,*,#3959,.T.);
#3959 = EDGE_CURVE('',#3960,#3960,#3962,.T.);
#3960 = VERTEX_POINT('',#3961);
#3961 = CARTESIAN_POINT('',(39.772937,-67.655786,1.6));
#3962 = CIRCLE('',#3963,1.5);
#3963 = AXIS2_PLACEMENT_3D('',#3964,#3965,#3966);
#3964 = CARTESIAN_POINT('',(39.772937,-66.155786,1.6));
#3965 = DIRECTION('',(-0.,0.,-1.));
#3966 = DIRECTION('',(-0.,-1.,0.));
#3967 = FACE_BOUND('',#3968,.T.);
#3968 = EDGE_LOOP('',(#3969));
#3969 = ORIENTED_EDGE('',*,*,#3970,.T.);
#3970 = EDGE_CURVE('',#3971,#3971,#3973,.T.);
#3971 = VERTEX_POINT('',#3972);
#3972 = CARTESIAN_POINT('',(44.772937,-65.455786,1.6));
#3973 = CIRCLE('',#3974,1.5);
#3974 = AXIS2_PLACEMENT_3D('',#3975,#3976,#3977);
#3975 = CARTESIAN_POINT('',(44.772937,-63.955786,1.6));
#3976 = DIRECTION('',(-0.,0.,-1.));
#3977 = DIRECTION('',(-0.,-1.,0.));
#3978 = FACE_BOUND('',#3979,.T.);
#3979 = EDGE_LOOP('',(#3980));
#3980 = ORIENTED_EDGE('',*,*,#3981,.T.);
#3981 = EDGE_CURVE('',#3982,#3982,#3984,.T.);
#3982 = VERTEX_POINT('',#3983);
#3983 = CARTESIAN_POINT('',(49.772937,-75.855786,1.6));
#3984 = CIRCLE('',#3985,0.8);
#3985 = AXIS2_PLACEMENT_3D('',#3986,#3987,#3988);
#3986 = CARTESIAN_POINT('',(49.772937,-75.055786,1.6));
#3987 = DIRECTION('',(-0.,0.,-1.));
#3988 = DIRECTION('',(-0.,-1.,0.));
#3989 = FACE_BOUND('',#3990,.T.);
#3990 = EDGE_LOOP('',(#3991));
#3991 = ORIENTED_EDGE('',*,*,#3992,.T.);
#3992 = EDGE_CURVE('',#3993,#3993,#3995,.T.);
#3993 = VERTEX_POINT('',#3994);
#3994 = CARTESIAN_POINT('',(75.372937,-76.008286,1.6));
#3995 = CIRCLE('',#3996,0.15);
#3996 = AXIS2_PLACEMENT_3D('',#3997,#3998,#3999);
#3997 = CARTESIAN_POINT('',(75.372937,-75.858286,1.6));
#3998 = DIRECTION('',(-0.,0.,-1.));
#3999 = DIRECTION('',(-9.473903143469E-14,-1.,0.));
#4000 = FACE_BOUND('',#4001,.T.);
#4001 = EDGE_LOOP('',(#4002));
#4002 = ORIENTED_EDGE('',*,*,#4003,.T.);
#4003 = EDGE_CURVE('',#4004,#4004,#4006,.T.);
#4004 = VERTEX_POINT('',#4005);
#4005 = CARTESIAN_POINT('',(77.872937,-76.808286,1.6));
#4006 = CIRCLE('',#4007,0.8);
#4007 = AXIS2_PLACEMENT_3D('',#4008,#4009,#4010);
#4008 = CARTESIAN_POINT('',(77.872937,-76.008286,1.6));
#4009 = DIRECTION('',(-0.,0.,-1.));
#4010 = DIRECTION('',(-1.7763568394E-14,-1.,0.));
#4011 = FACE_BOUND('',#4012,.T.);
#4012 = EDGE_LOOP('',(#4013));
#4013 = ORIENTED_EDGE('',*,*,#4014,.T.);
#4014 = EDGE_CURVE('',#4015,#4015,#4017,.T.);
#4015 = VERTEX_POINT('',#4016);
#4016 = CARTESIAN_POINT('',(50.272937,-70.855786,1.6));
#4017 = CIRCLE('',#4018,0.95);
#4018 = AXIS2_PLACEMENT_3D('',#4019,#4020,#4021);
#4019 = CARTESIAN_POINT('',(50.272937,-69.905786,1.6));
#4020 = DIRECTION('',(-0.,0.,-1.));
#4021 = DIRECTION('',(-0.,-1.,0.));
#4022 = FACE_BOUND('',#4023,.T.);
#4023 = EDGE_LOOP('',(#4024));
#4024 = ORIENTED_EDGE('',*,*,#4025,.T.);
#4025 = EDGE_CURVE('',#4026,#4026,#4028,.T.);
#4026 = VERTEX_POINT('',#4027);
#4027 = CARTESIAN_POINT('',(56.322937,-69.721786,1.6));
#4028 = CIRCLE('',#4029,0.15);
#4029 = AXIS2_PLACEMENT_3D('',#4030,#4031,#4032);
#4030 = CARTESIAN_POINT('',(56.322937,-69.571786,1.6));
#4031 = DIRECTION('',(-0.,0.,-1.));
#4032 = DIRECTION('',(4.736951571734E-14,-1.,-0.));
#4033 = FACE_BOUND('',#4034,.T.);
#4034 = EDGE_LOOP('',(#4035));
#4035 = ORIENTED_EDGE('',*,*,#4036,.T.);
#4036 = EDGE_CURVE('',#4037,#4037,#4039,.T.);
#4037 = VERTEX_POINT('',#4038);
#4038 = CARTESIAN_POINT('',(58.822937,-70.521786,1.6));
#4039 = CIRCLE('',#4040,0.8);
#4040 = AXIS2_PLACEMENT_3D('',#4041,#4042,#4043);
#4041 = CARTESIAN_POINT('',(58.822937,-69.721786,1.6));
#4042 = DIRECTION('',(-0.,0.,-1.));
#4043 = DIRECTION('',(8.881784197001E-15,-1.,-0.));
#4044 = FACE_BOUND('',#4045,.T.);
#4045 = EDGE_LOOP('',(#4046));
#4046 = ORIENTED_EDGE('',*,*,#4047,.T.);
#4047 = EDGE_CURVE('',#4048,#4048,#4050,.T.);
#4048 = VERTEX_POINT('',#4049);
#4049 = CARTESIAN_POINT('',(49.772937,-67.655786,1.6));
#4050 = CIRCLE('',#4051,1.5);
#4051 = AXIS2_PLACEMENT_3D('',#4052,#4053,#4054);
#4052 = CARTESIAN_POINT('',(49.772937,-66.155786,1.6));
#4053 = DIRECTION('',(-0.,0.,-1.));
#4054 = DIRECTION('',(-0.,-1.,0.));
#4055 = FACE_BOUND('',#4056,.T.);
#4056 = EDGE_LOOP('',(#4057));
#4057 = ORIENTED_EDGE('',*,*,#4058,.T.);
#4058 = EDGE_CURVE('',#4059,#4059,#4061,.T.);
#4059 = VERTEX_POINT('',#4060);
#4060 = CARTESIAN_POINT('',(56.322937,-66.921786,1.6));
#4061 = CIRCLE('',#4062,0.15);
#4062 = AXIS2_PLACEMENT_3D('',#4063,#4064,#4065);
#4063 = CARTESIAN_POINT('',(56.322937,-66.771786,1.6));
#4064 = DIRECTION('',(-0.,0.,-1.));
#4065 = DIRECTION('',(4.736951571734E-14,-1.,-0.));
#4066 = FACE_BOUND('',#4067,.T.);
#4067 = EDGE_LOOP('',(#4068));
#4068 = ORIENTED_EDGE('',*,*,#4069,.T.);
#4069 = EDGE_CURVE('',#4070,#4070,#4072,.T.);
#4070 = VERTEX_POINT('',#4071);
#4071 = CARTESIAN_POINT('',(58.322937,-65.521786,1.6));
#4072 = CIRCLE('',#4073,0.95);
#4073 = AXIS2_PLACEMENT_3D('',#4074,#4075,#4076);
#4074 = CARTESIAN_POINT('',(58.322937,-64.571786,1.6));
#4075 = DIRECTION('',(-0.,0.,-1.));
#4076 = DIRECTION('',(7.479397218527E-15,-1.,-0.));
#4077 = FACE_BOUND('',#4078,.T.);
#4078 = EDGE_LOOP('',(#4079));
#4079 = ORIENTED_EDGE('',*,*,#4080,.T.);
#4080 = EDGE_CURVE('',#4081,#4081,#4083,.T.);
#4081 = VERTEX_POINT('',#4082);
#4082 = CARTESIAN_POINT('',(63.822937,-67.071786,1.6));
#4083 = CIRCLE('',#4084,2.5);
#4084 = AXIS2_PLACEMENT_3D('',#4085,#4086,#4087);
#4085 = CARTESIAN_POINT('',(63.822937,-64.571786,1.6));
#4086 = DIRECTION('',(-0.,0.,-1.));
#4087 = DIRECTION('',(2.84217094304E-15,-1.,-0.));
#4088 = FACE_BOUND('',#4089,.T.);
#4089 = EDGE_LOOP('',(#4090));
#4090 = ORIENTED_EDGE('',*,*,#4091,.T.);
#4091 = EDGE_CURVE('',#4092,#4092,#4094,.T.);
#4092 = VERTEX_POINT('',#4093);
#4093 = CARTESIAN_POINT('',(68.822937,-70.521786,1.6));
#4094 = CIRCLE('',#4095,0.8);
#4095 = AXIS2_PLACEMENT_3D('',#4096,#4097,#4098);
#4096 = CARTESIAN_POINT('',(68.822937,-69.721786,1.6));
#4097 = DIRECTION('',(-0.,0.,-1.));
#4098 = DIRECTION('',(-0.,-1.,0.));
#4099 = FACE_BOUND('',#4100,.T.);
#4100 = EDGE_LOOP('',(#4101));
#4101 = ORIENTED_EDGE('',*,*,#4102,.T.);
#4102 = EDGE_CURVE('',#4103,#4103,#4105,.T.);
#4103 = VERTEX_POINT('',#4104);
#4104 = CARTESIAN_POINT('',(75.372937,-73.208286,1.6));
#4105 = CIRCLE('',#4106,0.15);
#4106 = AXIS2_PLACEMENT_3D('',#4107,#4108,#4109);
#4107 = CARTESIAN_POINT('',(75.372937,-73.058286,1.6));
#4108 = DIRECTION('',(-0.,0.,-1.));
#4109 = DIRECTION('',(-9.473903143469E-14,-1.,0.));
#4110 = FACE_BOUND('',#4111,.T.);
#4111 = EDGE_LOOP('',(#4112));
#4112 = ORIENTED_EDGE('',*,*,#4113,.T.);
#4113 = EDGE_CURVE('',#4114,#4114,#4116,.T.);
#4114 = VERTEX_POINT('',#4115);
#4115 = CARTESIAN_POINT('',(77.372937,-71.808286,1.6));
#4116 = CIRCLE('',#4117,0.95);
#4117 = AXIS2_PLACEMENT_3D('',#4118,#4119,#4120);
#4118 = CARTESIAN_POINT('',(77.372937,-70.858286,1.6));
#4119 = DIRECTION('',(-0.,0.,-1.));
#4120 = DIRECTION('',(-1.495879443705E-14,-1.,0.));
#4121 = FACE_BOUND('',#4122,.T.);
#4122 = EDGE_LOOP('',(#4123));
#4123 = ORIENTED_EDGE('',*,*,#4124,.T.);
#4124 = EDGE_CURVE('',#4125,#4125,#4127,.T.);
#4125 = VERTEX_POINT('',#4126);
#4126 = CARTESIAN_POINT('',(69.322937,-65.521786,1.6));
#4127 = CIRCLE('',#4128,0.95);
#4128 = AXIS2_PLACEMENT_3D('',#4129,#4130,#4131);
#4129 = CARTESIAN_POINT('',(69.322937,-64.571786,1.6));
#4130 = DIRECTION('',(-0.,0.,-1.));
#4131 = DIRECTION('',(-0.,-1.,0.));
#4132 = FACE_BOUND('',#4133,.T.);
#4133 = EDGE_LOOP('',(#4134));
#4134 = ORIENTED_EDGE('',*,*,#4135,.T.);
#4135 = EDGE_CURVE('',#4136,#4136,#4138,.T.);
#4136 = VERTEX_POINT('',#4137);
#4137 = CARTESIAN_POINT('',(77.872937,-68.608286,1.6));
#4138 = CIRCLE('',#4139,1.5);
#4139 = AXIS2_PLACEMENT_3D('',#4140,#4141,#4142);
#4140 = CARTESIAN_POINT('',(77.872937,-67.108286,1.6));
#4141 = DIRECTION('',(-0.,0.,-1.));
#4142 = DIRECTION('',(-0.,-1.,0.));
#4143 = FACE_BOUND('',#4144,.T.);
#4144 = EDGE_LOOP('',(#4145));
#4145 = ORIENTED_EDGE('',*,*,#4146,.T.);
#4146 = EDGE_CURVE('',#4147,#4147,#4149,.T.);
#4147 = VERTEX_POINT('',#4148);
#4148 = CARTESIAN_POINT('',(84.897937,-97.153786,1.6));
#4149 = CIRCLE('',#4150,0.15);
#4150 = AXIS2_PLACEMENT_3D('',#4151,#4152,#4153);
#4151 = CARTESIAN_POINT('',(84.897937,-97.003786,1.6));
#4152 = DIRECTION('',(-0.,0.,-1.));
#4153 = DIRECTION('',(-0.,-1.,0.));
#4154 = FACE_BOUND('',#4155,.T.);
#4155 = EDGE_LOOP('',(#4156));
#4156 = ORIENTED_EDGE('',*,*,#4157,.T.);
#4157 = EDGE_CURVE('',#4158,#4158,#4160,.T.);
#4158 = VERTEX_POINT('',#4159);
#4159 = CARTESIAN_POINT('',(87.397937,-97.953786,1.6));
#4160 = CIRCLE('',#4161,0.8);
#4161 = AXIS2_PLACEMENT_3D('',#4162,#4163,#4164);
#4162 = CARTESIAN_POINT('',(87.397937,-97.153786,1.6));
#4163 = DIRECTION('',(-0.,0.,-1.));
#4164 = DIRECTION('',(-0.,-1.,0.));
#4165 = FACE_BOUND('',#4166,.T.);
#4166 = EDGE_LOOP('',(#4167));
#4167 = ORIENTED_EDGE('',*,*,#4168,.T.);
#4168 = EDGE_CURVE('',#4169,#4169,#4171,.T.);
#4169 = VERTEX_POINT('',#4170);
#4170 = CARTESIAN_POINT('',(97.397937,-97.953786,1.6));
#4171 = CIRCLE('',#4172,0.8);
#4172 = AXIS2_PLACEMENT_3D('',#4173,#4174,#4175);
#4173 = CARTESIAN_POINT('',(97.397937,-97.153786,1.6));
#4174 = DIRECTION('',(-0.,0.,-1.));
#4175 = DIRECTION('',(-0.,-1.,0.));
#4176 = FACE_BOUND('',#4177,.T.);
#4177 = EDGE_LOOP('',(#4178));
#4178 = ORIENTED_EDGE('',*,*,#4179,.T.);
#4179 = EDGE_CURVE('',#4180,#4180,#4182,.T.);
#4180 = VERTEX_POINT('',#4181);
#4181 = CARTESIAN_POINT('',(106.958695,-98.670968,1.6));
#4182 = CIRCLE('',#4183,0.8);
#4183 = AXIS2_PLACEMENT_3D('',#4184,#4185,#4186);
#4184 = CARTESIAN_POINT('',(106.958695,-97.870968,1.6));
#4185 = DIRECTION('',(-0.,0.,-1.));
#4186 = DIRECTION('',(-0.,-1.,0.));
#4187 = FACE_BOUND('',#4188,.T.);
#4188 = EDGE_LOOP('',(#4189));
#4189 = ORIENTED_EDGE('',*,*,#4190,.T.);
#4190 = EDGE_CURVE('',#4191,#4191,#4193,.T.);
#4191 = VERTEX_POINT('',#4192);
#4192 = CARTESIAN_POINT('',(104.517983,-97.459341,1.6));
#4193 = CIRCLE('',#4194,0.15);
#4194 = AXIS2_PLACEMENT_3D('',#4195,#4196,#4197);
#4195 = CARTESIAN_POINT('',(104.517983,-97.309341,1.6));
#4196 = DIRECTION('',(-0.,0.,-1.));
#4197 = DIRECTION('',(-0.,-1.,0.));
#4198 = FACE_BOUND('',#4199,.T.);
#4199 = EDGE_LOOP('',(#4200));
#4200 = ORIENTED_EDGE('',*,*,#4201,.T.);
#4201 = EDGE_CURVE('',#4202,#4202,#4204,.T.);
#4202 = VERTEX_POINT('',#4203);
#4203 = CARTESIAN_POINT('',(84.897937,-94.353786,1.6));
#4204 = CIRCLE('',#4205,0.15);
#4205 = AXIS2_PLACEMENT_3D('',#4206,#4207,#4208);
#4206 = CARTESIAN_POINT('',(84.897937,-94.203786,1.6));
#4207 = DIRECTION('',(-0.,0.,-1.));
#4208 = DIRECTION('',(-0.,-1.,0.));
#4209 = FACE_BOUND('',#4210,.T.);
#4210 = EDGE_LOOP('',(#4211));
#4211 = ORIENTED_EDGE('',*,*,#4212,.T.);
#4212 = EDGE_CURVE('',#4213,#4213,#4215,.T.);
#4213 = VERTEX_POINT('',#4214);
#4214 = CARTESIAN_POINT('',(86.897937,-92.953786,1.6));
#4215 = CIRCLE('',#4216,0.95);
#4216 = AXIS2_PLACEMENT_3D('',#4217,#4218,#4219);
#4217 = CARTESIAN_POINT('',(86.897937,-92.003786,1.6));
#4218 = DIRECTION('',(-0.,0.,-1.));
#4219 = DIRECTION('',(-0.,-1.,0.));
#4220 = FACE_BOUND('',#4221,.T.);
#4221 = EDGE_LOOP('',(#4222));
#4222 = ORIENTED_EDGE('',*,*,#4223,.T.);
#4223 = EDGE_CURVE('',#4224,#4224,#4226,.T.);
#4224 = VERTEX_POINT('',#4225);
#4225 = CARTESIAN_POINT('',(92.397937,-94.503786,1.6));
#4226 = CIRCLE('',#4227,2.5);
#4227 = AXIS2_PLACEMENT_3D('',#4228,#4229,#4230);
#4228 = CARTESIAN_POINT('',(92.397937,-92.003786,1.6));
#4229 = DIRECTION('',(-0.,0.,-1.));
#4230 = DIRECTION('',(-0.,-1.,0.));
#4231 = FACE_BOUND('',#4232,.T.);
#4232 = EDGE_LOOP('',(#4233));
#4233 = ORIENTED_EDGE('',*,*,#4234,.T.);
#4234 = EDGE_CURVE('',#4235,#4235,#4237,.T.);
#4235 = VERTEX_POINT('',#4236);
#4236 = CARTESIAN_POINT('',(87.397937,-89.753786,1.6));
#4237 = CIRCLE('',#4238,1.5);
#4238 = AXIS2_PLACEMENT_3D('',#4239,#4240,#4241);
#4239 = CARTESIAN_POINT('',(87.397937,-88.253786,1.6));
#4240 = DIRECTION('',(-0.,0.,-1.));
#4241 = DIRECTION('',(-0.,-1.,0.));
#4242 = FACE_BOUND('',#4243,.T.);
#4243 = EDGE_LOOP('',(#4244));
#4244 = ORIENTED_EDGE('',*,*,#4245,.T.);
#4245 = EDGE_CURVE('',#4246,#4246,#4248,.T.);
#4246 = VERTEX_POINT('',#4247);
#4247 = CARTESIAN_POINT('',(92.397937,-87.553786,1.6));
#4248 = CIRCLE('',#4249,1.5);
#4249 = AXIS2_PLACEMENT_3D('',#4250,#4251,#4252);
#4250 = CARTESIAN_POINT('',(92.397937,-86.053786,1.6));
#4251 = DIRECTION('',(-0.,0.,-1.));
#4252 = DIRECTION('',(-0.,-1.,0.));
#4253 = FACE_BOUND('',#4254,.T.);
#4254 = EDGE_LOOP('',(#4255));
#4255 = ORIENTED_EDGE('',*,*,#4256,.T.);
#4256 = EDGE_CURVE('',#4257,#4257,#4259,.T.);
#4257 = VERTEX_POINT('',#4258);
#4258 = CARTESIAN_POINT('',(97.897937,-92.953786,1.6));
#4259 = CIRCLE('',#4260,0.95);
#4260 = AXIS2_PLACEMENT_3D('',#4261,#4262,#4263);
#4261 = CARTESIAN_POINT('',(97.897937,-92.003786,1.6));
#4262 = DIRECTION('',(-0.,0.,-1.));
#4263 = DIRECTION('',(-0.,-1.,0.));
#4264 = FACE_BOUND('',#4265,.T.);
#4265 = EDGE_LOOP('',(#4266));
#4266 = ORIENTED_EDGE('',*,*,#4267,.T.);
#4267 = EDGE_CURVE('',#4268,#4268,#4270,.T.);
#4268 = VERTEX_POINT('',#4269);
#4269 = CARTESIAN_POINT('',(104.981321,-94.697943,1.6));
#4270 = CIRCLE('',#4271,0.15);
#4271 = AXIS2_PLACEMENT_3D('',#4272,#4273,#4274);
#4272 = CARTESIAN_POINT('',(104.981321,-94.547943,1.6));
#4273 = DIRECTION('',(-0.,0.,-1.));
#4274 = DIRECTION('',(-9.473903143468E-14,-1.,0.));
#4275 = FACE_BOUND('',#4276,.T.);
#4276 = EDGE_LOOP('',(#4277));
#4277 = ORIENTED_EDGE('',*,*,#4278,.T.);
#4278 = EDGE_CURVE('',#4279,#4279,#4281,.T.);
#4279 = VERTEX_POINT('',#4280);
#4280 = CARTESIAN_POINT('',(107.3178,-93.659229,1.6));
#4281 = CIRCLE('',#4282,0.95);
#4282 = AXIS2_PLACEMENT_3D('',#4283,#4284,#4285);
#4283 = CARTESIAN_POINT('',(107.3178,-92.709229,1.6));
#4284 = DIRECTION('',(-0.,0.,-1.));
#4285 = DIRECTION('',(-0.,-1.,0.));
#4286 = FACE_BOUND('',#4287,.T.);
#4287 = EDGE_LOOP('',(#4288));
#4288 = ORIENTED_EDGE('',*,*,#4289,.T.);
#4289 = EDGE_CURVE('',#4290,#4290,#4292,.T.);
#4290 = VERTEX_POINT('',#4291);
#4291 = CARTESIAN_POINT('',(97.397937,-89.753786,1.6));
#4292 = CIRCLE('',#4293,1.5);
#4293 = AXIS2_PLACEMENT_3D('',#4294,#4295,#4296);
#4294 = CARTESIAN_POINT('',(97.397937,-88.253786,1.6));
#4295 = DIRECTION('',(-0.,0.,-1.));
#4296 = DIRECTION('',(-0.,-1.,0.));
#4297 = FACE_BOUND('',#4298,.T.);
#4298 = EDGE_LOOP('',(#4299));
#4299 = ORIENTED_EDGE('',*,*,#4300,.T.);
#4300 = EDGE_CURVE('',#4301,#4301,#4303,.T.);
#4301 = VERTEX_POINT('',#4302);
#4302 = CARTESIAN_POINT('',(108.431449,-90.593668,1.6));
#4303 = CIRCLE('',#4304,1.5);
#4304 = AXIS2_PLACEMENT_3D('',#4305,#4306,#4307);
#4305 = CARTESIAN_POINT('',(108.431449,-89.093668,1.6));
#4306 = DIRECTION('',(-0.,0.,-1.));
#4307 = DIRECTION('',(-0.,-1.,0.));
#4308 = FACE_BOUND('',#4309,.T.);
#4309 = EDGE_LOOP('',(#4310));
#4310 = ORIENTED_EDGE('',*,*,#4311,.T.);
#4311 = EDGE_CURVE('',#4312,#4312,#4314,.T.);
#4312 = VERTEX_POINT('',#4313);
#4313 = CARTESIAN_POINT('',(123.954633,-101.107711,1.6));
#4314 = CIRCLE('',#4315,0.15);
#4315 = AXIS2_PLACEMENT_3D('',#4316,#4317,#4318);
#4316 = CARTESIAN_POINT('',(123.954633,-100.957711,1.6));
#4317 = DIRECTION('',(-0.,0.,-1.));
#4318 = DIRECTION('',(-0.,-1.,0.));
#4319 = FACE_BOUND('',#4320,.T.);
#4320 = EDGE_LOOP('',(#4321));
#4321 = ORIENTED_EDGE('',*,*,#4322,.T.);
#4322 = EDGE_CURVE('',#4323,#4323,#4325,.T.);
#4323 = VERTEX_POINT('',#4324);
#4324 = CARTESIAN_POINT('',(116.82083,-100.325747,1.6));
#4325 = CIRCLE('',#4326,0.8);
#4326 = AXIS2_PLACEMENT_3D('',#4327,#4328,#4329);
#4327 = CARTESIAN_POINT('',(116.82083,-99.525747,1.6));
#4328 = DIRECTION('',(-0.,0.,-1.));
#4329 = DIRECTION('',(-0.,-1.,0.));
#4330 = FACE_BOUND('',#4331,.T.);
#4331 = EDGE_LOOP('',(#4332));
#4332 = ORIENTED_EDGE('',*,*,#4333,.T.);
#4333 = EDGE_CURVE('',#4334,#4334,#4336,.T.);
#4334 = VERTEX_POINT('',#4335);
#4335 = CARTESIAN_POINT('',(124.868533,-98.461055,1.6));
#4336 = CIRCLE('',#4337,0.15);
#4337 = AXIS2_PLACEMENT_3D('',#4338,#4339,#4340);
#4338 = CARTESIAN_POINT('',(124.868533,-98.311055,1.6));
#4339 = DIRECTION('',(-0.,0.,-1.));
#4340 = DIRECTION('',(-0.,-1.,0.));
#4341 = FACE_BOUND('',#4342,.T.);
#4342 = EDGE_LOOP('',(#4343));
#4343 = ORIENTED_EDGE('',*,*,#4344,.T.);
#4344 = EDGE_CURVE('',#4345,#4345,#4347,.T.);
#4345 = VERTEX_POINT('',#4346);
#4346 = CARTESIAN_POINT('',(126.268759,-102.715478,1.6));
#4347 = CIRCLE('',#4348,0.8);
#4348 = AXIS2_PLACEMENT_3D('',#4349,#4350,#4351);
#4349 = CARTESIAN_POINT('',(126.268759,-101.915478,1.6));
#4350 = DIRECTION('',(-0.,0.,-1.));
#4351 = DIRECTION('',(-0.,-1.,0.));
#4352 = FACE_BOUND('',#4353,.T.);
#4353 = EDGE_LOOP('',(#4354));
#4354 = ORIENTED_EDGE('',*,*,#4355,.T.);
#4355 = EDGE_CURVE('',#4356,#4356,#4358,.T.);
#4356 = VERTEX_POINT('',#4357);
#4357 = CARTESIAN_POINT('',(135.7211,-105.979409,1.6));
#4358 = CIRCLE('',#4359,0.8);
#4359 = AXIS2_PLACEMENT_3D('',#4360,#4361,#4362);
#4360 = CARTESIAN_POINT('',(135.7211,-105.179409,1.6));
#4361 = DIRECTION('',(-0.,0.,-1.));
#4362 = DIRECTION('',(3.5527136788E-14,-1.,-0.));
#4363 = FACE_BOUND('',#4364,.T.);
#4364 = EDGE_LOOP('',(#4365));
#4365 = ORIENTED_EDGE('',*,*,#4366,.T.);
#4366 = EDGE_CURVE('',#4367,#4367,#4369,.T.);
#4367 = VERTEX_POINT('',#4368);
#4368 = CARTESIAN_POINT('',(127.477066,-97.834326,1.6));
#4369 = CIRCLE('',#4370,0.95);
#4370 = AXIS2_PLACEMENT_3D('',#4371,#4372,#4373);
#4371 = CARTESIAN_POINT('',(127.477066,-96.884326,1.6));
#4372 = DIRECTION('',(-0.,0.,-1.));
#4373 = DIRECTION('',(-1.495879443705E-14,-1.,0.));
#4374 = FACE_BOUND('',#4375,.T.);
#4375 = EDGE_LOOP('',(#4376));
#4376 = ORIENTED_EDGE('',*,*,#4377,.T.);
#4377 = EDGE_CURVE('',#4378,#4378,#4380,.T.);
#4378 = VERTEX_POINT('',#4379);
#4379 = CARTESIAN_POINT('',(132.675854,-101.179488,1.6));
#4380 = CIRCLE('',#4381,2.5);
#4381 = AXIS2_PLACEMENT_3D('',#4382,#4383,#4384);
#4382 = CARTESIAN_POINT('',(132.675854,-98.679488,1.6));
#4383 = DIRECTION('',(-0.,0.,-1.));
#4384 = DIRECTION('',(-0.,-1.,0.));
#4385 = FACE_BOUND('',#4386,.T.);
#4386 = EDGE_LOOP('',(#4387));
#4387 = ORIENTED_EDGE('',*,*,#4388,.T.);
#4388 = EDGE_CURVE('',#4389,#4389,#4391,.T.);
#4389 = VERTEX_POINT('',#4390);
#4390 = CARTESIAN_POINT('',(137.874642,-101.42465,1.6));
#4391 = CIRCLE('',#4392,0.95);
#4392 = AXIS2_PLACEMENT_3D('',#4393,#4394,#4395);
#4393 = CARTESIAN_POINT('',(137.874642,-100.47465,1.6));
#4394 = DIRECTION('',(-0.,0.,-1.));
#4395 = DIRECTION('',(-0.,-1.,0.));
#4396 = FACE_BOUND('',#4397,.T.);
#4397 = EDGE_LOOP('',(#4398));
#4398 = ORIENTED_EDGE('',*,*,#4399,.T.);
#4399 = EDGE_CURVE('',#4400,#4400,#4402,.T.);
#4400 = VERTEX_POINT('',#4401);
#4401 = CARTESIAN_POINT('',(138.625999,-98.266826,1.6));
#4402 = CIRCLE('',#4403,1.5);
#4403 = AXIS2_PLACEMENT_3D('',#4404,#4405,#4406);
#4404 = CARTESIAN_POINT('',(138.625999,-96.766826,1.6));
#4405 = DIRECTION('',(-0.,0.,-1.));
#4406 = DIRECTION('',(-0.,-1.,0.));
#4407 = FACE_BOUND('',#4408,.T.);
#4408 = EDGE_LOOP('',(#4409));
#4409 = ORIENTED_EDGE('',*,*,#4410,.T.);
#4410 = EDGE_CURVE('',#4411,#4411,#4413,.T.);
#4411 = VERTEX_POINT('',#4412);
#4412 = CARTESIAN_POINT('',(112.741974,-96.119358,1.6));
#4413 = CIRCLE('',#4414,2.5);
#4414 = AXIS2_PLACEMENT_3D('',#4415,#4416,#4417);
#4415 = CARTESIAN_POINT('',(112.741974,-93.619358,1.6));
#4416 = DIRECTION('',(-0.,0.,-1.));
#4417 = DIRECTION('',(-0.,-1.,0.));
#4418 = FACE_BOUND('',#4419,.T.);
#4419 = EDGE_LOOP('',(#4420));
#4420 = ORIENTED_EDGE('',*,*,#4421,.T.);
#4421 = EDGE_CURVE('',#4422,#4422,#4424,.T.);
#4422 = VERTEX_POINT('',#4423);
#4423 = CARTESIAN_POINT('',(118.166148,-95.479487,1.6));
#4424 = CIRCLE('',#4425,0.95);
#4425 = AXIS2_PLACEMENT_3D('',#4426,#4427,#4428);
#4426 = CARTESIAN_POINT('',(118.166148,-94.529487,1.6));
#4427 = DIRECTION('',(-0.,0.,-1.));
#4428 = DIRECTION('',(1.495879443705E-14,-1.,-0.));
#4429 = FACE_BOUND('',#4430,.T.);
#4430 = EDGE_LOOP('',(#4431));
#4431 = ORIENTED_EDGE('',*,*,#4432,.T.);
#4432 = EDGE_CURVE('',#4433,#4433,#4435,.T.);
#4433 = VERTEX_POINT('',#4434);
#4434 = CARTESIAN_POINT('',(118.293584,-92.248447,1.6));
#4435 = CIRCLE('',#4436,1.5);
#4436 = AXIS2_PLACEMENT_3D('',#4437,#4438,#4439);
#4437 = CARTESIAN_POINT('',(118.293584,-90.748447,1.6));
#4438 = DIRECTION('',(-0.,0.,-1.));
#4439 = DIRECTION('',(-0.,-1.,0.));
#4440 = FACE_BOUND('',#4441,.T.);
#4441 = EDGE_LOOP('',(#4442));
#4442 = ORIENTED_EDGE('',*,*,#4443,.T.);
#4443 = EDGE_CURVE('',#4444,#4444,#4446,.T.);
#4444 = VERTEX_POINT('',#4445);
#4445 = CARTESIAN_POINT('',(113.726568,-89.251388,1.6));
#4446 = CIRCLE('',#4447,1.5);
#4447 = AXIS2_PLACEMENT_3D('',#4448,#4449,#4450);
#4448 = CARTESIAN_POINT('',(113.726568,-87.751388,1.6));
#4449 = DIRECTION('',(-0.,0.,-1.));
#4450 = DIRECTION('',(-0.,-1.,0.));
#4451 = FACE_BOUND('',#4452,.T.);
#4452 = EDGE_LOOP('',(#4453));
#4453 = ORIENTED_EDGE('',*,*,#4454,.T.);
#4454 = EDGE_CURVE('',#4455,#4455,#4457,.T.);
#4455 = VERTEX_POINT('',#4456);
#4456 = CARTESIAN_POINT('',(129.173658,-95.002894,1.6));
#4457 = CIRCLE('',#4458,1.5);
#4458 = AXIS2_PLACEMENT_3D('',#4459,#4460,#4461);
#4459 = CARTESIAN_POINT('',(129.173658,-93.502894,1.6));
#4460 = DIRECTION('',(-0.,0.,-1.));
#4461 = DIRECTION('',(-0.,-1.,0.));
#4462 = FACE_BOUND('',#4463,.T.);
#4463 = EDGE_LOOP('',(#4464));
#4464 = ORIENTED_EDGE('',*,*,#4465,.T.);
#4465 = EDGE_CURVE('',#4466,#4466,#4468,.T.);
#4466 = VERTEX_POINT('',#4467);
#4467 = CARTESIAN_POINT('',(134.617893,-94.555345,1.6));
#4468 = CIRCLE('',#4469,1.5);
#4469 = AXIS2_PLACEMENT_3D('',#4470,#4471,#4472);
#4470 = CARTESIAN_POINT('',(134.617893,-93.055345,1.6));
#4471 = DIRECTION('',(-0.,0.,-1.));
#4472 = DIRECTION('',(-0.,-1.,0.));
#4473 = FACE_BOUND('',#4474,.T.);
#4474 = EDGE_LOOP('',(#4475));
#4475 = ORIENTED_EDGE('',*,*,#4476,.T.);
#4476 = EDGE_CURVE('',#4477,#4477,#4479,.T.);
#4477 = VERTEX_POINT('',#4478);
#4478 = CARTESIAN_POINT('',(87.872937,-76.808286,1.6));
#4479 = CIRCLE('',#4480,0.8);
#4480 = AXIS2_PLACEMENT_3D('',#4481,#4482,#4483);
#4481 = CARTESIAN_POINT('',(87.872937,-76.008286,1.6));
#4482 = DIRECTION('',(-0.,0.,-1.));
#4483 = DIRECTION('',(-1.7763568394E-14,-1.,0.));
#4484 = FACE_BOUND('',#4485,.T.);
#4485 = EDGE_LOOP('',(#4486));
#4486 = ORIENTED_EDGE('',*,*,#4487,.T.);
#4487 = EDGE_CURVE('',#4488,#4488,#4490,.T.);
#4488 = VERTEX_POINT('',#4489);
#4489 = CARTESIAN_POINT('',(94.422937,-78.103786,1.6));
#4490 = CIRCLE('',#4491,0.15);
#4491 = AXIS2_PLACEMENT_3D('',#4492,#4493,#4494);
#4492 = CARTESIAN_POINT('',(94.422937,-77.953786,1.6));
#4493 = DIRECTION('',(-0.,0.,-1.));
#4494 = DIRECTION('',(9.473903143467E-14,-1.,-0.));
#4495 = FACE_BOUND('',#4496,.T.);
#4496 = EDGE_LOOP('',(#4497));
#4497 = ORIENTED_EDGE('',*,*,#4498,.T.);
#4498 = EDGE_CURVE('',#4499,#4499,#4501,.T.);
#4499 = VERTEX_POINT('',#4500);
#4500 = CARTESIAN_POINT('',(96.922937,-78.903786,1.6));
#4501 = CIRCLE('',#4502,0.8);
#4502 = AXIS2_PLACEMENT_3D('',#4503,#4504,#4505);
#4503 = CARTESIAN_POINT('',(96.922937,-78.103786,1.6));
#4504 = DIRECTION('',(-0.,0.,-1.));
#4505 = DIRECTION('',(1.7763568394E-14,-1.,-0.));
#4506 = FACE_BOUND('',#4507,.T.);
#4507 = EDGE_LOOP('',(#4508));
#4508 = ORIENTED_EDGE('',*,*,#4509,.T.);
#4509 = EDGE_CURVE('',#4510,#4510,#4512,.T.);
#4510 = VERTEX_POINT('',#4511);
#4511 = CARTESIAN_POINT('',(94.422937,-75.303786,1.6));
#4512 = CIRCLE('',#4513,0.15);
#4513 = AXIS2_PLACEMENT_3D('',#4514,#4515,#4516);
#4514 = CARTESIAN_POINT('',(94.422937,-75.153786,1.6));
#4515 = DIRECTION('',(-0.,0.,-1.));
#4516 = DIRECTION('',(9.473903143467E-14,-1.,-0.));
#4517 = FACE_BOUND('',#4518,.T.);
#4518 = EDGE_LOOP('',(#4519));
#4519 = ORIENTED_EDGE('',*,*,#4520,.T.);
#4520 = EDGE_CURVE('',#4521,#4521,#4523,.T.);
#4521 = VERTEX_POINT('',#4522);
#4522 = CARTESIAN_POINT('',(106.922937,-78.903786,1.6));
#4523 = CIRCLE('',#4524,0.8);
#4524 = AXIS2_PLACEMENT_3D('',#4525,#4526,#4527);
#4525 = CARTESIAN_POINT('',(106.922937,-78.103786,1.6));
#4526 = DIRECTION('',(-0.,0.,-1.));
#4527 = DIRECTION('',(1.7763568394E-14,-1.,-0.));
#4528 = FACE_BOUND('',#4529,.T.);
#4529 = EDGE_LOOP('',(#4530));
#4530 = ORIENTED_EDGE('',*,*,#4531,.T.);
#4531 = EDGE_CURVE('',#4532,#4532,#4534,.T.);
#4532 = VERTEX_POINT('',#4533);
#4533 = CARTESIAN_POINT('',(82.872937,-73.358286,1.6));
#4534 = CIRCLE('',#4535,2.5);
#4535 = AXIS2_PLACEMENT_3D('',#4536,#4537,#4538);
#4536 = CARTESIAN_POINT('',(82.872937,-70.858286,1.6));
#4537 = DIRECTION('',(-0.,0.,-1.));
#4538 = DIRECTION('',(-0.,-1.,0.));
#4539 = FACE_BOUND('',#4540,.T.);
#4540 = EDGE_LOOP('',(#4541));
#4541 = ORIENTED_EDGE('',*,*,#4542,.T.);
#4542 = EDGE_CURVE('',#4543,#4543,#4545,.T.);
#4543 = VERTEX_POINT('',#4544);
#4544 = CARTESIAN_POINT('',(88.372937,-71.808286,1.6));
#4545 = CIRCLE('',#4546,0.95);
#4546 = AXIS2_PLACEMENT_3D('',#4547,#4548,#4549);
#4547 = CARTESIAN_POINT('',(88.372937,-70.858286,1.6));
#4548 = DIRECTION('',(-0.,0.,-1.));
#4549 = DIRECTION('',(-1.495879443705E-14,-1.,0.));
#4550 = FACE_BOUND('',#4551,.T.);
#4551 = EDGE_LOOP('',(#4552));
#4552 = ORIENTED_EDGE('',*,*,#4553,.T.);
#4553 = EDGE_CURVE('',#4554,#4554,#4556,.T.);
#4554 = VERTEX_POINT('',#4555);
#4555 = CARTESIAN_POINT('',(82.872937,-66.408286,1.6));
#4556 = CIRCLE('',#4557,1.5);
#4557 = AXIS2_PLACEMENT_3D('',#4558,#4559,#4560);
#4558 = CARTESIAN_POINT('',(82.872937,-64.908286,1.6));
#4559 = DIRECTION('',(-0.,0.,-1.));
#4560 = DIRECTION('',(-0.,-1.,0.));
#4561 = FACE_BOUND('',#4562,.T.);
#4562 = EDGE_LOOP('',(#4563));
#4563 = ORIENTED_EDGE('',*,*,#4564,.T.);
#4564 = EDGE_CURVE('',#4565,#4565,#4567,.T.);
#4565 = VERTEX_POINT('',#4566);
#4566 = CARTESIAN_POINT('',(87.872937,-68.608286,1.6));
#4567 = CIRCLE('',#4568,1.5);
#4568 = AXIS2_PLACEMENT_3D('',#4569,#4570,#4571);
#4569 = CARTESIAN_POINT('',(87.872937,-67.108286,1.6));
#4570 = DIRECTION('',(-0.,0.,-1.));
#4571 = DIRECTION('',(-0.,-1.,0.));
#4572 = FACE_BOUND('',#4573,.T.);
#4573 = EDGE_LOOP('',(#4574));
#4574 = ORIENTED_EDGE('',*,*,#4575,.T.);
#4575 = EDGE_CURVE('',#4576,#4576,#4578,.T.);
#4576 = VERTEX_POINT('',#4577);
#4577 = CARTESIAN_POINT('',(96.422937,-73.903786,1.6));
#4578 = CIRCLE('',#4579,0.95);
#4579 = AXIS2_PLACEMENT_3D('',#4580,#4581,#4582);
#4580 = CARTESIAN_POINT('',(96.422937,-72.953786,1.6));
#4581 = DIRECTION('',(-0.,0.,-1.));
#4582 = DIRECTION('',(1.495879443705E-14,-1.,-0.));
#4583 = FACE_BOUND('',#4584,.T.);
#4584 = EDGE_LOOP('',(#4585));
#4585 = ORIENTED_EDGE('',*,*,#4586,.T.);
#4586 = EDGE_CURVE('',#4587,#4587,#4589,.T.);
#4587 = VERTEX_POINT('',#4588);
#4588 = CARTESIAN_POINT('',(101.922937,-75.453786,1.6));
#4589 = CIRCLE('',#4590,2.5);
#4590 = AXIS2_PLACEMENT_3D('',#4591,#4592,#4593);
#4591 = CARTESIAN_POINT('',(101.922937,-72.953786,1.6));
#4592 = DIRECTION('',(-0.,0.,-1.));
#4593 = DIRECTION('',(-0.,-1.,0.));
#4594 = FACE_BOUND('',#4595,.T.);
#4595 = EDGE_LOOP('',(#4596));
#4596 = ORIENTED_EDGE('',*,*,#4597,.T.);
#4597 = EDGE_CURVE('',#4598,#4598,#4600,.T.);
#4598 = VERTEX_POINT('',#4599);
#4599 = CARTESIAN_POINT('',(96.922937,-70.703786,1.6));
#4600 = CIRCLE('',#4601,1.5);
#4601 = AXIS2_PLACEMENT_3D('',#4602,#4603,#4604);
#4602 = CARTESIAN_POINT('',(96.922937,-69.203786,1.6));
#4603 = DIRECTION('',(-0.,0.,-1.));
#4604 = DIRECTION('',(-0.,-1.,0.));
#4605 = FACE_BOUND('',#4606,.T.);
#4606 = EDGE_LOOP('',(#4607));
#4607 = ORIENTED_EDGE('',*,*,#4608,.T.);
#4608 = EDGE_CURVE('',#4609,#4609,#4611,.T.);
#4609 = VERTEX_POINT('',#4610);
#4610 = CARTESIAN_POINT('',(107.422937,-73.903786,1.6));
#4611 = CIRCLE('',#4612,0.95);
#4612 = AXIS2_PLACEMENT_3D('',#4613,#4614,#4615);
#4613 = CARTESIAN_POINT('',(107.422937,-72.953786,1.6));
#4614 = DIRECTION('',(-0.,0.,-1.));
#4615 = DIRECTION('',(1.495879443705E-14,-1.,-0.));
#4616 = FACE_BOUND('',#4617,.T.);
#4617 = EDGE_LOOP('',(#4618));
#4618 = ORIENTED_EDGE('',*,*,#4619,.T.);
#4619 = EDGE_CURVE('',#4620,#4620,#4622,.T.);
#4620 = VERTEX_POINT('',#4621);
#4621 = CARTESIAN_POINT('',(106.922937,-70.703786,1.6));
#4622 = CIRCLE('',#4623,1.5);
#4623 = AXIS2_PLACEMENT_3D('',#4624,#4625,#4626);
#4624 = CARTESIAN_POINT('',(106.922937,-69.203786,1.6));
#4625 = DIRECTION('',(-0.,0.,-1.));
#4626 = DIRECTION('',(-0.,-1.,0.));
#4627 = FACE_BOUND('',#4628,.T.);
#4628 = EDGE_LOOP('',(#4629));
#4629 = ORIENTED_EDGE('',*,*,#4630,.T.);
#4630 = EDGE_CURVE('',#4631,#4631,#4633,.T.);
#4631 = VERTEX_POINT('',#4632);
#4632 = CARTESIAN_POINT('',(101.922937,-68.503786,1.6));
#4633 = CIRCLE('',#4634,1.5);
#4634 = AXIS2_PLACEMENT_3D('',#4635,#4636,#4637);
#4635 = CARTESIAN_POINT('',(101.922937,-67.003786,1.6));
#4636 = DIRECTION('',(-0.,0.,-1.));
#4637 = DIRECTION('',(-0.,-1.,0.));
#4638 = FACE_BOUND('',#4639,.T.);
#4639 = EDGE_LOOP('',(#4640));
#4640 = ORIENTED_EDGE('',*,*,#4641,.T.);
#4641 = EDGE_CURVE('',#4642,#4642,#4644,.T.);
#4642 = VERTEX_POINT('',#4643);
#4643 = CARTESIAN_POINT('',(131.922937,-81.328786,1.6));
#4644 = CIRCLE('',#4645,0.375);
#4645 = AXIS2_PLACEMENT_3D('',#4646,#4647,#4648);
#4646 = CARTESIAN_POINT('',(131.922937,-80.953786,1.6));
#4647 = DIRECTION('',(-0.,0.,-1.));
#4648 = DIRECTION('',(-0.,-1.,0.));
#4649 = FACE_BOUND('',#4650,.T.);
#4650 = EDGE_LOOP('',(#4651));
#4651 = ORIENTED_EDGE('',*,*,#4652,.T.);
#4652 = EDGE_CURVE('',#4653,#4653,#4655,.T.);
#4653 = VERTEX_POINT('',#4654);
#4654 = CARTESIAN_POINT('',(131.922937,-79.328786,1.6));
#4655 = CIRCLE('',#4656,0.375);
#4656 = AXIS2_PLACEMENT_3D('',#4657,#4658,#4659);
#4657 = CARTESIAN_POINT('',(131.922937,-78.953786,1.6));
#4658 = DIRECTION('',(-0.,0.,-1.));
#4659 = DIRECTION('',(-0.,-1.,0.));
#4660 = FACE_BOUND('',#4661,.T.);
#4661 = EDGE_LOOP('',(#4662));
#4662 = ORIENTED_EDGE('',*,*,#4663,.T.);
#4663 = EDGE_CURVE('',#4664,#4664,#4666,.T.);
#4664 = VERTEX_POINT('',#4665);
#4665 = CARTESIAN_POINT('',(114.922937,-74.053786,1.6));
#4666 = CIRCLE('',#4667,1.1);
#4667 = AXIS2_PLACEMENT_3D('',#4668,#4669,#4670);
#4668 = CARTESIAN_POINT('',(114.922937,-72.953786,1.6));
#4669 = DIRECTION('',(-0.,0.,-1.));
#4670 = DIRECTION('',(1.2918958832E-14,-1.,-0.));
#4671 = FACE_BOUND('',#4672,.T.);
#4672 = EDGE_LOOP('',(#4673));
#4673 = ORIENTED_EDGE('',*,*,#4674,.T.);
#4674 = EDGE_CURVE('',#4675,#4675,#4677,.T.);
#4675 = VERTEX_POINT('',#4676);
#4676 = CARTESIAN_POINT('',(120.112937,-73.103786,1.6));
#4677 = CIRCLE('',#4678,0.5);
#4678 = AXIS2_PLACEMENT_3D('',#4679,#4680,#4681);
#4679 = CARTESIAN_POINT('',(120.112937,-72.603786,1.6));
#4680 = DIRECTION('',(-0.,0.,-1.));
#4681 = DIRECTION('',(-0.,-1.,0.));
#4682 = FACE_BOUND('',#4683,.T.);
#4683 = EDGE_LOOP('',(#4684));
#4684 = ORIENTED_EDGE('',*,*,#4685,.T.);
#4685 = EDGE_CURVE('',#4686,#4686,#4688,.T.);
#4686 = VERTEX_POINT('',#4687);
#4687 = CARTESIAN_POINT('',(122.652937,-73.103786,1.6));
#4688 = CIRCLE('',#4689,0.5);
#4689 = AXIS2_PLACEMENT_3D('',#4690,#4691,#4692);
#4690 = CARTESIAN_POINT('',(122.652937,-72.603786,1.6));
#4691 = DIRECTION('',(-0.,0.,-1.));
#4692 = DIRECTION('',(-0.,-1.,0.));
#4693 = FACE_BOUND('',#4694,.T.);
#4694 = EDGE_LOOP('',(#4695));
#4695 = ORIENTED_EDGE('',*,*,#4696,.T.);
#4696 = EDGE_CURVE('',#4697,#4697,#4699,.T.);
#4697 = VERTEX_POINT('',#4698);
#4698 = CARTESIAN_POINT('',(116.302937,-65.413786,1.6));
#4699 = CIRCLE('',#4700,0.5);
#4700 = AXIS2_PLACEMENT_3D('',#4701,#4702,#4703);
#4701 = CARTESIAN_POINT('',(116.302937,-64.913786,1.6));
#4702 = DIRECTION('',(-0.,0.,-1.));
#4703 = DIRECTION('',(-0.,-1.,0.));
#4704 = FACE_BOUND('',#4705,.T.);
#4705 = EDGE_LOOP('',(#4706));
#4706 = ORIENTED_EDGE('',*,*,#4707,.T.);
#4707 = EDGE_CURVE('',#4708,#4708,#4710,.T.);
#4708 = VERTEX_POINT('',#4709);
#4709 = CARTESIAN_POINT('',(120.660937,-65.113786,1.6));
#4710 = CIRCLE('',#4711,0.2);
#4711 = AXIS2_PLACEMENT_3D('',#4712,#4713,#4714);
#4712 = CARTESIAN_POINT('',(120.660937,-64.913786,1.6));
#4713 = DIRECTION('',(-0.,0.,-1.));
#4714 = DIRECTION('',(-0.,-1.,0.));
#4715 = FACE_BOUND('',#4716,.T.);
#4716 = EDGE_LOOP('',(#4717));
#4717 = ORIENTED_EDGE('',*,*,#4718,.T.);
#4718 = EDGE_CURVE('',#4719,#4719,#4721,.T.);
#4719 = VERTEX_POINT('',#4720);
#4720 = CARTESIAN_POINT('',(125.192937,-73.103786,1.6));
#4721 = CIRCLE('',#4722,0.5);
#4722 = AXIS2_PLACEMENT_3D('',#4723,#4724,#4725);
#4723 = CARTESIAN_POINT('',(125.192937,-72.603786,1.6));
#4724 = DIRECTION('',(-0.,0.,-1.));
#4725 = DIRECTION('',(-0.,-1.,0.));
#4726 = FACE_BOUND('',#4727,.T.);
#4727 = EDGE_LOOP('',(#4728));
#4728 = ORIENTED_EDGE('',*,*,#4729,.T.);
#4729 = EDGE_CURVE('',#4730,#4730,#4732,.T.);
#4730 = VERTEX_POINT('',#4731);
#4731 = CARTESIAN_POINT('',(127.732937,-73.103786,1.6));
#4732 = CIRCLE('',#4733,0.5);
#4733 = AXIS2_PLACEMENT_3D('',#4734,#4735,#4736);
#4734 = CARTESIAN_POINT('',(127.732937,-72.603786,1.6));
#4735 = DIRECTION('',(-0.,0.,-1.));
#4736 = DIRECTION('',(2.84217094304E-14,-1.,-0.));
#4737 = FACE_BOUND('',#4738,.T.);
#4738 = EDGE_LOOP('',(#4739));
#4739 = ORIENTED_EDGE('',*,*,#4740,.T.);
#4740 = EDGE_CURVE('',#4741,#4741,#4743,.T.);
#4741 = VERTEX_POINT('',#4742);
#4742 = CARTESIAN_POINT('',(132.922937,-74.053786,1.6));
#4743 = CIRCLE('',#4744,1.1);
#4744 = AXIS2_PLACEMENT_3D('',#4745,#4746,#4747);
#4745 = CARTESIAN_POINT('',(132.922937,-72.953786,1.6));
#4746 = DIRECTION('',(-0.,0.,-1.));
#4747 = DIRECTION('',(-0.,-1.,0.));
#4748 = FACE_BOUND('',#4749,.T.);
#4749 = EDGE_LOOP('',(#4750));
#4750 = ORIENTED_EDGE('',*,*,#4751,.T.);
#4751 = EDGE_CURVE('',#4752,#4752,#4754,.T.);
#4752 = VERTEX_POINT('',#4753);
#4753 = CARTESIAN_POINT('',(127.184937,-65.113786,1.6));
#4754 = CIRCLE('',#4755,0.2);
#4755 = AXIS2_PLACEMENT_3D('',#4756,#4757,#4758);
#4756 = CARTESIAN_POINT('',(127.184937,-64.913786,1.6));
#4757 = DIRECTION('',(-0.,0.,-1.));
#4758 = DIRECTION('',(7.105427357601E-14,-1.,-0.));
#4759 = FACE_BOUND('',#4760,.T.);
#4760 = EDGE_LOOP('',(#4761));
#4761 = ORIENTED_EDGE('',*,*,#4762,.T.);
#4762 = EDGE_CURVE('',#4763,#4763,#4765,.T.);
#4763 = VERTEX_POINT('',#4764);
#4764 = CARTESIAN_POINT('',(131.542937,-65.413786,1.6));
#4765 = CIRCLE('',#4766,0.5);
#4766 = AXIS2_PLACEMENT_3D('',#4767,#4768,#4769);
#4767 = CARTESIAN_POINT('',(131.542937,-64.913786,1.6));
#4768 = DIRECTION('',(-0.,0.,-1.));
#4769 = DIRECTION('',(-0.,-1.,0.));
#4770 = FACE_BOUND('',#4771,.T.);
#4771 = EDGE_LOOP('',(#4772));
#4772 = ORIENTED_EDGE('',*,*,#4773,.T.);
#4773 = EDGE_CURVE('',#4774,#4774,#4776,.T.);
#4774 = VERTEX_POINT('',#4775);
#4775 = CARTESIAN_POINT('',(18.222937,-60.825786,1.6));
#4776 = CIRCLE('',#4777,0.15);
#4777 = AXIS2_PLACEMENT_3D('',#4778,#4779,#4780);
#4778 = CARTESIAN_POINT('',(18.222937,-60.675786,1.6));
#4779 = DIRECTION('',(-0.,0.,-1.));
#4780 = DIRECTION('',(-0.,-1.,0.));
#4781 = FACE_BOUND('',#4782,.T.);
#4782 = EDGE_LOOP('',(#4783));
#4783 = ORIENTED_EDGE('',*,*,#4784,.T.);
#4784 = EDGE_CURVE('',#4785,#4785,#4787,.T.);
#4785 = VERTEX_POINT('',#4786);
#4786 = CARTESIAN_POINT('',(20.222937,-59.425786,1.6));
#4787 = CIRCLE('',#4788,0.95);
#4788 = AXIS2_PLACEMENT_3D('',#4789,#4790,#4791);
#4789 = CARTESIAN_POINT('',(20.222937,-58.475786,1.6));
#4790 = DIRECTION('',(-0.,0.,-1.));
#4791 = DIRECTION('',(-0.,-1.,0.));
#4792 = FACE_BOUND('',#4793,.T.);
#4793 = EDGE_LOOP('',(#4794));
#4794 = ORIENTED_EDGE('',*,*,#4795,.T.);
#4795 = EDGE_CURVE('',#4796,#4796,#4798,.T.);
#4796 = VERTEX_POINT('',#4797);
#4797 = CARTESIAN_POINT('',(25.722937,-60.975786,1.6));
#4798 = CIRCLE('',#4799,2.5);
#4799 = AXIS2_PLACEMENT_3D('',#4800,#4801,#4802);
#4800 = CARTESIAN_POINT('',(25.722937,-58.475786,1.6));
#4801 = DIRECTION('',(-0.,0.,-1.));
#4802 = DIRECTION('',(-0.,-1.,0.));
#4803 = FACE_BOUND('',#4804,.T.);
#4804 = EDGE_LOOP('',(#4805));
#4805 = ORIENTED_EDGE('',*,*,#4806,.T.);
#4806 = EDGE_CURVE('',#4807,#4807,#4809,.T.);
#4807 = VERTEX_POINT('',#4808);
#4808 = CARTESIAN_POINT('',(31.222937,-59.425786,1.6));
#4809 = CIRCLE('',#4810,0.95);
#4810 = AXIS2_PLACEMENT_3D('',#4811,#4812,#4813);
#4811 = CARTESIAN_POINT('',(31.222937,-58.475786,1.6));
#4812 = DIRECTION('',(-0.,0.,-1.));
#4813 = DIRECTION('',(3.739698609264E-15,-1.,-0.));
#4814 = FACE_BOUND('',#4815,.T.);
#4815 = EDGE_LOOP('',(#4816));
#4816 = ORIENTED_EDGE('',*,*,#4817,.T.);
#4817 = EDGE_CURVE('',#4818,#4818,#4820,.T.);
#4818 = VERTEX_POINT('',#4819);
#4819 = CARTESIAN_POINT('',(20.722937,-56.225786,1.6));
#4820 = CIRCLE('',#4821,1.5);
#4821 = AXIS2_PLACEMENT_3D('',#4822,#4823,#4824);
#4822 = CARTESIAN_POINT('',(20.722937,-54.725786,1.6));
#4823 = DIRECTION('',(-0.,0.,-1.));
#4824 = DIRECTION('',(-0.,-1.,0.));
#4825 = FACE_BOUND('',#4826,.T.);
#4826 = EDGE_LOOP('',(#4827));
#4827 = ORIENTED_EDGE('',*,*,#4828,.T.);
#4828 = EDGE_CURVE('',#4829,#4829,#4831,.T.);
#4829 = VERTEX_POINT('',#4830);
#4830 = CARTESIAN_POINT('',(30.722937,-56.225786,1.6));
#4831 = CIRCLE('',#4832,1.5);
#4832 = AXIS2_PLACEMENT_3D('',#4833,#4834,#4835);
#4833 = CARTESIAN_POINT('',(30.722937,-54.725786,1.6));
#4834 = DIRECTION('',(-0.,0.,-1.));
#4835 = DIRECTION('',(-0.,-1.,0.));
#4836 = FACE_BOUND('',#4837,.T.);
#4837 = EDGE_LOOP('',(#4838));
#4838 = ORIENTED_EDGE('',*,*,#4839,.T.);
#4839 = EDGE_CURVE('',#4840,#4840,#4842,.T.);
#4840 = VERTEX_POINT('',#4841);
#4841 = CARTESIAN_POINT('',(25.722937,-54.025786,1.6));
#4842 = CIRCLE('',#4843,1.5);
#4843 = AXIS2_PLACEMENT_3D('',#4844,#4845,#4846);
#4844 = CARTESIAN_POINT('',(25.722937,-52.525786,1.6));
#4845 = DIRECTION('',(-0.,0.,-1.));
#4846 = DIRECTION('',(-0.,-1.,0.));
#4847 = FACE_BOUND('',#4848,.T.);
#4848 = EDGE_LOOP('',(#4849));
#4849 = ORIENTED_EDGE('',*,*,#4850,.T.);
#4850 = EDGE_CURVE('',#4851,#4851,#4853,.T.);
#4851 = VERTEX_POINT('',#4852);
#4852 = CARTESIAN_POINT('',(35.922937,-61.345786,1.6));
#4853 = CIRCLE('',#4854,1.1);
#4854 = AXIS2_PLACEMENT_3D('',#4855,#4856,#4857);
#4855 = CARTESIAN_POINT('',(35.922937,-60.245786,1.6));
#4856 = DIRECTION('',(-0.,0.,-1.));
#4857 = DIRECTION('',(-6.459479416001E-15,-1.,0.));
#4858 = FACE_BOUND('',#4859,.T.);
#4859 = EDGE_LOOP('',(#4860));
#4860 = ORIENTED_EDGE('',*,*,#4861,.T.);
#4861 = EDGE_CURVE('',#4862,#4862,#4864,.T.);
#4862 = VERTEX_POINT('',#4863);
#4863 = CARTESIAN_POINT('',(37.272937,-56.005786,1.6));
#4864 = CIRCLE('',#4865,0.15);
#4865 = AXIS2_PLACEMENT_3D('',#4866,#4867,#4868);
#4866 = CARTESIAN_POINT('',(37.272937,-55.855786,1.6));
#4867 = DIRECTION('',(-0.,0.,-1.));
#4868 = DIRECTION('',(-0.,-1.,0.));
#4869 = FACE_BOUND('',#4870,.T.);
#4870 = EDGE_LOOP('',(#4871));
#4871 = ORIENTED_EDGE('',*,*,#4872,.T.);
#4872 = EDGE_CURVE('',#4873,#4873,#4875,.T.);
#4873 = VERTEX_POINT('',#4874);
#4874 = CARTESIAN_POINT('',(39.772937,-56.805786,1.6));
#4875 = CIRCLE('',#4876,0.8);
#4876 = AXIS2_PLACEMENT_3D('',#4877,#4878,#4879);
#4877 = CARTESIAN_POINT('',(39.772937,-56.005786,1.6));
#4878 = DIRECTION('',(-0.,0.,-1.));
#4879 = DIRECTION('',(-0.,-1.,0.));
#4880 = FACE_BOUND('',#4881,.T.);
#4881 = EDGE_LOOP('',(#4882));
#4882 = ORIENTED_EDGE('',*,*,#4883,.T.);
#4883 = EDGE_CURVE('',#4884,#4884,#4886,.T.);
#4884 = VERTEX_POINT('',#4885);
#4885 = CARTESIAN_POINT('',(37.272937,-53.205786,1.6));
#4886 = CIRCLE('',#4887,0.15);
#4887 = AXIS2_PLACEMENT_3D('',#4888,#4889,#4890);
#4888 = CARTESIAN_POINT('',(37.272937,-53.055786,1.6));
#4889 = DIRECTION('',(-0.,0.,-1.));
#4890 = DIRECTION('',(-0.,-1.,0.));
#4891 = FACE_BOUND('',#4892,.T.);
#4892 = EDGE_LOOP('',(#4893));
#4893 = ORIENTED_EDGE('',*,*,#4894,.T.);
#4894 = EDGE_CURVE('',#4895,#4895,#4897,.T.);
#4895 = VERTEX_POINT('',#4896);
#4896 = CARTESIAN_POINT('',(18.222937,-44.575786,1.6));
#4897 = CIRCLE('',#4898,0.15);
#4898 = AXIS2_PLACEMENT_3D('',#4899,#4900,#4901);
#4899 = CARTESIAN_POINT('',(18.222937,-44.425786,1.6));
#4900 = DIRECTION('',(-0.,0.,-1.));
#4901 = DIRECTION('',(-0.,-1.,0.));
#4902 = FACE_BOUND('',#4903,.T.);
#4903 = EDGE_LOOP('',(#4904));
#4904 = ORIENTED_EDGE('',*,*,#4905,.T.);
#4905 = EDGE_CURVE('',#4906,#4906,#4908,.T.);
#4906 = VERTEX_POINT('',#4907);
#4907 = CARTESIAN_POINT('',(20.722937,-45.375786,1.6));
#4908 = CIRCLE('',#4909,0.8);
#4909 = AXIS2_PLACEMENT_3D('',#4910,#4911,#4912);
#4910 = CARTESIAN_POINT('',(20.722937,-44.575786,1.6));
#4911 = DIRECTION('',(-0.,0.,-1.));
#4912 = DIRECTION('',(-0.,-1.,0.));
#4913 = FACE_BOUND('',#4914,.T.);
#4914 = EDGE_LOOP('',(#4915));
#4915 = ORIENTED_EDGE('',*,*,#4916,.T.);
#4916 = EDGE_CURVE('',#4917,#4917,#4919,.T.);
#4917 = VERTEX_POINT('',#4918);
#4918 = CARTESIAN_POINT('',(18.222937,-41.775786,1.6));
#4919 = CIRCLE('',#4920,0.15);
#4920 = AXIS2_PLACEMENT_3D('',#4921,#4922,#4923);
#4921 = CARTESIAN_POINT('',(18.222937,-41.625786,1.6));
#4922 = DIRECTION('',(-0.,0.,-1.));
#4923 = DIRECTION('',(-0.,-1.,0.));
#4924 = FACE_BOUND('',#4925,.T.);
#4925 = EDGE_LOOP('',(#4926));
#4926 = ORIENTED_EDGE('',*,*,#4927,.T.);
#4927 = EDGE_CURVE('',#4928,#4928,#4930,.T.);
#4928 = VERTEX_POINT('',#4929);
#4929 = CARTESIAN_POINT('',(30.722937,-45.375786,1.6));
#4930 = CIRCLE('',#4931,0.8);
#4931 = AXIS2_PLACEMENT_3D('',#4932,#4933,#4934);
#4932 = CARTESIAN_POINT('',(30.722937,-44.575786,1.6));
#4933 = DIRECTION('',(-0.,0.,-1.));
#4934 = DIRECTION('',(-0.,-1.,0.));
#4935 = FACE_BOUND('',#4936,.T.);
#4936 = EDGE_LOOP('',(#4937));
#4937 = ORIENTED_EDGE('',*,*,#4938,.T.);
#4938 = EDGE_CURVE('',#4939,#4939,#4941,.T.);
#4939 = VERTEX_POINT('',#4940);
#4940 = CARTESIAN_POINT('',(39.272937,-51.805786,1.6));
#4941 = CIRCLE('',#4942,0.95);
#4942 = AXIS2_PLACEMENT_3D('',#4943,#4944,#4945);
#4943 = CARTESIAN_POINT('',(39.272937,-50.855786,1.6));
#4944 = DIRECTION('',(-0.,0.,-1.));
#4945 = DIRECTION('',(-0.,-1.,0.));
#4946 = FACE_BOUND('',#4947,.T.);
#4947 = EDGE_LOOP('',(#4948));
#4948 = ORIENTED_EDGE('',*,*,#4949,.T.);
#4949 = EDGE_CURVE('',#4950,#4950,#4952,.T.);
#4950 = VERTEX_POINT('',#4951);
#4951 = CARTESIAN_POINT('',(39.772937,-48.605786,1.6));
#4952 = CIRCLE('',#4953,1.5);
#4953 = AXIS2_PLACEMENT_3D('',#4954,#4955,#4956);
#4954 = CARTESIAN_POINT('',(39.772937,-47.105786,1.6));
#4955 = DIRECTION('',(-0.,0.,-1.));
#4956 = DIRECTION('',(-0.,-1.,0.));
#4957 = FACE_BOUND('',#4958,.T.);
#4958 = EDGE_LOOP('',(#4959));
#4959 = ORIENTED_EDGE('',*,*,#4960,.T.);
#4960 = EDGE_CURVE('',#4961,#4961,#4963,.T.);
#4961 = VERTEX_POINT('',#4962);
#4962 = CARTESIAN_POINT('',(44.772937,-53.355786,1.6));
#4963 = CIRCLE('',#4964,2.5);
#4964 = AXIS2_PLACEMENT_3D('',#4965,#4966,#4967);
#4965 = CARTESIAN_POINT('',(44.772937,-50.855786,1.6));
#4966 = DIRECTION('',(-0.,0.,-1.));
#4967 = DIRECTION('',(-0.,-1.,0.));
#4968 = FACE_BOUND('',#4969,.T.);
#4969 = EDGE_LOOP('',(#4970));
#4970 = ORIENTED_EDGE('',*,*,#4971,.T.);
#4971 = EDGE_CURVE('',#4972,#4972,#4974,.T.);
#4972 = VERTEX_POINT('',#4973);
#4973 = CARTESIAN_POINT('',(35.922937,-42.295786,1.6));
#4974 = CIRCLE('',#4975,1.1);
#4975 = AXIS2_PLACEMENT_3D('',#4976,#4977,#4978);
#4976 = CARTESIAN_POINT('',(35.922937,-41.195786,1.6));
#4977 = DIRECTION('',(-0.,0.,-1.));
#4978 = DIRECTION('',(-6.459479416001E-15,-1.,0.));
#4979 = FACE_BOUND('',#4980,.T.);
#4980 = EDGE_LOOP('',(#4981));
#4981 = ORIENTED_EDGE('',*,*,#4982,.T.);
#4982 = EDGE_CURVE('',#4983,#4983,#4985,.T.);
#4983 = VERTEX_POINT('',#4984);
#4984 = CARTESIAN_POINT('',(44.772937,-46.405786,1.6));
#4985 = CIRCLE('',#4986,1.5);
#4986 = AXIS2_PLACEMENT_3D('',#4987,#4988,#4989);
#4987 = CARTESIAN_POINT('',(44.772937,-44.905786,1.6));
#4988 = DIRECTION('',(-0.,0.,-1.));
#4989 = DIRECTION('',(-0.,-1.,0.));
#4990 = FACE_BOUND('',#4991,.T.);
#4991 = EDGE_LOOP('',(#4992));
#4992 = ORIENTED_EDGE('',*,*,#4993,.T.);
#4993 = EDGE_CURVE('',#4994,#4994,#4996,.T.);
#4994 = VERTEX_POINT('',#4995);
#4995 = CARTESIAN_POINT('',(58.822937,-62.321786,1.6));
#4996 = CIRCLE('',#4997,1.5);
#4997 = AXIS2_PLACEMENT_3D('',#4998,#4999,#5000);
#4998 = CARTESIAN_POINT('',(58.822937,-60.821786,1.6));
#4999 = DIRECTION('',(-0.,0.,-1.));
#5000 = DIRECTION('',(-0.,-1.,0.));
#5001 = FACE_BOUND('',#5002,.T.);
#5002 = EDGE_LOOP('',(#5003));
#5003 = ORIENTED_EDGE('',*,*,#5004,.T.);
#5004 = EDGE_CURVE('',#5005,#5005,#5007,.T.);
#5005 = VERTEX_POINT('',#5006);
#5006 = CARTESIAN_POINT('',(63.822937,-60.121786,1.6));
#5007 = CIRCLE('',#5008,1.5);
#5008 = AXIS2_PLACEMENT_3D('',#5009,#5010,#5011);
#5009 = CARTESIAN_POINT('',(63.822937,-58.621786,1.6));
#5010 = DIRECTION('',(-0.,0.,-1.));
#5011 = DIRECTION('',(4.736951571734E-15,-1.,-0.));
#5012 = FACE_BOUND('',#5013,.T.);
#5013 = EDGE_LOOP('',(#5014));
#5014 = ORIENTED_EDGE('',*,*,#5015,.T.);
#5015 = EDGE_CURVE('',#5016,#5016,#5018,.T.);
#5016 = VERTEX_POINT('',#5017);
#5017 = CARTESIAN_POINT('',(49.772937,-56.805786,1.6));
#5018 = CIRCLE('',#5019,0.8);
#5019 = AXIS2_PLACEMENT_3D('',#5020,#5021,#5022);
#5020 = CARTESIAN_POINT('',(49.772937,-56.005786,1.6));
#5021 = DIRECTION('',(-0.,0.,-1.));
#5022 = DIRECTION('',(-0.,-1.,0.));
#5023 = FACE_BOUND('',#5024,.T.);
#5024 = EDGE_LOOP('',(#5025));
#5025 = ORIENTED_EDGE('',*,*,#5026,.T.);
#5026 = EDGE_CURVE('',#5027,#5027,#5029,.T.);
#5027 = VERTEX_POINT('',#5028);
#5028 = CARTESIAN_POINT('',(68.822937,-62.321786,1.6));
#5029 = CIRCLE('',#5030,1.5);
#5030 = AXIS2_PLACEMENT_3D('',#5031,#5032,#5033);
#5031 = CARTESIAN_POINT('',(68.822937,-60.821786,1.6));
#5032 = DIRECTION('',(-0.,0.,-1.));
#5033 = DIRECTION('',(-0.,-1.,0.));
#5034 = FACE_BOUND('',#5035,.T.);
#5035 = EDGE_LOOP('',(#5036));
#5036 = ORIENTED_EDGE('',*,*,#5037,.T.);
#5037 = EDGE_CURVE('',#5038,#5038,#5040,.T.);
#5038 = VERTEX_POINT('',#5039);
#5039 = CARTESIAN_POINT('',(75.372937,-56.958286,1.6));
#5040 = CIRCLE('',#5041,0.15);
#5041 = AXIS2_PLACEMENT_3D('',#5042,#5043,#5044);
#5042 = CARTESIAN_POINT('',(75.372937,-56.808286,1.6));
#5043 = DIRECTION('',(-0.,0.,-1.));
#5044 = DIRECTION('',(-9.473903143468E-14,-1.,0.));
#5045 = FACE_BOUND('',#5046,.T.);
#5046 = EDGE_LOOP('',(#5047));
#5047 = ORIENTED_EDGE('',*,*,#5048,.T.);
#5048 = EDGE_CURVE('',#5049,#5049,#5051,.T.);
#5049 = VERTEX_POINT('',#5050);
#5050 = CARTESIAN_POINT('',(77.872937,-57.758286,1.6));
#5051 = CIRCLE('',#5052,0.8);
#5052 = AXIS2_PLACEMENT_3D('',#5053,#5054,#5055);
#5053 = CARTESIAN_POINT('',(77.872937,-56.958286,1.6));
#5054 = DIRECTION('',(-0.,0.,-1.));
#5055 = DIRECTION('',(-1.7763568394E-14,-1.,0.));
#5056 = FACE_BOUND('',#5057,.T.);
#5057 = EDGE_LOOP('',(#5058));
#5058 = ORIENTED_EDGE('',*,*,#5059,.T.);
#5059 = EDGE_CURVE('',#5060,#5060,#5062,.T.);
#5060 = VERTEX_POINT('',#5061);
#5061 = CARTESIAN_POINT('',(75.372937,-54.158286,1.6));
#5062 = CIRCLE('',#5063,0.15);
#5063 = AXIS2_PLACEMENT_3D('',#5064,#5065,#5066);
#5064 = CARTESIAN_POINT('',(75.372937,-54.008286,1.6));
#5065 = DIRECTION('',(-0.,0.,-1.));
#5066 = DIRECTION('',(-9.473903143469E-14,-1.,0.));
#5067 = FACE_BOUND('',#5068,.T.);
#5068 = EDGE_LOOP('',(#5069));
#5069 = ORIENTED_EDGE('',*,*,#5070,.T.);
#5070 = EDGE_CURVE('',#5071,#5071,#5073,.T.);
#5071 = VERTEX_POINT('',#5072);
#5072 = CARTESIAN_POINT('',(77.372937,-52.758286,1.6));
#5073 = CIRCLE('',#5074,0.95);
#5074 = AXIS2_PLACEMENT_3D('',#5075,#5076,#5077);
#5075 = CARTESIAN_POINT('',(77.372937,-51.808286,1.6));
#5076 = DIRECTION('',(-0.,0.,-1.));
#5077 = DIRECTION('',(-1.495879443705E-14,-1.,0.));
#5078 = FACE_BOUND('',#5079,.T.);
#5079 = EDGE_LOOP('',(#5080));
#5080 = ORIENTED_EDGE('',*,*,#5081,.T.);
#5081 = EDGE_CURVE('',#5082,#5082,#5084,.T.);
#5082 = VERTEX_POINT('',#5083);
#5083 = CARTESIAN_POINT('',(50.272937,-51.805786,1.6));
#5084 = CIRCLE('',#5085,0.95);
#5085 = AXIS2_PLACEMENT_3D('',#5086,#5087,#5088);
#5086 = CARTESIAN_POINT('',(50.272937,-50.855786,1.6));
#5087 = DIRECTION('',(-0.,0.,-1.));
#5088 = DIRECTION('',(-0.,-1.,0.));
#5089 = FACE_BOUND('',#5090,.T.);
#5090 = EDGE_LOOP('',(#5091));
#5091 = ORIENTED_EDGE('',*,*,#5092,.T.);
#5092 = EDGE_CURVE('',#5093,#5093,#5095,.T.);
#5093 = VERTEX_POINT('',#5094);
#5094 = CARTESIAN_POINT('',(49.772937,-48.605786,1.6));
#5095 = CIRCLE('',#5096,1.5);
#5096 = AXIS2_PLACEMENT_3D('',#5097,#5098,#5099);
#5097 = CARTESIAN_POINT('',(49.772937,-47.105786,1.6));
#5098 = DIRECTION('',(-0.,0.,-1.));
#5099 = DIRECTION('',(-0.,-1.,0.));
#5100 = FACE_BOUND('',#5101,.T.);
#5101 = EDGE_LOOP('',(#5102));
#5102 = ORIENTED_EDGE('',*,*,#5103,.T.);
#5103 = EDGE_CURVE('',#5104,#5104,#5106,.T.);
#5104 = VERTEX_POINT('',#5105);
#5105 = CARTESIAN_POINT('',(56.322937,-50.671786,1.6));
#5106 = CIRCLE('',#5107,0.15);
#5107 = AXIS2_PLACEMENT_3D('',#5108,#5109,#5110);
#5108 = CARTESIAN_POINT('',(56.322937,-50.521786,1.6));
#5109 = DIRECTION('',(-0.,0.,-1.));
#5110 = DIRECTION('',(4.736951571734E-14,-1.,-0.));
#5111 = FACE_BOUND('',#5112,.T.);
#5112 = EDGE_LOOP('',(#5113));
#5113 = ORIENTED_EDGE('',*,*,#5114,.T.);
#5114 = EDGE_CURVE('',#5115,#5115,#5117,.T.);
#5115 = VERTEX_POINT('',#5116);
#5116 = CARTESIAN_POINT('',(58.822937,-51.471786,1.6));
#5117 = CIRCLE('',#5118,0.8);
#5118 = AXIS2_PLACEMENT_3D('',#5119,#5120,#5121);
#5119 = CARTESIAN_POINT('',(58.822937,-50.671786,1.6));
#5120 = DIRECTION('',(-0.,0.,-1.));
#5121 = DIRECTION('',(8.881784197001E-15,-1.,-0.));
#5122 = FACE_BOUND('',#5123,.T.);
#5123 = EDGE_LOOP('',(#5124));
#5124 = ORIENTED_EDGE('',*,*,#5125,.T.);
#5125 = EDGE_CURVE('',#5126,#5126,#5128,.T.);
#5126 = VERTEX_POINT('',#5127);
#5127 = CARTESIAN_POINT('',(56.322937,-47.871786,1.6));
#5128 = CIRCLE('',#5129,0.15);
#5129 = AXIS2_PLACEMENT_3D('',#5130,#5131,#5132);
#5130 = CARTESIAN_POINT('',(56.322937,-47.721786,1.6));
#5131 = DIRECTION('',(-0.,0.,-1.));
#5132 = DIRECTION('',(4.736951571734E-14,-1.,-0.));
#5133 = FACE_BOUND('',#5134,.T.);
#5134 = EDGE_LOOP('',(#5135));
#5135 = ORIENTED_EDGE('',*,*,#5136,.T.);
#5136 = EDGE_CURVE('',#5137,#5137,#5139,.T.);
#5137 = VERTEX_POINT('',#5138);
#5138 = CARTESIAN_POINT('',(58.322937,-46.471786,1.6));
#5139 = CIRCLE('',#5140,0.95);
#5140 = AXIS2_PLACEMENT_3D('',#5141,#5142,#5143);
#5141 = CARTESIAN_POINT('',(58.322937,-45.521786,1.6));
#5142 = DIRECTION('',(-0.,0.,-1.));
#5143 = DIRECTION('',(7.479397218527E-15,-1.,-0.));
#5144 = FACE_BOUND('',#5145,.T.);
#5145 = EDGE_LOOP('',(#5146));
#5146 = ORIENTED_EDGE('',*,*,#5147,.T.);
#5147 = EDGE_CURVE('',#5148,#5148,#5150,.T.);
#5148 = VERTEX_POINT('',#5149);
#5149 = CARTESIAN_POINT('',(63.822937,-48.021786,1.6));
#5150 = CIRCLE('',#5151,2.5);
#5151 = AXIS2_PLACEMENT_3D('',#5152,#5153,#5154);
#5152 = CARTESIAN_POINT('',(63.822937,-45.521786,1.6));
#5153 = DIRECTION('',(-0.,0.,-1.));
#5154 = DIRECTION('',(2.84217094304E-15,-1.,-0.));
#5155 = FACE_BOUND('',#5156,.T.);
#5156 = EDGE_LOOP('',(#5157));
#5157 = ORIENTED_EDGE('',*,*,#5158,.T.);
#5158 = EDGE_CURVE('',#5159,#5159,#5161,.T.);
#5159 = VERTEX_POINT('',#5160);
#5160 = CARTESIAN_POINT('',(58.822937,-43.271786,1.6));
#5161 = CIRCLE('',#5162,1.5);
#5162 = AXIS2_PLACEMENT_3D('',#5163,#5164,#5165);
#5163 = CARTESIAN_POINT('',(58.822937,-41.771786,1.6));
#5164 = DIRECTION('',(-0.,0.,-1.));
#5165 = DIRECTION('',(-0.,-1.,0.));
#5166 = FACE_BOUND('',#5167,.T.);
#5167 = EDGE_LOOP('',(#5168));
#5168 = ORIENTED_EDGE('',*,*,#5169,.T.);
#5169 = EDGE_CURVE('',#5170,#5170,#5172,.T.);
#5170 = VERTEX_POINT('',#5171);
#5171 = CARTESIAN_POINT('',(68.822937,-51.471786,1.6));
#5172 = CIRCLE('',#5173,0.8);
#5173 = AXIS2_PLACEMENT_3D('',#5174,#5175,#5176);
#5174 = CARTESIAN_POINT('',(68.822937,-50.671786,1.6));
#5175 = DIRECTION('',(-0.,0.,-1.));
#5176 = DIRECTION('',(-0.,-1.,0.));
#5177 = FACE_BOUND('',#5178,.T.);
#5178 = EDGE_LOOP('',(#5179));
#5179 = ORIENTED_EDGE('',*,*,#5180,.T.);
#5180 = EDGE_CURVE('',#5181,#5181,#5183,.T.);
#5181 = VERTEX_POINT('',#5182);
#5182 = CARTESIAN_POINT('',(77.872937,-49.558286,1.6));
#5183 = CIRCLE('',#5184,1.5);
#5184 = AXIS2_PLACEMENT_3D('',#5185,#5186,#5187);
#5185 = CARTESIAN_POINT('',(77.872937,-48.058286,1.6));
#5186 = DIRECTION('',(-0.,0.,-1.));
#5187 = DIRECTION('',(-0.,-1.,0.));
#5188 = FACE_BOUND('',#5189,.T.);
#5189 = EDGE_LOOP('',(#5190));
#5190 = ORIENTED_EDGE('',*,*,#5191,.T.);
#5191 = EDGE_CURVE('',#5192,#5192,#5194,.T.);
#5192 = VERTEX_POINT('',#5193);
#5193 = CARTESIAN_POINT('',(69.322937,-46.471786,1.6));
#5194 = CIRCLE('',#5195,0.95);
#5195 = AXIS2_PLACEMENT_3D('',#5196,#5197,#5198);
#5196 = CARTESIAN_POINT('',(69.322937,-45.521786,1.6));
#5197 = DIRECTION('',(-0.,0.,-1.));
#5198 = DIRECTION('',(-0.,-1.,0.));
#5199 = FACE_BOUND('',#5200,.T.);
#5200 = EDGE_LOOP('',(#5201));
#5201 = ORIENTED_EDGE('',*,*,#5202,.T.);
#5202 = EDGE_CURVE('',#5203,#5203,#5205,.T.);
#5203 = VERTEX_POINT('',#5204);
#5204 = CARTESIAN_POINT('',(68.822937,-43.271786,1.6));
#5205 = CIRCLE('',#5206,1.5);
#5206 = AXIS2_PLACEMENT_3D('',#5207,#5208,#5209);
#5207 = CARTESIAN_POINT('',(68.822937,-41.771786,1.6));
#5208 = DIRECTION('',(-0.,0.,-1.));
#5209 = DIRECTION('',(-0.,-1.,0.));
#5210 = FACE_BOUND('',#5211,.T.);
#5211 = EDGE_LOOP('',(#5212));
#5212 = ORIENTED_EDGE('',*,*,#5213,.T.);
#5213 = EDGE_CURVE('',#5214,#5214,#5216,.T.);
#5214 = VERTEX_POINT('',#5215);
#5215 = CARTESIAN_POINT('',(20.222937,-40.375786,1.6));
#5216 = CIRCLE('',#5217,0.95);
#5217 = AXIS2_PLACEMENT_3D('',#5218,#5219,#5220);
#5218 = CARTESIAN_POINT('',(20.222937,-39.425786,1.6));
#5219 = DIRECTION('',(-0.,0.,-1.));
#5220 = DIRECTION('',(-0.,-1.,0.));
#5221 = FACE_BOUND('',#5222,.T.);
#5222 = EDGE_LOOP('',(#5223));
#5223 = ORIENTED_EDGE('',*,*,#5224,.T.);
#5224 = EDGE_CURVE('',#5225,#5225,#5227,.T.);
#5225 = VERTEX_POINT('',#5226);
#5226 = CARTESIAN_POINT('',(20.722937,-37.175786,1.6));
#5227 = CIRCLE('',#5228,1.5);
#5228 = AXIS2_PLACEMENT_3D('',#5229,#5230,#5231);
#5229 = CARTESIAN_POINT('',(20.722937,-35.675786,1.6));
#5230 = DIRECTION('',(-0.,0.,-1.));
#5231 = DIRECTION('',(-0.,-1.,0.));
#5232 = FACE_BOUND('',#5233,.T.);
#5233 = EDGE_LOOP('',(#5234));
#5234 = ORIENTED_EDGE('',*,*,#5235,.T.);
#5235 = EDGE_CURVE('',#5236,#5236,#5238,.T.);
#5236 = VERTEX_POINT('',#5237);
#5237 = CARTESIAN_POINT('',(25.722937,-41.925786,1.6));
#5238 = CIRCLE('',#5239,2.5);
#5239 = AXIS2_PLACEMENT_3D('',#5240,#5241,#5242);
#5240 = CARTESIAN_POINT('',(25.722937,-39.425786,1.6));
#5241 = DIRECTION('',(-0.,0.,-1.));
#5242 = DIRECTION('',(-0.,-1.,0.));
#5243 = FACE_BOUND('',#5244,.T.);
#5244 = EDGE_LOOP('',(#5245));
#5245 = ORIENTED_EDGE('',*,*,#5246,.T.);
#5246 = EDGE_CURVE('',#5247,#5247,#5249,.T.);
#5247 = VERTEX_POINT('',#5248);
#5248 = CARTESIAN_POINT('',(31.222937,-40.375786,1.6));
#5249 = CIRCLE('',#5250,0.95);
#5250 = AXIS2_PLACEMENT_3D('',#5251,#5252,#5253);
#5251 = CARTESIAN_POINT('',(31.222937,-39.425786,1.6));
#5252 = DIRECTION('',(-0.,0.,-1.));
#5253 = DIRECTION('',(3.739698609264E-15,-1.,-0.));
#5254 = FACE_BOUND('',#5255,.T.);
#5255 = EDGE_LOOP('',(#5256));
#5256 = ORIENTED_EDGE('',*,*,#5257,.T.);
#5257 = EDGE_CURVE('',#5258,#5258,#5260,.T.);
#5258 = VERTEX_POINT('',#5259);
#5259 = CARTESIAN_POINT('',(30.722937,-37.175786,1.6));
#5260 = CIRCLE('',#5261,1.5);
#5261 = AXIS2_PLACEMENT_3D('',#5262,#5263,#5264);
#5262 = CARTESIAN_POINT('',(30.722937,-35.675786,1.6));
#5263 = DIRECTION('',(-0.,0.,-1.));
#5264 = DIRECTION('',(-0.,-1.,0.));
#5265 = FACE_BOUND('',#5266,.T.);
#5266 = EDGE_LOOP('',(#5267));
#5267 = ORIENTED_EDGE('',*,*,#5268,.T.);
#5268 = EDGE_CURVE('',#5269,#5269,#5271,.T.);
#5269 = VERTEX_POINT('',#5270);
#5270 = CARTESIAN_POINT('',(25.722937,-34.975786,1.6));
#5271 = CIRCLE('',#5272,1.5);
#5272 = AXIS2_PLACEMENT_3D('',#5273,#5274,#5275);
#5273 = CARTESIAN_POINT('',(25.722937,-33.475786,1.6));
#5274 = DIRECTION('',(-0.,0.,-1.));
#5275 = DIRECTION('',(-0.,-1.,0.));
#5276 = FACE_BOUND('',#5277,.T.);
#5277 = EDGE_LOOP('',(#5278));
#5278 = ORIENTED_EDGE('',*,*,#5279,.T.);
#5279 = EDGE_CURVE('',#5280,#5280,#5282,.T.);
#5280 = VERTEX_POINT('',#5281);
#5281 = CARTESIAN_POINT('',(37.272937,-36.955786,1.6));
#5282 = CIRCLE('',#5283,0.15);
#5283 = AXIS2_PLACEMENT_3D('',#5284,#5285,#5286);
#5284 = CARTESIAN_POINT('',(37.272937,-36.805786,1.6));
#5285 = DIRECTION('',(-0.,0.,-1.));
#5286 = DIRECTION('',(-0.,-1.,0.));
#5287 = FACE_BOUND('',#5288,.T.);
#5288 = EDGE_LOOP('',(#5289));
#5289 = ORIENTED_EDGE('',*,*,#5290,.T.);
#5290 = EDGE_CURVE('',#5291,#5291,#5293,.T.);
#5291 = VERTEX_POINT('',#5292);
#5292 = CARTESIAN_POINT('',(39.772937,-37.755786,1.6));
#5293 = CIRCLE('',#5294,0.8);
#5294 = AXIS2_PLACEMENT_3D('',#5295,#5296,#5297);
#5295 = CARTESIAN_POINT('',(39.772937,-36.955786,1.6));
#5296 = DIRECTION('',(-0.,0.,-1.));
#5297 = DIRECTION('',(-0.,-1.,0.));
#5298 = FACE_BOUND('',#5299,.T.);
#5299 = EDGE_LOOP('',(#5300));
#5300 = ORIENTED_EDGE('',*,*,#5301,.T.);
#5301 = EDGE_CURVE('',#5302,#5302,#5304,.T.);
#5302 = VERTEX_POINT('',#5303);
#5303 = CARTESIAN_POINT('',(37.272937,-34.155786,1.6));
#5304 = CIRCLE('',#5305,0.15);
#5305 = AXIS2_PLACEMENT_3D('',#5306,#5307,#5308);
#5306 = CARTESIAN_POINT('',(37.272937,-34.005786,1.6));
#5307 = DIRECTION('',(-0.,0.,-1.));
#5308 = DIRECTION('',(-0.,-1.,0.));
#5309 = FACE_BOUND('',#5310,.T.);
#5310 = EDGE_LOOP('',(#5311));
#5311 = ORIENTED_EDGE('',*,*,#5312,.T.);
#5312 = EDGE_CURVE('',#5313,#5313,#5315,.T.);
#5313 = VERTEX_POINT('',#5314);
#5314 = CARTESIAN_POINT('',(39.272937,-32.755786,1.6));
#5315 = CIRCLE('',#5316,0.95);
#5316 = AXIS2_PLACEMENT_3D('',#5317,#5318,#5319);
#5317 = CARTESIAN_POINT('',(39.272937,-31.805786,1.6));
#5318 = DIRECTION('',(-0.,0.,-1.));
#5319 = DIRECTION('',(-0.,-1.,0.));
#5320 = FACE_BOUND('',#5321,.T.);
#5321 = EDGE_LOOP('',(#5322));
#5322 = ORIENTED_EDGE('',*,*,#5323,.T.);
#5323 = EDGE_CURVE('',#5324,#5324,#5326,.T.);
#5324 = VERTEX_POINT('',#5325);
#5325 = CARTESIAN_POINT('',(44.772937,-34.305786,1.6));
#5326 = CIRCLE('',#5327,2.5);
#5327 = AXIS2_PLACEMENT_3D('',#5328,#5329,#5330);
#5328 = CARTESIAN_POINT('',(44.772937,-31.805786,1.6));
#5329 = DIRECTION('',(-0.,0.,-1.));
#5330 = DIRECTION('',(-0.,-1.,0.));
#5331 = FACE_BOUND('',#5332,.T.);
#5332 = EDGE_LOOP('',(#5333));
#5333 = ORIENTED_EDGE('',*,*,#5334,.T.);
#5334 = EDGE_CURVE('',#5335,#5335,#5337,.T.);
#5335 = VERTEX_POINT('',#5336);
#5336 = CARTESIAN_POINT('',(39.772937,-29.555786,1.6));
#5337 = CIRCLE('',#5338,1.5);
#5338 = AXIS2_PLACEMENT_3D('',#5339,#5340,#5341);
#5339 = CARTESIAN_POINT('',(39.772937,-28.055786,1.6));
#5340 = DIRECTION('',(-0.,0.,-1.));
#5341 = DIRECTION('',(-0.,-1.,0.));
#5342 = FACE_BOUND('',#5343,.T.);
#5343 = EDGE_LOOP('',(#5344));
#5344 = ORIENTED_EDGE('',*,*,#5345,.T.);
#5345 = EDGE_CURVE('',#5346,#5346,#5348,.T.);
#5346 = VERTEX_POINT('',#5347);
#5347 = CARTESIAN_POINT('',(44.772937,-27.355786,1.6));
#5348 = CIRCLE('',#5349,1.5);
#5349 = AXIS2_PLACEMENT_3D('',#5350,#5351,#5352);
#5350 = CARTESIAN_POINT('',(44.772937,-25.855786,1.6));
#5351 = DIRECTION('',(-0.,0.,-1.));
#5352 = DIRECTION('',(-0.,-1.,0.));
#5353 = FACE_BOUND('',#5354,.T.);
#5354 = EDGE_LOOP('',(#5355));
#5355 = ORIENTED_EDGE('',*,*,#5356,.T.);
#5356 = EDGE_CURVE('',#5357,#5357,#5359,.T.);
#5357 = VERTEX_POINT('',#5358);
#5358 = CARTESIAN_POINT('',(49.772937,-37.755786,1.6));
#5359 = CIRCLE('',#5360,0.8);
#5360 = AXIS2_PLACEMENT_3D('',#5361,#5362,#5363);
#5361 = CARTESIAN_POINT('',(49.772937,-36.955786,1.6));
#5362 = DIRECTION('',(-0.,0.,-1.));
#5363 = DIRECTION('',(-0.,-1.,0.));
#5364 = FACE_BOUND('',#5365,.T.);
#5365 = EDGE_LOOP('',(#5366));
#5366 = ORIENTED_EDGE('',*,*,#5367,.T.);
#5367 = EDGE_CURVE('',#5368,#5368,#5370,.T.);
#5368 = VERTEX_POINT('',#5369);
#5369 = CARTESIAN_POINT('',(63.822937,-41.071786,1.6));
#5370 = CIRCLE('',#5371,1.5);
#5371 = AXIS2_PLACEMENT_3D('',#5372,#5373,#5374);
#5372 = CARTESIAN_POINT('',(63.822937,-39.571786,1.6));
#5373 = DIRECTION('',(-0.,0.,-1.));
#5374 = DIRECTION('',(4.736951571734E-15,-1.,-0.));
#5375 = FACE_BOUND('',#5376,.T.);
#5376 = EDGE_LOOP('',(#5377));
#5377 = ORIENTED_EDGE('',*,*,#5378,.T.);
#5378 = EDGE_CURVE('',#5379,#5379,#5381,.T.);
#5379 = VERTEX_POINT('',#5380);
#5380 = CARTESIAN_POINT('',(50.272937,-32.755786,1.6));
#5381 = CIRCLE('',#5382,0.95);
#5382 = AXIS2_PLACEMENT_3D('',#5383,#5384,#5385);
#5383 = CARTESIAN_POINT('',(50.272937,-31.805786,1.6));
#5384 = DIRECTION('',(-0.,0.,-1.));
#5385 = DIRECTION('',(-0.,-1.,0.));
#5386 = FACE_BOUND('',#5387,.T.);
#5387 = EDGE_LOOP('',(#5388));
#5388 = ORIENTED_EDGE('',*,*,#5389,.T.);
#5389 = EDGE_CURVE('',#5390,#5390,#5392,.T.);
#5390 = VERTEX_POINT('',#5391);
#5391 = CARTESIAN_POINT('',(56.322937,-31.621786,1.6));
#5392 = CIRCLE('',#5393,0.15);
#5393 = AXIS2_PLACEMENT_3D('',#5394,#5395,#5396);
#5394 = CARTESIAN_POINT('',(56.322937,-31.471786,1.6));
#5395 = DIRECTION('',(-0.,0.,-1.));
#5396 = DIRECTION('',(4.736951571734E-14,-1.,-0.));
#5397 = FACE_BOUND('',#5398,.T.);
#5398 = EDGE_LOOP('',(#5399));
#5399 = ORIENTED_EDGE('',*,*,#5400,.T.);
#5400 = EDGE_CURVE('',#5401,#5401,#5403,.T.);
#5401 = VERTEX_POINT('',#5402);
#5402 = CARTESIAN_POINT('',(58.822937,-32.421786,1.6));
#5403 = CIRCLE('',#5404,0.8);
#5404 = AXIS2_PLACEMENT_3D('',#5405,#5406,#5407);
#5405 = CARTESIAN_POINT('',(58.822937,-31.621786,1.6));
#5406 = DIRECTION('',(-0.,0.,-1.));
#5407 = DIRECTION('',(8.881784197001E-15,-1.,-0.));
#5408 = FACE_BOUND('',#5409,.T.);
#5409 = EDGE_LOOP('',(#5410));
#5410 = ORIENTED_EDGE('',*,*,#5411,.T.);
#5411 = EDGE_CURVE('',#5412,#5412,#5414,.T.);
#5412 = VERTEX_POINT('',#5413);
#5413 = CARTESIAN_POINT('',(75.372937,-37.908286,1.6));
#5414 = CIRCLE('',#5415,0.15);
#5415 = AXIS2_PLACEMENT_3D('',#5416,#5417,#5418);
#5416 = CARTESIAN_POINT('',(75.372937,-37.758286,1.6));
#5417 = DIRECTION('',(-0.,0.,-1.));
#5418 = DIRECTION('',(-9.473903143469E-14,-1.,0.));
#5419 = FACE_BOUND('',#5420,.T.);
#5420 = EDGE_LOOP('',(#5421));
#5421 = ORIENTED_EDGE('',*,*,#5422,.T.);
#5422 = EDGE_CURVE('',#5423,#5423,#5425,.T.);
#5423 = VERTEX_POINT('',#5424);
#5424 = CARTESIAN_POINT('',(77.872937,-38.708286,1.6));
#5425 = CIRCLE('',#5426,0.8);
#5426 = AXIS2_PLACEMENT_3D('',#5427,#5428,#5429);
#5427 = CARTESIAN_POINT('',(77.872937,-37.908286,1.6));
#5428 = DIRECTION('',(-0.,0.,-1.));
#5429 = DIRECTION('',(-1.7763568394E-14,-1.,0.));
#5430 = FACE_BOUND('',#5431,.T.);
#5431 = EDGE_LOOP('',(#5432));
#5432 = ORIENTED_EDGE('',*,*,#5433,.T.);
#5433 = EDGE_CURVE('',#5434,#5434,#5436,.T.);
#5434 = VERTEX_POINT('',#5435);
#5435 = CARTESIAN_POINT('',(68.822937,-32.421786,1.6));
#5436 = CIRCLE('',#5437,0.8);
#5437 = AXIS2_PLACEMENT_3D('',#5438,#5439,#5440);
#5438 = CARTESIAN_POINT('',(68.822937,-31.621786,1.6));
#5439 = DIRECTION('',(-0.,0.,-1.));
#5440 = DIRECTION('',(-0.,-1.,0.));
#5441 = FACE_BOUND('',#5442,.T.);
#5442 = EDGE_LOOP('',(#5443));
#5443 = ORIENTED_EDGE('',*,*,#5444,.T.);
#5444 = EDGE_CURVE('',#5445,#5445,#5447,.T.);
#5445 = VERTEX_POINT('',#5446);
#5446 = CARTESIAN_POINT('',(75.372937,-35.108286,1.6));
#5447 = CIRCLE('',#5448,0.15);
#5448 = AXIS2_PLACEMENT_3D('',#5449,#5450,#5451);
#5449 = CARTESIAN_POINT('',(75.372937,-34.958286,1.6));
#5450 = DIRECTION('',(-0.,0.,-1.));
#5451 = DIRECTION('',(-9.473903143469E-14,-1.,0.));
#5452 = FACE_BOUND('',#5453,.T.);
#5453 = EDGE_LOOP('',(#5454));
#5454 = ORIENTED_EDGE('',*,*,#5455,.T.);
#5455 = EDGE_CURVE('',#5456,#5456,#5458,.T.);
#5456 = VERTEX_POINT('',#5457);
#5457 = CARTESIAN_POINT('',(77.372937,-33.708286,1.6));
#5458 = CIRCLE('',#5459,0.95);
#5459 = AXIS2_PLACEMENT_3D('',#5460,#5461,#5462);
#5460 = CARTESIAN_POINT('',(77.372937,-32.758286,1.6));
#5461 = DIRECTION('',(-0.,0.,-1.));
#5462 = DIRECTION('',(-1.495879443705E-14,-1.,0.));
#5463 = FACE_BOUND('',#5464,.T.);
#5464 = EDGE_LOOP('',(#5465));
#5465 = ORIENTED_EDGE('',*,*,#5466,.T.);
#5466 = EDGE_CURVE('',#5467,#5467,#5469,.T.);
#5467 = VERTEX_POINT('',#5468);
#5468 = CARTESIAN_POINT('',(49.772937,-29.555786,1.6));
#5469 = CIRCLE('',#5470,1.5);
#5470 = AXIS2_PLACEMENT_3D('',#5471,#5472,#5473);
#5471 = CARTESIAN_POINT('',(49.772937,-28.055786,1.6));
#5472 = DIRECTION('',(-0.,0.,-1.));
#5473 = DIRECTION('',(-0.,-1.,0.));
#5474 = FACE_BOUND('',#5475,.T.);
#5475 = EDGE_LOOP('',(#5476));
#5476 = ORIENTED_EDGE('',*,*,#5477,.T.);
#5477 = EDGE_CURVE('',#5478,#5478,#5480,.T.);
#5478 = VERTEX_POINT('',#5479);
#5479 = CARTESIAN_POINT('',(56.322937,-28.821786,1.6));
#5480 = CIRCLE('',#5481,0.15);
#5481 = AXIS2_PLACEMENT_3D('',#5482,#5483,#5484);
#5482 = CARTESIAN_POINT('',(56.322937,-28.671786,1.6));
#5483 = DIRECTION('',(-0.,0.,-1.));
#5484 = DIRECTION('',(4.736951571734E-14,-1.,-0.));
#5485 = FACE_BOUND('',#5486,.T.);
#5486 = EDGE_LOOP('',(#5487));
#5487 = ORIENTED_EDGE('',*,*,#5488,.T.);
#5488 = EDGE_CURVE('',#5489,#5489,#5491,.T.);
#5489 = VERTEX_POINT('',#5490);
#5490 = CARTESIAN_POINT('',(58.322937,-27.421786,1.6));
#5491 = CIRCLE('',#5492,0.95);
#5492 = AXIS2_PLACEMENT_3D('',#5493,#5494,#5495);
#5493 = CARTESIAN_POINT('',(58.322937,-26.471786,1.6));
#5494 = DIRECTION('',(-0.,0.,-1.));
#5495 = DIRECTION('',(7.479397218527E-15,-1.,-0.));
#5496 = FACE_BOUND('',#5497,.T.);
#5497 = EDGE_LOOP('',(#5498));
#5498 = ORIENTED_EDGE('',*,*,#5499,.T.);
#5499 = EDGE_CURVE('',#5500,#5500,#5502,.T.);
#5500 = VERTEX_POINT('',#5501);
#5501 = CARTESIAN_POINT('',(63.822937,-28.971786,1.6));
#5502 = CIRCLE('',#5503,2.5);
#5503 = AXIS2_PLACEMENT_3D('',#5504,#5505,#5506);
#5504 = CARTESIAN_POINT('',(63.822937,-26.471786,1.6));
#5505 = DIRECTION('',(-0.,0.,-1.));
#5506 = DIRECTION('',(2.84217094304E-15,-1.,-0.));
#5507 = FACE_BOUND('',#5508,.T.);
#5508 = EDGE_LOOP('',(#5509));
#5509 = ORIENTED_EDGE('',*,*,#5510,.T.);
#5510 = EDGE_CURVE('',#5511,#5511,#5513,.T.);
#5511 = VERTEX_POINT('',#5512);
#5512 = CARTESIAN_POINT('',(58.822937,-24.221786,1.6));
#5513 = CIRCLE('',#5514,1.5);
#5514 = AXIS2_PLACEMENT_3D('',#5515,#5516,#5517);
#5515 = CARTESIAN_POINT('',(58.822937,-22.721786,1.6));
#5516 = DIRECTION('',(-0.,0.,-1.));
#5517 = DIRECTION('',(-0.,-1.,0.));
#5518 = FACE_BOUND('',#5519,.T.);
#5519 = EDGE_LOOP('',(#5520));
#5520 = ORIENTED_EDGE('',*,*,#5521,.T.);
#5521 = EDGE_CURVE('',#5522,#5522,#5524,.T.);
#5522 = VERTEX_POINT('',#5523);
#5523 = CARTESIAN_POINT('',(63.822937,-22.021786,1.6));
#5524 = CIRCLE('',#5525,1.5);
#5525 = AXIS2_PLACEMENT_3D('',#5526,#5527,#5528);
#5526 = CARTESIAN_POINT('',(63.822937,-20.521786,1.6));
#5527 = DIRECTION('',(-0.,0.,-1.));
#5528 = DIRECTION('',(4.736951571734E-15,-1.,-0.));
#5529 = FACE_BOUND('',#5530,.T.);
#5530 = EDGE_LOOP('',(#5531));
#5531 = ORIENTED_EDGE('',*,*,#5532,.T.);
#5532 = EDGE_CURVE('',#5533,#5533,#5535,.T.);
#5533 = VERTEX_POINT('',#5534);
#5534 = CARTESIAN_POINT('',(69.322937,-27.421786,1.6));
#5535 = CIRCLE('',#5536,0.95);
#5536 = AXIS2_PLACEMENT_3D('',#5537,#5538,#5539);
#5537 = CARTESIAN_POINT('',(69.322937,-26.471786,1.6));
#5538 = DIRECTION('',(-0.,0.,-1.));
#5539 = DIRECTION('',(-0.,-1.,0.));
#5540 = FACE_BOUND('',#5541,.T.);
#5541 = EDGE_LOOP('',(#5542));
#5542 = ORIENTED_EDGE('',*,*,#5543,.T.);
#5543 = EDGE_CURVE('',#5544,#5544,#5546,.T.);
#5544 = VERTEX_POINT('',#5545);
#5545 = CARTESIAN_POINT('',(77.872937,-30.508286,1.6));
#5546 = CIRCLE('',#5547,1.5);
#5547 = AXIS2_PLACEMENT_3D('',#5548,#5549,#5550);
#5548 = CARTESIAN_POINT('',(77.872937,-29.008286,1.6));
#5549 = DIRECTION('',(-0.,0.,-1.));
#5550 = DIRECTION('',(-0.,-1.,0.));
#5551 = FACE_BOUND('',#5552,.T.);
#5552 = EDGE_LOOP('',(#5553));
#5553 = ORIENTED_EDGE('',*,*,#5554,.T.);
#5554 = EDGE_CURVE('',#5555,#5555,#5557,.T.);
#5555 = VERTEX_POINT('',#5556);
#5556 = CARTESIAN_POINT('',(68.822937,-24.221786,1.6));
#5557 = CIRCLE('',#5558,1.5);
#5558 = AXIS2_PLACEMENT_3D('',#5559,#5560,#5561);
#5559 = CARTESIAN_POINT('',(68.822937,-22.721786,1.6));
#5560 = DIRECTION('',(-0.,0.,-1.));
#5561 = DIRECTION('',(-0.,-1.,0.));
#5562 = FACE_BOUND('',#5563,.T.);
#5563 = EDGE_LOOP('',(#5564));
#5564 = ORIENTED_EDGE('',*,*,#5565,.T.);
#5565 = EDGE_CURVE('',#5566,#5566,#5568,.T.);
#5566 = VERTEX_POINT('',#5567);
#5567 = CARTESIAN_POINT('',(92.397937,-63.481036,1.6));
#5568 = CIRCLE('',#5569,1.1);
#5569 = AXIS2_PLACEMENT_3D('',#5570,#5571,#5572);
#5570 = CARTESIAN_POINT('',(92.397937,-62.381036,1.6));
#5571 = DIRECTION('',(-0.,0.,-1.));
#5572 = DIRECTION('',(-0.,-1.,0.));
#5573 = FACE_BOUND('',#5574,.T.);
#5574 = EDGE_LOOP('',(#5575));
#5575 = ORIENTED_EDGE('',*,*,#5576,.T.);
#5576 = EDGE_CURVE('',#5577,#5577,#5579,.T.);
#5577 = VERTEX_POINT('',#5578);
#5578 = CARTESIAN_POINT('',(82.872937,-54.308286,1.6));
#5579 = CIRCLE('',#5580,2.5);
#5580 = AXIS2_PLACEMENT_3D('',#5581,#5582,#5583);
#5581 = CARTESIAN_POINT('',(82.872937,-51.808286,1.6));
#5582 = DIRECTION('',(-0.,0.,-1.));
#5583 = DIRECTION('',(-0.,-1.,0.));
#5584 = FACE_BOUND('',#5585,.T.);
#5585 = EDGE_LOOP('',(#5586));
#5586 = ORIENTED_EDGE('',*,*,#5587,.T.);
#5587 = EDGE_CURVE('',#5588,#5588,#5590,.T.);
#5588 = VERTEX_POINT('',#5589);
#5589 = CARTESIAN_POINT('',(87.872937,-57.758286,1.6));
#5590 = CIRCLE('',#5591,0.8);
#5591 = AXIS2_PLACEMENT_3D('',#5592,#5593,#5594);
#5592 = CARTESIAN_POINT('',(87.872937,-56.958286,1.6));
#5593 = DIRECTION('',(-0.,0.,-1.));
#5594 = DIRECTION('',(-1.7763568394E-14,-1.,0.));
#5595 = FACE_BOUND('',#5596,.T.);
#5596 = EDGE_LOOP('',(#5597));
#5597 = ORIENTED_EDGE('',*,*,#5598,.T.);
#5598 = EDGE_CURVE('',#5599,#5599,#5601,.T.);
#5599 = VERTEX_POINT('',#5600);
#5600 = CARTESIAN_POINT('',(88.372937,-52.758286,1.6));
#5601 = CIRCLE('',#5602,0.95);
#5602 = AXIS2_PLACEMENT_3D('',#5603,#5604,#5605);
#5603 = CARTESIAN_POINT('',(88.372937,-51.808286,1.6));
#5604 = DIRECTION('',(-0.,0.,-1.));
#5605 = DIRECTION('',(-1.495879443705E-14,-1.,0.));
#5606 = FACE_BOUND('',#5607,.T.);
#5607 = EDGE_LOOP('',(#5608));
#5608 = ORIENTED_EDGE('',*,*,#5609,.T.);
#5609 = EDGE_CURVE('',#5610,#5610,#5612,.T.);
#5610 = VERTEX_POINT('',#5611);
#5611 = CARTESIAN_POINT('',(94.422937,-59.053786,1.6));
#5612 = CIRCLE('',#5613,0.15);
#5613 = AXIS2_PLACEMENT_3D('',#5614,#5615,#5616);
#5614 = CARTESIAN_POINT('',(94.422937,-58.903786,1.6));
#5615 = DIRECTION('',(-0.,0.,-1.));
#5616 = DIRECTION('',(9.473903143467E-14,-1.,-0.));
#5617 = FACE_BOUND('',#5618,.T.);
#5618 = EDGE_LOOP('',(#5619));
#5619 = ORIENTED_EDGE('',*,*,#5620,.T.);
#5620 = EDGE_CURVE('',#5621,#5621,#5623,.T.);
#5621 = VERTEX_POINT('',#5622);
#5622 = CARTESIAN_POINT('',(96.922937,-59.853786,1.6));
#5623 = CIRCLE('',#5624,0.8);
#5624 = AXIS2_PLACEMENT_3D('',#5625,#5626,#5627);
#5625 = CARTESIAN_POINT('',(96.922937,-59.053786,1.6));
#5626 = DIRECTION('',(-0.,0.,-1.));
#5627 = DIRECTION('',(1.7763568394E-14,-1.,-0.));
#5628 = FACE_BOUND('',#5629,.T.);
#5629 = EDGE_LOOP('',(#5630));
#5630 = ORIENTED_EDGE('',*,*,#5631,.T.);
#5631 = EDGE_CURVE('',#5632,#5632,#5634,.T.);
#5632 = VERTEX_POINT('',#5633);
#5633 = CARTESIAN_POINT('',(106.922937,-59.853786,1.6));
#5634 = CIRCLE('',#5635,0.8);
#5635 = AXIS2_PLACEMENT_3D('',#5636,#5637,#5638);
#5636 = CARTESIAN_POINT('',(106.922937,-59.053786,1.6));
#5637 = DIRECTION('',(-0.,0.,-1.));
#5638 = DIRECTION('',(1.7763568394E-14,-1.,-0.));
#5639 = FACE_BOUND('',#5640,.T.);
#5640 = EDGE_LOOP('',(#5641));
#5641 = ORIENTED_EDGE('',*,*,#5642,.T.);
#5642 = EDGE_CURVE('',#5643,#5643,#5645,.T.);
#5643 = VERTEX_POINT('',#5644);
#5644 = CARTESIAN_POINT('',(94.422937,-56.253786,1.6));
#5645 = CIRCLE('',#5646,0.15);
#5646 = AXIS2_PLACEMENT_3D('',#5647,#5648,#5649);
#5647 = CARTESIAN_POINT('',(94.422937,-56.103786,1.6));
#5648 = DIRECTION('',(-0.,0.,-1.));
#5649 = DIRECTION('',(9.473903143467E-14,-1.,-0.));
#5650 = FACE_BOUND('',#5651,.T.);
#5651 = EDGE_LOOP('',(#5652));
#5652 = ORIENTED_EDGE('',*,*,#5653,.T.);
#5653 = EDGE_CURVE('',#5654,#5654,#5656,.T.);
#5654 = VERTEX_POINT('',#5655);
#5655 = CARTESIAN_POINT('',(96.422937,-54.853786,1.6));
#5656 = CIRCLE('',#5657,0.95);
#5657 = AXIS2_PLACEMENT_3D('',#5658,#5659,#5660);
#5658 = CARTESIAN_POINT('',(96.422937,-53.903786,1.6));
#5659 = DIRECTION('',(-0.,0.,-1.));
#5660 = DIRECTION('',(1.495879443705E-14,-1.,-0.));
#5661 = FACE_BOUND('',#5662,.T.);
#5662 = EDGE_LOOP('',(#5663));
#5663 = ORIENTED_EDGE('',*,*,#5664,.T.);
#5664 = EDGE_CURVE('',#5665,#5665,#5667,.T.);
#5665 = VERTEX_POINT('',#5666);
#5666 = CARTESIAN_POINT('',(101.922937,-56.403786,1.6));
#5667 = CIRCLE('',#5668,2.5);
#5668 = AXIS2_PLACEMENT_3D('',#5669,#5670,#5671);
#5669 = CARTESIAN_POINT('',(101.922937,-53.903786,1.6));
#5670 = DIRECTION('',(-0.,0.,-1.));
#5671 = DIRECTION('',(-0.,-1.,0.));
#5672 = FACE_BOUND('',#5673,.T.);
#5673 = EDGE_LOOP('',(#5674));
#5674 = ORIENTED_EDGE('',*,*,#5675,.T.);
#5675 = EDGE_CURVE('',#5676,#5676,#5678,.T.);
#5676 = VERTEX_POINT('',#5677);
#5677 = CARTESIAN_POINT('',(107.422937,-54.853786,1.6));
#5678 = CIRCLE('',#5679,0.95);
#5679 = AXIS2_PLACEMENT_3D('',#5680,#5681,#5682);
#5680 = CARTESIAN_POINT('',(107.422937,-53.903786,1.6));
#5681 = DIRECTION('',(-0.,0.,-1.));
#5682 = DIRECTION('',(1.495879443705E-14,-1.,-0.));
#5683 = FACE_BOUND('',#5684,.T.);
#5684 = EDGE_LOOP('',(#5685));
#5685 = ORIENTED_EDGE('',*,*,#5686,.T.);
#5686 = EDGE_CURVE('',#5687,#5687,#5689,.T.);
#5687 = VERTEX_POINT('',#5688);
#5688 = CARTESIAN_POINT('',(87.872937,-49.558286,1.6));
#5689 = CIRCLE('',#5690,1.5);
#5690 = AXIS2_PLACEMENT_3D('',#5691,#5692,#5693);
#5691 = CARTESIAN_POINT('',(87.872937,-48.058286,1.6));
#5692 = DIRECTION('',(-0.,0.,-1.));
#5693 = DIRECTION('',(-0.,-1.,0.));
#5694 = FACE_BOUND('',#5695,.T.);
#5695 = EDGE_LOOP('',(#5696));
#5696 = ORIENTED_EDGE('',*,*,#5697,.T.);
#5697 = EDGE_CURVE('',#5698,#5698,#5700,.T.);
#5698 = VERTEX_POINT('',#5699);
#5699 = CARTESIAN_POINT('',(82.872937,-47.358286,1.6));
#5700 = CIRCLE('',#5701,1.5);
#5701 = AXIS2_PLACEMENT_3D('',#5702,#5703,#5704);
#5702 = CARTESIAN_POINT('',(82.872937,-45.858286,1.6));
#5703 = DIRECTION('',(-0.,0.,-1.));
#5704 = DIRECTION('',(-0.,-1.,0.));
#5705 = FACE_BOUND('',#5706,.T.);
#5706 = EDGE_LOOP('',(#5707));
#5707 = ORIENTED_EDGE('',*,*,#5708,.T.);
#5708 = EDGE_CURVE('',#5709,#5709,#5711,.T.);
#5709 = VERTEX_POINT('',#5710);
#5710 = CARTESIAN_POINT('',(92.397937,-44.431036,1.6));
#5711 = CIRCLE('',#5712,1.1);
#5712 = AXIS2_PLACEMENT_3D('',#5713,#5714,#5715);
#5713 = CARTESIAN_POINT('',(92.397937,-43.331036,1.6));
#5714 = DIRECTION('',(-0.,0.,-1.));
#5715 = DIRECTION('',(-0.,-1.,0.));
#5716 = FACE_BOUND('',#5717,.T.);
#5717 = EDGE_LOOP('',(#5718));
#5718 = ORIENTED_EDGE('',*,*,#5719,.T.);
#5719 = EDGE_CURVE('',#5720,#5720,#5722,.T.);
#5720 = VERTEX_POINT('',#5721);
#5721 = CARTESIAN_POINT('',(96.922937,-51.653786,1.6));
#5722 = CIRCLE('',#5723,1.5);
#5723 = AXIS2_PLACEMENT_3D('',#5724,#5725,#5726);
#5724 = CARTESIAN_POINT('',(96.922937,-50.153786,1.6));
#5725 = DIRECTION('',(-0.,0.,-1.));
#5726 = DIRECTION('',(-0.,-1.,0.));
#5727 = FACE_BOUND('',#5728,.T.);
#5728 = EDGE_LOOP('',(#5729));
#5729 = ORIENTED_EDGE('',*,*,#5730,.T.);
#5730 = EDGE_CURVE('',#5731,#5731,#5733,.T.);
#5731 = VERTEX_POINT('',#5732);
#5732 = CARTESIAN_POINT('',(101.922937,-49.453786,1.6));
#5733 = CIRCLE('',#5734,1.5);
#5734 = AXIS2_PLACEMENT_3D('',#5735,#5736,#5737);
#5735 = CARTESIAN_POINT('',(101.922937,-47.953786,1.6));
#5736 = DIRECTION('',(-0.,0.,-1.));
#5737 = DIRECTION('',(-0.,-1.,0.));
#5738 = FACE_BOUND('',#5739,.T.);
#5739 = EDGE_LOOP('',(#5740));
#5740 = ORIENTED_EDGE('',*,*,#5741,.T.);
#5741 = EDGE_CURVE('',#5742,#5742,#5744,.T.);
#5742 = VERTEX_POINT('',#5743);
#5743 = CARTESIAN_POINT('',(106.922937,-51.653786,1.6));
#5744 = CIRCLE('',#5745,1.5);
#5745 = AXIS2_PLACEMENT_3D('',#5746,#5747,#5748);
#5746 = CARTESIAN_POINT('',(106.922937,-50.153786,1.6));
#5747 = DIRECTION('',(-0.,0.,-1.));
#5748 = DIRECTION('',(-0.,-1.,0.));
#5749 = FACE_BOUND('',#5750,.T.);
#5750 = EDGE_LOOP('',(#5751));
#5751 = ORIENTED_EDGE('',*,*,#5752,.T.);
#5752 = EDGE_CURVE('',#5753,#5753,#5755,.T.);
#5753 = VERTEX_POINT('',#5754);
#5754 = CARTESIAN_POINT('',(116.302937,-62.873786,1.6));
#5755 = CIRCLE('',#5756,0.5);
#5756 = AXIS2_PLACEMENT_3D('',#5757,#5758,#5759);
#5757 = CARTESIAN_POINT('',(116.302937,-62.373786,1.6));
#5758 = DIRECTION('',(-0.,0.,-1.));
#5759 = DIRECTION('',(-0.,-1.,0.));
#5760 = FACE_BOUND('',#5761,.T.);
#5761 = EDGE_LOOP('',(#5762));
#5762 = ORIENTED_EDGE('',*,*,#5763,.T.);
#5763 = EDGE_CURVE('',#5764,#5764,#5766,.T.);
#5764 = VERTEX_POINT('',#5765);
#5765 = CARTESIAN_POINT('',(116.302937,-60.333786,1.6));
#5766 = CIRCLE('',#5767,0.5);
#5767 = AXIS2_PLACEMENT_3D('',#5768,#5769,#5770);
#5768 = CARTESIAN_POINT('',(116.302937,-59.833786,1.6));
#5769 = DIRECTION('',(-0.,0.,-1.));
#5770 = DIRECTION('',(-0.,-1.,0.));
#5771 = FACE_BOUND('',#5772,.T.);
#5772 = EDGE_LOOP('',(#5773));
#5773 = ORIENTED_EDGE('',*,*,#5774,.T.);
#5774 = EDGE_CURVE('',#5775,#5775,#5777,.T.);
#5775 = VERTEX_POINT('',#5776);
#5776 = CARTESIAN_POINT('',(116.302937,-57.793786,1.6));
#5777 = CIRCLE('',#5778,0.5);
#5778 = AXIS2_PLACEMENT_3D('',#5779,#5780,#5781);
#5779 = CARTESIAN_POINT('',(116.302937,-57.293786,1.6));
#5780 = DIRECTION('',(-0.,0.,-1.));
#5781 = DIRECTION('',(-0.,-1.,0.));
#5782 = FACE_BOUND('',#5783,.T.);
#5783 = EDGE_LOOP('',(#5784));
#5784 = ORIENTED_EDGE('',*,*,#5785,.T.);
#5785 = EDGE_CURVE('',#5786,#5786,#5788,.T.);
#5786 = VERTEX_POINT('',#5787);
#5787 = CARTESIAN_POINT('',(120.660937,-62.573786,1.6));
#5788 = CIRCLE('',#5789,0.2);
#5789 = AXIS2_PLACEMENT_3D('',#5790,#5791,#5792);
#5790 = CARTESIAN_POINT('',(120.660937,-62.373786,1.6));
#5791 = DIRECTION('',(-0.,0.,-1.));
#5792 = DIRECTION('',(-0.,-1.,0.));
#5793 = FACE_BOUND('',#5794,.T.);
#5794 = EDGE_LOOP('',(#5795));
#5795 = ORIENTED_EDGE('',*,*,#5796,.T.);
#5796 = EDGE_CURVE('',#5797,#5797,#5799,.T.);
#5797 = VERTEX_POINT('',#5798);
#5798 = CARTESIAN_POINT('',(120.660937,-60.033786,1.6));
#5799 = CIRCLE('',#5800,0.2);
#5800 = AXIS2_PLACEMENT_3D('',#5801,#5802,#5803);
#5801 = CARTESIAN_POINT('',(120.660937,-59.833786,1.6));
#5802 = DIRECTION('',(-0.,0.,-1.));
#5803 = DIRECTION('',(-0.,-1.,0.));
#5804 = FACE_BOUND('',#5805,.T.);
#5805 = EDGE_LOOP('',(#5806));
#5806 = ORIENTED_EDGE('',*,*,#5807,.T.);
#5807 = EDGE_CURVE('',#5808,#5808,#5810,.T.);
#5808 = VERTEX_POINT('',#5809);
#5809 = CARTESIAN_POINT('',(120.660937,-57.493786,1.6));
#5810 = CIRCLE('',#5811,0.2);
#5811 = AXIS2_PLACEMENT_3D('',#5812,#5813,#5814);
#5812 = CARTESIAN_POINT('',(120.660937,-57.293786,1.6));
#5813 = DIRECTION('',(-0.,0.,-1.));
#5814 = DIRECTION('',(-0.,-1.,0.));
#5815 = FACE_BOUND('',#5816,.T.);
#5816 = EDGE_LOOP('',(#5817));
#5817 = ORIENTED_EDGE('',*,*,#5818,.T.);
#5818 = EDGE_CURVE('',#5819,#5819,#5821,.T.);
#5819 = VERTEX_POINT('',#5820);
#5820 = CARTESIAN_POINT('',(116.302937,-55.253786,1.6));
#5821 = CIRCLE('',#5822,0.5);
#5822 = AXIS2_PLACEMENT_3D('',#5823,#5824,#5825);
#5823 = CARTESIAN_POINT('',(116.302937,-54.753786,1.6));
#5824 = DIRECTION('',(-0.,0.,-1.));
#5825 = DIRECTION('',(-0.,-1.,0.));
#5826 = FACE_BOUND('',#5827,.T.);
#5827 = EDGE_LOOP('',(#5828));
#5828 = ORIENTED_EDGE('',*,*,#5829,.T.);
#5829 = EDGE_CURVE('',#5830,#5830,#5832,.T.);
#5830 = VERTEX_POINT('',#5831);
#5831 = CARTESIAN_POINT('',(116.302937,-52.713786,1.6));
#5832 = CIRCLE('',#5833,0.5);
#5833 = AXIS2_PLACEMENT_3D('',#5834,#5835,#5836);
#5834 = CARTESIAN_POINT('',(116.302937,-52.213786,1.6));
#5835 = DIRECTION('',(-0.,0.,-1.));
#5836 = DIRECTION('',(-0.,-1.,0.));
#5837 = FACE_BOUND('',#5838,.T.);
#5838 = EDGE_LOOP('',(#5839));
#5839 = ORIENTED_EDGE('',*,*,#5840,.T.);
#5840 = EDGE_CURVE('',#5841,#5841,#5843,.T.);
#5841 = VERTEX_POINT('',#5842);
#5842 = CARTESIAN_POINT('',(120.660937,-54.953786,1.6));
#5843 = CIRCLE('',#5844,0.2);
#5844 = AXIS2_PLACEMENT_3D('',#5845,#5846,#5847);
#5845 = CARTESIAN_POINT('',(120.660937,-54.753786,1.6));
#5846 = DIRECTION('',(-0.,0.,-1.));
#5847 = DIRECTION('',(-0.,-1.,0.));
#5848 = FACE_BOUND('',#5849,.T.);
#5849 = EDGE_LOOP('',(#5850));
#5850 = ORIENTED_EDGE('',*,*,#5851,.T.);
#5851 = EDGE_CURVE('',#5852,#5852,#5854,.T.);
#5852 = VERTEX_POINT('',#5853);
#5853 = CARTESIAN_POINT('',(120.660937,-52.413786,1.6));
#5854 = CIRCLE('',#5855,0.2);
#5855 = AXIS2_PLACEMENT_3D('',#5856,#5857,#5858);
#5856 = CARTESIAN_POINT('',(120.660937,-52.213786,1.6));
#5857 = DIRECTION('',(-0.,0.,-1.));
#5858 = DIRECTION('',(-0.,-1.,0.));
#5859 = FACE_BOUND('',#5860,.T.);
#5860 = EDGE_LOOP('',(#5861));
#5861 = ORIENTED_EDGE('',*,*,#5862,.T.);
#5862 = EDGE_CURVE('',#5863,#5863,#5865,.T.);
#5863 = VERTEX_POINT('',#5864);
#5864 = CARTESIAN_POINT('',(127.184937,-62.573786,1.6));
#5865 = CIRCLE('',#5866,0.2);
#5866 = AXIS2_PLACEMENT_3D('',#5867,#5868,#5869);
#5867 = CARTESIAN_POINT('',(127.184937,-62.373786,1.6));
#5868 = DIRECTION('',(-0.,0.,-1.));
#5869 = DIRECTION('',(7.105427357601E-14,-1.,-0.));
#5870 = FACE_BOUND('',#5871,.T.);
#5871 = EDGE_LOOP('',(#5872));
#5872 = ORIENTED_EDGE('',*,*,#5873,.T.);
#5873 = EDGE_CURVE('',#5874,#5874,#5876,.T.);
#5874 = VERTEX_POINT('',#5875);
#5875 = CARTESIAN_POINT('',(127.184937,-60.033786,1.6));
#5876 = CIRCLE('',#5877,0.2);
#5877 = AXIS2_PLACEMENT_3D('',#5878,#5879,#5880);
#5878 = CARTESIAN_POINT('',(127.184937,-59.833786,1.6));
#5879 = DIRECTION('',(-0.,0.,-1.));
#5880 = DIRECTION('',(7.105427357601E-14,-1.,-0.));
#5881 = FACE_BOUND('',#5882,.T.);
#5882 = EDGE_LOOP('',(#5883));
#5883 = ORIENTED_EDGE('',*,*,#5884,.T.);
#5884 = EDGE_CURVE('',#5885,#5885,#5887,.T.);
#5885 = VERTEX_POINT('',#5886);
#5886 = CARTESIAN_POINT('',(131.542937,-62.873786,1.6));
#5887 = CIRCLE('',#5888,0.5);
#5888 = AXIS2_PLACEMENT_3D('',#5889,#5890,#5891);
#5889 = CARTESIAN_POINT('',(131.542937,-62.373786,1.6));
#5890 = DIRECTION('',(-0.,0.,-1.));
#5891 = DIRECTION('',(-0.,-1.,0.));
#5892 = FACE_BOUND('',#5893,.T.);
#5893 = EDGE_LOOP('',(#5894));
#5894 = ORIENTED_EDGE('',*,*,#5895,.T.);
#5895 = EDGE_CURVE('',#5896,#5896,#5898,.T.);
#5896 = VERTEX_POINT('',#5897);
#5897 = CARTESIAN_POINT('',(131.542937,-60.333786,1.6));
#5898 = CIRCLE('',#5899,0.5);
#5899 = AXIS2_PLACEMENT_3D('',#5900,#5901,#5902);
#5900 = CARTESIAN_POINT('',(131.542937,-59.833786,1.6));
#5901 = DIRECTION('',(-0.,0.,-1.));
#5902 = DIRECTION('',(-0.,-1.,0.));
#5903 = FACE_BOUND('',#5904,.T.);
#5904 = EDGE_LOOP('',(#5905));
#5905 = ORIENTED_EDGE('',*,*,#5906,.T.);
#5906 = EDGE_CURVE('',#5907,#5907,#5909,.T.);
#5907 = VERTEX_POINT('',#5908);
#5908 = CARTESIAN_POINT('',(127.184937,-57.493786,1.6));
#5909 = CIRCLE('',#5910,0.2);
#5910 = AXIS2_PLACEMENT_3D('',#5911,#5912,#5913);
#5911 = CARTESIAN_POINT('',(127.184937,-57.293786,1.6));
#5912 = DIRECTION('',(-0.,0.,-1.));
#5913 = DIRECTION('',(7.105427357601E-14,-1.,-0.));
#5914 = FACE_BOUND('',#5915,.T.);
#5915 = EDGE_LOOP('',(#5916));
#5916 = ORIENTED_EDGE('',*,*,#5917,.T.);
#5917 = EDGE_CURVE('',#5918,#5918,#5920,.T.);
#5918 = VERTEX_POINT('',#5919);
#5919 = CARTESIAN_POINT('',(131.542937,-57.793786,1.6));
#5920 = CIRCLE('',#5921,0.5);
#5921 = AXIS2_PLACEMENT_3D('',#5922,#5923,#5924);
#5922 = CARTESIAN_POINT('',(131.542937,-57.293786,1.6));
#5923 = DIRECTION('',(-0.,0.,-1.));
#5924 = DIRECTION('',(-0.,-1.,0.));
#5925 = FACE_BOUND('',#5926,.T.);
#5926 = EDGE_LOOP('',(#5927));
#5927 = ORIENTED_EDGE('',*,*,#5928,.T.);
#5928 = EDGE_CURVE('',#5929,#5929,#5931,.T.);
#5929 = VERTEX_POINT('',#5930);
#5930 = CARTESIAN_POINT('',(127.184937,-54.953786,1.6));
#5931 = CIRCLE('',#5932,0.2);
#5932 = AXIS2_PLACEMENT_3D('',#5933,#5934,#5935);
#5933 = CARTESIAN_POINT('',(127.184937,-54.753786,1.6));
#5934 = DIRECTION('',(-0.,0.,-1.));
#5935 = DIRECTION('',(7.105427357601E-14,-1.,-0.));
#5936 = FACE_BOUND('',#5937,.T.);
#5937 = EDGE_LOOP('',(#5938));
#5938 = ORIENTED_EDGE('',*,*,#5939,.T.);
#5939 = EDGE_CURVE('',#5940,#5940,#5942,.T.);
#5940 = VERTEX_POINT('',#5941);
#5941 = CARTESIAN_POINT('',(131.542937,-55.253786,1.6));
#5942 = CIRCLE('',#5943,0.5);
#5943 = AXIS2_PLACEMENT_3D('',#5944,#5945,#5946);
#5944 = CARTESIAN_POINT('',(131.542937,-54.753786,1.6));
#5945 = DIRECTION('',(-0.,0.,-1.));
#5946 = DIRECTION('',(-0.,-1.,0.));
#5947 = FACE_BOUND('',#5948,.T.);
#5948 = EDGE_LOOP('',(#5949));
#5949 = ORIENTED_EDGE('',*,*,#5950,.T.);
#5950 = EDGE_CURVE('',#5951,#5951,#5953,.T.);
#5951 = VERTEX_POINT('',#5952);
#5952 = CARTESIAN_POINT('',(127.184937,-52.413786,1.6));
#5953 = CIRCLE('',#5954,0.2);
#5954 = AXIS2_PLACEMENT_3D('',#5955,#5956,#5957);
#5955 = CARTESIAN_POINT('',(127.184937,-52.213786,1.6));
#5956 = DIRECTION('',(-0.,0.,-1.));
#5957 = DIRECTION('',(7.105427357601E-14,-1.,-0.));
#5958 = FACE_BOUND('',#5959,.T.);
#5959 = EDGE_LOOP('',(#5960));
#5960 = ORIENTED_EDGE('',*,*,#5961,.T.);
#5961 = EDGE_CURVE('',#5962,#5962,#5964,.T.);
#5962 = VERTEX_POINT('',#5963);
#5963 = CARTESIAN_POINT('',(131.542937,-52.713786,1.6));
#5964 = CIRCLE('',#5965,0.5);
#5965 = AXIS2_PLACEMENT_3D('',#5966,#5967,#5968);
#5966 = CARTESIAN_POINT('',(131.542937,-52.213786,1.6));
#5967 = DIRECTION('',(-0.,0.,-1.));
#5968 = DIRECTION('',(-0.,-1.,0.));
#5969 = FACE_BOUND('',#5970,.T.);
#5970 = EDGE_LOOP('',(#5971));
#5971 = ORIENTED_EDGE('',*,*,#5972,.T.);
#5972 = EDGE_CURVE('',#5973,#5973,#5975,.T.);
#5973 = VERTEX_POINT('',#5974);
#5974 = CARTESIAN_POINT('',(116.302937,-50.173786,1.6));
#5975 = CIRCLE('',#5976,0.5);
#5976 = AXIS2_PLACEMENT_3D('',#5977,#5978,#5979);
#5977 = CARTESIAN_POINT('',(116.302937,-49.673786,1.6));
#5978 = DIRECTION('',(-0.,0.,-1.));
#5979 = DIRECTION('',(-0.,-1.,0.));
#5980 = FACE_BOUND('',#5981,.T.);
#5981 = EDGE_LOOP('',(#5982));
#5982 = ORIENTED_EDGE('',*,*,#5983,.T.);
#5983 = EDGE_CURVE('',#5984,#5984,#5986,.T.);
#5984 = VERTEX_POINT('',#5985);
#5985 = CARTESIAN_POINT('',(116.302937,-47.633786,1.6));
#5986 = CIRCLE('',#5987,0.5);
#5987 = AXIS2_PLACEMENT_3D('',#5988,#5989,#5990);
#5988 = CARTESIAN_POINT('',(116.302937,-47.133786,1.6));
#5989 = DIRECTION('',(-0.,0.,-1.));
#5990 = DIRECTION('',(-0.,-1.,0.));
#5991 = FACE_BOUND('',#5992,.T.);
#5992 = EDGE_LOOP('',(#5993));
#5993 = ORIENTED_EDGE('',*,*,#5994,.T.);
#5994 = EDGE_CURVE('',#5995,#5995,#5997,.T.);
#5995 = VERTEX_POINT('',#5996);
#5996 = CARTESIAN_POINT('',(120.660937,-49.873786,1.6));
#5997 = CIRCLE('',#5998,0.2);
#5998 = AXIS2_PLACEMENT_3D('',#5999,#6000,#6001);
#5999 = CARTESIAN_POINT('',(120.660937,-49.673786,1.6));
#6000 = DIRECTION('',(-0.,0.,-1.));
#6001 = DIRECTION('',(-0.,-1.,0.));
#6002 = FACE_BOUND('',#6003,.T.);
#6003 = EDGE_LOOP('',(#6004));
#6004 = ORIENTED_EDGE('',*,*,#6005,.T.);
#6005 = EDGE_CURVE('',#6006,#6006,#6008,.T.);
#6006 = VERTEX_POINT('',#6007);
#6007 = CARTESIAN_POINT('',(120.660937,-47.333786,1.6));
#6008 = CIRCLE('',#6009,0.2);
#6009 = AXIS2_PLACEMENT_3D('',#6010,#6011,#6012);
#6010 = CARTESIAN_POINT('',(120.660937,-47.133786,1.6));
#6011 = DIRECTION('',(-0.,0.,-1.));
#6012 = DIRECTION('',(-0.,-1.,0.));
#6013 = FACE_BOUND('',#6014,.T.);
#6014 = EDGE_LOOP('',(#6015));
#6015 = ORIENTED_EDGE('',*,*,#6016,.T.);
#6016 = EDGE_CURVE('',#6017,#6017,#6019,.T.);
#6017 = VERTEX_POINT('',#6018);
#6018 = CARTESIAN_POINT('',(116.302937,-45.093786,1.6));
#6019 = CIRCLE('',#6020,0.5);
#6020 = AXIS2_PLACEMENT_3D('',#6021,#6022,#6023);
#6021 = CARTESIAN_POINT('',(116.302937,-44.593786,1.6));
#6022 = DIRECTION('',(-0.,0.,-1.));
#6023 = DIRECTION('',(-0.,-1.,0.));
#6024 = FACE_BOUND('',#6025,.T.);
#6025 = EDGE_LOOP('',(#6026));
#6026 = ORIENTED_EDGE('',*,*,#6027,.T.);
#6027 = EDGE_CURVE('',#6028,#6028,#6030,.T.);
#6028 = VERTEX_POINT('',#6029);
#6029 = CARTESIAN_POINT('',(116.302937,-42.553786,1.6));
#6030 = CIRCLE('',#6031,0.5);
#6031 = AXIS2_PLACEMENT_3D('',#6032,#6033,#6034);
#6032 = CARTESIAN_POINT('',(116.302937,-42.053786,1.6));
#6033 = DIRECTION('',(-0.,0.,-1.));
#6034 = DIRECTION('',(-0.,-1.,0.));
#6035 = FACE_BOUND('',#6036,.T.);
#6036 = EDGE_LOOP('',(#6037));
#6037 = ORIENTED_EDGE('',*,*,#6038,.T.);
#6038 = EDGE_CURVE('',#6039,#6039,#6041,.T.);
#6039 = VERTEX_POINT('',#6040);
#6040 = CARTESIAN_POINT('',(120.660937,-44.793786,1.6));
#6041 = CIRCLE('',#6042,0.2);
#6042 = AXIS2_PLACEMENT_3D('',#6043,#6044,#6045);
#6043 = CARTESIAN_POINT('',(120.660937,-44.593786,1.6));
#6044 = DIRECTION('',(-0.,0.,-1.));
#6045 = DIRECTION('',(-0.,-1.,0.));
#6046 = FACE_BOUND('',#6047,.T.);
#6047 = EDGE_LOOP('',(#6048));
#6048 = ORIENTED_EDGE('',*,*,#6049,.T.);
#6049 = EDGE_CURVE('',#6050,#6050,#6052,.T.);
#6050 = VERTEX_POINT('',#6051);
#6051 = CARTESIAN_POINT('',(120.660937,-42.253786,1.6));
#6052 = CIRCLE('',#6053,0.2);
#6053 = AXIS2_PLACEMENT_3D('',#6054,#6055,#6056);
#6054 = CARTESIAN_POINT('',(120.660937,-42.053786,1.6));
#6055 = DIRECTION('',(-0.,0.,-1.));
#6056 = DIRECTION('',(-0.,-1.,0.));
#6057 = FACE_BOUND('',#6058,.T.);
#6058 = EDGE_LOOP('',(#6059));
#6059 = ORIENTED_EDGE('',*,*,#6060,.T.);
#6060 = EDGE_CURVE('',#6061,#6061,#6063,.T.);
#6061 = VERTEX_POINT('',#6062);
#6062 = CARTESIAN_POINT('',(127.184937,-49.873786,1.6));
#6063 = CIRCLE('',#6064,0.2);
#6064 = AXIS2_PLACEMENT_3D('',#6065,#6066,#6067);
#6065 = CARTESIAN_POINT('',(127.184937,-49.673786,1.6));
#6066 = DIRECTION('',(-0.,0.,-1.));
#6067 = DIRECTION('',(7.105427357601E-14,-1.,-0.));
#6068 = FACE_BOUND('',#6069,.T.);
#6069 = EDGE_LOOP('',(#6070));
#6070 = ORIENTED_EDGE('',*,*,#6071,.T.);
#6071 = EDGE_CURVE('',#6072,#6072,#6074,.T.);
#6072 = VERTEX_POINT('',#6073);
#6073 = CARTESIAN_POINT('',(131.542937,-50.173786,1.6));
#6074 = CIRCLE('',#6075,0.5);
#6075 = AXIS2_PLACEMENT_3D('',#6076,#6077,#6078);
#6076 = CARTESIAN_POINT('',(131.542937,-49.673786,1.6));
#6077 = DIRECTION('',(-0.,0.,-1.));
#6078 = DIRECTION('',(-0.,-1.,0.));
#6079 = FACE_BOUND('',#6080,.T.);
#6080 = EDGE_LOOP('',(#6081));
#6081 = ORIENTED_EDGE('',*,*,#6082,.T.);
#6082 = EDGE_CURVE('',#6083,#6083,#6085,.T.);
#6083 = VERTEX_POINT('',#6084);
#6084 = CARTESIAN_POINT('',(127.184937,-47.333786,1.6));
#6085 = CIRCLE('',#6086,0.2);
#6086 = AXIS2_PLACEMENT_3D('',#6087,#6088,#6089);
#6087 = CARTESIAN_POINT('',(127.184937,-47.133786,1.6));
#6088 = DIRECTION('',(-0.,0.,-1.));
#6089 = DIRECTION('',(7.105427357601E-14,-1.,-0.));
#6090 = FACE_BOUND('',#6091,.T.);
#6091 = EDGE_LOOP('',(#6092));
#6092 = ORIENTED_EDGE('',*,*,#6093,.T.);
#6093 = EDGE_CURVE('',#6094,#6094,#6096,.T.);
#6094 = VERTEX_POINT('',#6095);
#6095 = CARTESIAN_POINT('',(131.542937,-47.633786,1.6));
#6096 = CIRCLE('',#6097,0.5);
#6097 = AXIS2_PLACEMENT_3D('',#6098,#6099,#6100);
#6098 = CARTESIAN_POINT('',(131.542937,-47.133786,1.6));
#6099 = DIRECTION('',(-0.,0.,-1.));
#6100 = DIRECTION('',(-0.,-1.,0.));
#6101 = FACE_BOUND('',#6102,.T.);
#6102 = EDGE_LOOP('',(#6103));
#6103 = ORIENTED_EDGE('',*,*,#6104,.T.);
#6104 = EDGE_CURVE('',#6105,#6105,#6107,.T.);
#6105 = VERTEX_POINT('',#6106);
#6106 = CARTESIAN_POINT('',(127.184937,-44.793786,1.6));
#6107 = CIRCLE('',#6108,0.2);
#6108 = AXIS2_PLACEMENT_3D('',#6109,#6110,#6111);
#6109 = CARTESIAN_POINT('',(127.184937,-44.593786,1.6));
#6110 = DIRECTION('',(-0.,0.,-1.));
#6111 = DIRECTION('',(7.105427357601E-14,-1.,-0.));
#6112 = FACE_BOUND('',#6113,.T.);
#6113 = EDGE_LOOP('',(#6114));
#6114 = ORIENTED_EDGE('',*,*,#6115,.T.);
#6115 = EDGE_CURVE('',#6116,#6116,#6118,.T.);
#6116 = VERTEX_POINT('',#6117);
#6117 = CARTESIAN_POINT('',(131.542937,-45.093786,1.6));
#6118 = CIRCLE('',#6119,0.5);
#6119 = AXIS2_PLACEMENT_3D('',#6120,#6121,#6122);
#6120 = CARTESIAN_POINT('',(131.542937,-44.593786,1.6));
#6121 = DIRECTION('',(-0.,0.,-1.));
#6122 = DIRECTION('',(-0.,-1.,0.));
#6123 = FACE_BOUND('',#6124,.T.);
#6124 = EDGE_LOOP('',(#6125));
#6125 = ORIENTED_EDGE('',*,*,#6126,.T.);
#6126 = EDGE_CURVE('',#6127,#6127,#6129,.T.);
#6127 = VERTEX_POINT('',#6128);
#6128 = CARTESIAN_POINT('',(127.184937,-42.253786,1.6));
#6129 = CIRCLE('',#6130,0.2);
#6130 = AXIS2_PLACEMENT_3D('',#6131,#6132,#6133);
#6131 = CARTESIAN_POINT('',(127.184937,-42.053786,1.6));
#6132 = DIRECTION('',(-0.,0.,-1.));
#6133 = DIRECTION('',(7.105427357601E-14,-1.,-0.));
#6134 = FACE_BOUND('',#6135,.T.);
#6135 = EDGE_LOOP('',(#6136));
#6136 = ORIENTED_EDGE('',*,*,#6137,.T.);
#6137 = EDGE_CURVE('',#6138,#6138,#6140,.T.);
#6138 = VERTEX_POINT('',#6139);
#6139 = CARTESIAN_POINT('',(131.542937,-42.553786,1.6));
#6140 = CIRCLE('',#6141,0.5);
#6141 = AXIS2_PLACEMENT_3D('',#6142,#6143,#6144);
#6142 = CARTESIAN_POINT('',(131.542937,-42.053786,1.6));
#6143 = DIRECTION('',(-0.,0.,-1.));
#6144 = DIRECTION('',(-0.,-1.,0.));
#6145 = FACE_BOUND('',#6146,.T.);
#6146 = EDGE_LOOP('',(#6147));
#6147 = ORIENTED_EDGE('',*,*,#6148,.T.);
#6148 = EDGE_CURVE('',#6149,#6149,#6151,.T.);
#6149 = VERTEX_POINT('',#6150);
#6150 = CARTESIAN_POINT('',(87.872937,-38.708286,1.6));
#6151 = CIRCLE('',#6152,0.8);
#6152 = AXIS2_PLACEMENT_3D('',#6153,#6154,#6155);
#6153 = CARTESIAN_POINT('',(87.872937,-37.908286,1.6));
#6154 = DIRECTION('',(-0.,0.,-1.));
#6155 = DIRECTION('',(-1.7763568394E-14,-1.,0.));
#6156 = FACE_BOUND('',#6157,.T.);
#6157 = EDGE_LOOP('',(#6158));
#6158 = ORIENTED_EDGE('',*,*,#6159,.T.);
#6159 = EDGE_CURVE('',#6160,#6160,#6162,.T.);
#6160 = VERTEX_POINT('',#6161);
#6161 = CARTESIAN_POINT('',(82.872937,-35.258286,1.6));
#6162 = CIRCLE('',#6163,2.5);
#6163 = AXIS2_PLACEMENT_3D('',#6164,#6165,#6166);
#6164 = CARTESIAN_POINT('',(82.872937,-32.758286,1.6));
#6165 = DIRECTION('',(-0.,0.,-1.));
#6166 = DIRECTION('',(-0.,-1.,0.));
#6167 = FACE_BOUND('',#6168,.T.);
#6168 = EDGE_LOOP('',(#6169));
#6169 = ORIENTED_EDGE('',*,*,#6170,.T.);
#6170 = EDGE_CURVE('',#6171,#6171,#6173,.T.);
#6171 = VERTEX_POINT('',#6172);
#6172 = CARTESIAN_POINT('',(88.372937,-33.708286,1.6));
#6173 = CIRCLE('',#6174,0.95);
#6174 = AXIS2_PLACEMENT_3D('',#6175,#6176,#6177);
#6175 = CARTESIAN_POINT('',(88.372937,-32.758286,1.6));
#6176 = DIRECTION('',(-0.,0.,-1.));
#6177 = DIRECTION('',(-1.495879443705E-14,-1.,0.));
#6178 = FACE_BOUND('',#6179,.T.);
#6179 = EDGE_LOOP('',(#6180));
#6180 = ORIENTED_EDGE('',*,*,#6181,.T.);
#6181 = EDGE_CURVE('',#6182,#6182,#6184,.T.);
#6182 = VERTEX_POINT('',#6183);
#6183 = CARTESIAN_POINT('',(94.422937,-40.003786,1.6));
#6184 = CIRCLE('',#6185,0.15);
#6185 = AXIS2_PLACEMENT_3D('',#6186,#6187,#6188);
#6186 = CARTESIAN_POINT('',(94.422937,-39.853786,1.6));
#6187 = DIRECTION('',(-0.,0.,-1.));
#6188 = DIRECTION('',(9.473903143467E-14,-1.,-0.));
#6189 = FACE_BOUND('',#6190,.T.);
#6190 = EDGE_LOOP('',(#6191));
#6191 = ORIENTED_EDGE('',*,*,#6192,.T.);
#6192 = EDGE_CURVE('',#6193,#6193,#6195,.T.);
#6193 = VERTEX_POINT('',#6194);
#6194 = CARTESIAN_POINT('',(96.922937,-40.803786,1.6));
#6195 = CIRCLE('',#6196,0.8);
#6196 = AXIS2_PLACEMENT_3D('',#6197,#6198,#6199);
#6197 = CARTESIAN_POINT('',(96.922937,-40.003786,1.6));
#6198 = DIRECTION('',(-0.,0.,-1.));
#6199 = DIRECTION('',(1.7763568394E-14,-1.,-0.));
#6200 = FACE_BOUND('',#6201,.T.);
#6201 = EDGE_LOOP('',(#6202));
#6202 = ORIENTED_EDGE('',*,*,#6203,.T.);
#6203 = EDGE_CURVE('',#6204,#6204,#6206,.T.);
#6204 = VERTEX_POINT('',#6205);
#6205 = CARTESIAN_POINT('',(94.422937,-37.203786,1.6));
#6206 = CIRCLE('',#6207,0.15);
#6207 = AXIS2_PLACEMENT_3D('',#6208,#6209,#6210);
#6208 = CARTESIAN_POINT('',(94.422937,-37.053786,1.6));
#6209 = DIRECTION('',(-0.,0.,-1.));
#6210 = DIRECTION('',(9.473903143467E-14,-1.,-0.));
#6211 = FACE_BOUND('',#6212,.T.);
#6212 = EDGE_LOOP('',(#6213));
#6213 = ORIENTED_EDGE('',*,*,#6214,.T.);
#6214 = EDGE_CURVE('',#6215,#6215,#6217,.T.);
#6215 = VERTEX_POINT('',#6216);
#6216 = CARTESIAN_POINT('',(106.922937,-40.803786,1.6));
#6217 = CIRCLE('',#6218,0.8);
#6218 = AXIS2_PLACEMENT_3D('',#6219,#6220,#6221);
#6219 = CARTESIAN_POINT('',(106.922937,-40.003786,1.6));
#6220 = DIRECTION('',(-0.,0.,-1.));
#6221 = DIRECTION('',(1.7763568394E-14,-1.,-0.));
#6222 = FACE_BOUND('',#6223,.T.);
#6223 = EDGE_LOOP('',(#6224));
#6224 = ORIENTED_EDGE('',*,*,#6225,.T.);
#6225 = EDGE_CURVE('',#6226,#6226,#6228,.T.);
#6226 = VERTEX_POINT('',#6227);
#6227 = CARTESIAN_POINT('',(96.422937,-35.803786,1.6));
#6228 = CIRCLE('',#6229,0.95);
#6229 = AXIS2_PLACEMENT_3D('',#6230,#6231,#6232);
#6230 = CARTESIAN_POINT('',(96.422937,-34.853786,1.6));
#6231 = DIRECTION('',(-0.,0.,-1.));
#6232 = DIRECTION('',(1.495879443705E-14,-1.,-0.));
#6233 = FACE_BOUND('',#6234,.T.);
#6234 = EDGE_LOOP('',(#6235));
#6235 = ORIENTED_EDGE('',*,*,#6236,.T.);
#6236 = EDGE_CURVE('',#6237,#6237,#6239,.T.);
#6237 = VERTEX_POINT('',#6238);
#6238 = CARTESIAN_POINT('',(101.922937,-37.353786,1.6));
#6239 = CIRCLE('',#6240,2.5);
#6240 = AXIS2_PLACEMENT_3D('',#6241,#6242,#6243);
#6241 = CARTESIAN_POINT('',(101.922937,-34.853786,1.6));
#6242 = DIRECTION('',(-0.,0.,-1.));
#6243 = DIRECTION('',(-0.,-1.,0.));
#6244 = FACE_BOUND('',#6245,.T.);
#6245 = EDGE_LOOP('',(#6246));
#6246 = ORIENTED_EDGE('',*,*,#6247,.T.);
#6247 = EDGE_CURVE('',#6248,#6248,#6250,.T.);
#6248 = VERTEX_POINT('',#6249);
#6249 = CARTESIAN_POINT('',(96.922937,-32.603786,1.6));
#6250 = CIRCLE('',#6251,1.5);
#6251 = AXIS2_PLACEMENT_3D('',#6252,#6253,#6254);
#6252 = CARTESIAN_POINT('',(96.922937,-31.103786,1.6));
#6253 = DIRECTION('',(-0.,0.,-1.));
#6254 = DIRECTION('',(-0.,-1.,0.));
#6255 = FACE_BOUND('',#6256,.T.);
#6256 = EDGE_LOOP('',(#6257));
#6257 = ORIENTED_EDGE('',*,*,#6258,.T.);
#6258 = EDGE_CURVE('',#6259,#6259,#6261,.T.);
#6259 = VERTEX_POINT('',#6260);
#6260 = CARTESIAN_POINT('',(107.422937,-35.803786,1.6));
#6261 = CIRCLE('',#6262,0.95);
#6262 = AXIS2_PLACEMENT_3D('',#6263,#6264,#6265);
#6263 = CARTESIAN_POINT('',(107.422937,-34.853786,1.6));
#6264 = DIRECTION('',(-0.,0.,-1.));
#6265 = DIRECTION('',(1.495879443705E-14,-1.,-0.));
#6266 = FACE_BOUND('',#6267,.T.);
#6267 = EDGE_LOOP('',(#6268));
#6268 = ORIENTED_EDGE('',*,*,#6269,.T.);
#6269 = EDGE_CURVE('',#6270,#6270,#6272,.T.);
#6270 = VERTEX_POINT('',#6271);
#6271 = CARTESIAN_POINT('',(106.922937,-32.603786,1.6));
#6272 = CIRCLE('',#6273,1.5);
#6273 = AXIS2_PLACEMENT_3D('',#6274,#6275,#6276);
#6274 = CARTESIAN_POINT('',(106.922937,-31.103786,1.6));
#6275 = DIRECTION('',(-0.,0.,-1.));
#6276 = DIRECTION('',(-0.,-1.,0.));
#6277 = FACE_BOUND('',#6278,.T.);
#6278 = EDGE_LOOP('',(#6279));
#6279 = ORIENTED_EDGE('',*,*,#6280,.T.);
#6280 = EDGE_CURVE('',#6281,#6281,#6283,.T.);
#6281 = VERTEX_POINT('',#6282);
#6282 = CARTESIAN_POINT('',(82.872937,-28.308286,1.6));
#6283 = CIRCLE('',#6284,1.5);
#6284 = AXIS2_PLACEMENT_3D('',#6285,#6286,#6287);
#6285 = CARTESIAN_POINT('',(82.872937,-26.808286,1.6));
#6286 = DIRECTION('',(-0.,0.,-1.));
#6287 = DIRECTION('',(-0.,-1.,0.));
#6288 = FACE_BOUND('',#6289,.T.);
#6289 = EDGE_LOOP('',(#6290));
#6290 = ORIENTED_EDGE('',*,*,#6291,.T.);
#6291 = EDGE_CURVE('',#6292,#6292,#6294,.T.);
#6292 = VERTEX_POINT('',#6293);
#6293 = CARTESIAN_POINT('',(87.872937,-30.508286,1.6));
#6294 = CIRCLE('',#6295,1.5);
#6295 = AXIS2_PLACEMENT_3D('',#6296,#6297,#6298);
#6296 = CARTESIAN_POINT('',(87.872937,-29.008286,1.6));
#6297 = DIRECTION('',(-0.,0.,-1.));
#6298 = DIRECTION('',(-0.,-1.,0.));
#6299 = FACE_BOUND('',#6300,.T.);
#6300 = EDGE_LOOP('',(#6301));
#6301 = ORIENTED_EDGE('',*,*,#6302,.T.);
#6302 = EDGE_CURVE('',#6303,#6303,#6305,.T.);
#6303 = VERTEX_POINT('',#6304);
#6304 = CARTESIAN_POINT('',(101.922937,-30.403786,1.6));
#6305 = CIRCLE('',#6306,1.5);
#6306 = AXIS2_PLACEMENT_3D('',#6307,#6308,#6309);
#6307 = CARTESIAN_POINT('',(101.922937,-28.903786,1.6));
#6308 = DIRECTION('',(-0.,0.,-1.));
#6309 = DIRECTION('',(-0.,-1.,0.));
#6310 = FACE_BOUND('',#6311,.T.);
#6311 = EDGE_LOOP('',(#6312));
#6312 = ORIENTED_EDGE('',*,*,#6313,.T.);
#6313 = EDGE_CURVE('',#6314,#6314,#6316,.T.);
#6314 = VERTEX_POINT('',#6315);
#6315 = CARTESIAN_POINT('',(116.302937,-40.013786,1.6));
#6316 = CIRCLE('',#6317,0.5);
#6317 = AXIS2_PLACEMENT_3D('',#6318,#6319,#6320);
#6318 = CARTESIAN_POINT('',(116.302937,-39.513786,1.6));
#6319 = DIRECTION('',(-0.,0.,-1.));
#6320 = DIRECTION('',(-0.,-1.,0.));
#6321 = FACE_BOUND('',#6322,.T.);
#6322 = EDGE_LOOP('',(#6323));
#6323 = ORIENTED_EDGE('',*,*,#6324,.T.);
#6324 = EDGE_CURVE('',#6325,#6325,#6327,.T.);
#6325 = VERTEX_POINT('',#6326);
#6326 = CARTESIAN_POINT('',(116.302937,-37.473786,1.6));
#6327 = CIRCLE('',#6328,0.5);
#6328 = AXIS2_PLACEMENT_3D('',#6329,#6330,#6331);
#6329 = CARTESIAN_POINT('',(116.302937,-36.973786,1.6));
#6330 = DIRECTION('',(-0.,0.,-1.));
#6331 = DIRECTION('',(-0.,-1.,0.));
#6332 = FACE_BOUND('',#6333,.T.);
#6333 = EDGE_LOOP('',(#6334));
#6334 = ORIENTED_EDGE('',*,*,#6335,.T.);
#6335 = EDGE_CURVE('',#6336,#6336,#6338,.T.);
#6336 = VERTEX_POINT('',#6337);
#6337 = CARTESIAN_POINT('',(120.660937,-39.713786,1.6));
#6338 = CIRCLE('',#6339,0.2);
#6339 = AXIS2_PLACEMENT_3D('',#6340,#6341,#6342);
#6340 = CARTESIAN_POINT('',(120.660937,-39.513786,1.6));
#6341 = DIRECTION('',(-0.,0.,-1.));
#6342 = DIRECTION('',(-0.,-1.,0.));
#6343 = FACE_BOUND('',#6344,.T.);
#6344 = EDGE_LOOP('',(#6345));
#6345 = ORIENTED_EDGE('',*,*,#6346,.T.);
#6346 = EDGE_CURVE('',#6347,#6347,#6349,.T.);
#6347 = VERTEX_POINT('',#6348);
#6348 = CARTESIAN_POINT('',(120.660937,-37.173786,1.6));
#6349 = CIRCLE('',#6350,0.2);
#6350 = AXIS2_PLACEMENT_3D('',#6351,#6352,#6353);
#6351 = CARTESIAN_POINT('',(120.660937,-36.973786,1.6));
#6352 = DIRECTION('',(-0.,0.,-1.));
#6353 = DIRECTION('',(-0.,-1.,0.));
#6354 = FACE_BOUND('',#6355,.T.);
#6355 = EDGE_LOOP('',(#6356));
#6356 = ORIENTED_EDGE('',*,*,#6357,.T.);
#6357 = EDGE_CURVE('',#6358,#6358,#6360,.T.);
#6358 = VERTEX_POINT('',#6359);
#6359 = CARTESIAN_POINT('',(116.302937,-34.933786,1.6));
#6360 = CIRCLE('',#6361,0.5);
#6361 = AXIS2_PLACEMENT_3D('',#6362,#6363,#6364);
#6362 = CARTESIAN_POINT('',(116.302937,-34.433786,1.6));
#6363 = DIRECTION('',(-0.,0.,-1.));
#6364 = DIRECTION('',(-0.,-1.,0.));
#6365 = FACE_BOUND('',#6366,.T.);
#6366 = EDGE_LOOP('',(#6367));
#6367 = ORIENTED_EDGE('',*,*,#6368,.T.);
#6368 = EDGE_CURVE('',#6369,#6369,#6371,.T.);
#6369 = VERTEX_POINT('',#6370);
#6370 = CARTESIAN_POINT('',(113.922937,-30.503786,1.6));
#6371 = CIRCLE('',#6372,0.15);
#6372 = AXIS2_PLACEMENT_3D('',#6373,#6374,#6375);
#6373 = CARTESIAN_POINT('',(113.922937,-30.353786,1.6));
#6374 = DIRECTION('',(-0.,0.,-1.));
#6375 = DIRECTION('',(9.473903143467E-14,-1.,-0.));
#6376 = FACE_BOUND('',#6377,.T.);
#6377 = EDGE_LOOP('',(#6378));
#6378 = ORIENTED_EDGE('',*,*,#6379,.T.);
#6379 = EDGE_CURVE('',#6380,#6380,#6382,.T.);
#6380 = VERTEX_POINT('',#6381);
#6381 = CARTESIAN_POINT('',(120.660937,-34.633786,1.6));
#6382 = CIRCLE('',#6383,0.2);
#6383 = AXIS2_PLACEMENT_3D('',#6384,#6385,#6386);
#6384 = CARTESIAN_POINT('',(120.660937,-34.433786,1.6));
#6385 = DIRECTION('',(-0.,0.,-1.));
#6386 = DIRECTION('',(-0.,-1.,0.));
#6387 = FACE_BOUND('',#6388,.T.);
#6388 = EDGE_LOOP('',(#6389));
#6389 = ORIENTED_EDGE('',*,*,#6390,.T.);
#6390 = EDGE_CURVE('',#6391,#6391,#6393,.T.);
#6391 = VERTEX_POINT('',#6392);
#6392 = CARTESIAN_POINT('',(117.922937,-30.503786,1.6));
#6393 = CIRCLE('',#6394,0.15);
#6394 = AXIS2_PLACEMENT_3D('',#6395,#6396,#6397);
#6395 = CARTESIAN_POINT('',(117.922937,-30.353786,1.6));
#6396 = DIRECTION('',(-0.,0.,-1.));
#6397 = DIRECTION('',(9.473903143467E-14,-1.,-0.));
#6398 = FACE_BOUND('',#6399,.T.);
#6399 = EDGE_LOOP('',(#6400));
#6400 = ORIENTED_EDGE('',*,*,#6401,.T.);
#6401 = EDGE_CURVE('',#6402,#6402,#6404,.T.);
#6402 = VERTEX_POINT('',#6403);
#6403 = CARTESIAN_POINT('',(127.184937,-39.713786,1.6));
#6404 = CIRCLE('',#6405,0.2);
#6405 = AXIS2_PLACEMENT_3D('',#6406,#6407,#6408);
#6406 = CARTESIAN_POINT('',(127.184937,-39.513786,1.6));
#6407 = DIRECTION('',(-0.,0.,-1.));
#6408 = DIRECTION('',(7.105427357601E-14,-1.,-0.));
#6409 = FACE_BOUND('',#6410,.T.);
#6410 = EDGE_LOOP('',(#6411));
#6411 = ORIENTED_EDGE('',*,*,#6412,.T.);
#6412 = EDGE_CURVE('',#6413,#6413,#6415,.T.);
#6413 = VERTEX_POINT('',#6414);
#6414 = CARTESIAN_POINT('',(131.542937,-40.013786,1.6));
#6415 = CIRCLE('',#6416,0.5);
#6416 = AXIS2_PLACEMENT_3D('',#6417,#6418,#6419);
#6417 = CARTESIAN_POINT('',(131.542937,-39.513786,1.6));
#6418 = DIRECTION('',(-0.,0.,-1.));
#6419 = DIRECTION('',(-0.,-1.,0.));
#6420 = FACE_BOUND('',#6421,.T.);
#6421 = EDGE_LOOP('',(#6422));
#6422 = ORIENTED_EDGE('',*,*,#6423,.T.);
#6423 = EDGE_CURVE('',#6424,#6424,#6426,.T.);
#6424 = VERTEX_POINT('',#6425);
#6425 = CARTESIAN_POINT('',(127.184937,-37.173786,1.6));
#6426 = CIRCLE('',#6427,0.2);
#6427 = AXIS2_PLACEMENT_3D('',#6428,#6429,#6430);
#6428 = CARTESIAN_POINT('',(127.184937,-36.973786,1.6));
#6429 = DIRECTION('',(-0.,0.,-1.));
#6430 = DIRECTION('',(7.105427357601E-14,-1.,-0.));
#6431 = FACE_BOUND('',#6432,.T.);
#6432 = EDGE_LOOP('',(#6433));
#6433 = ORIENTED_EDGE('',*,*,#6434,.T.);
#6434 = EDGE_CURVE('',#6435,#6435,#6437,.T.);
#6435 = VERTEX_POINT('',#6436);
#6436 = CARTESIAN_POINT('',(131.542937,-37.473786,1.6));
#6437 = CIRCLE('',#6438,0.5);
#6438 = AXIS2_PLACEMENT_3D('',#6439,#6440,#6441);
#6439 = CARTESIAN_POINT('',(131.542937,-36.973786,1.6));
#6440 = DIRECTION('',(-0.,0.,-1.));
#6441 = DIRECTION('',(-0.,-1.,0.));
#6442 = FACE_BOUND('',#6443,.T.);
#6443 = EDGE_LOOP('',(#6444));
#6444 = ORIENTED_EDGE('',*,*,#6445,.T.);
#6445 = EDGE_CURVE('',#6446,#6446,#6448,.T.);
#6446 = VERTEX_POINT('',#6447);
#6447 = CARTESIAN_POINT('',(127.184937,-34.633786,1.6));
#6448 = CIRCLE('',#6449,0.2);
#6449 = AXIS2_PLACEMENT_3D('',#6450,#6451,#6452);
#6450 = CARTESIAN_POINT('',(127.184937,-34.433786,1.6));
#6451 = DIRECTION('',(-0.,0.,-1.));
#6452 = DIRECTION('',(7.105427357601E-14,-1.,-0.));
#6453 = FACE_BOUND('',#6454,.T.);
#6454 = EDGE_LOOP('',(#6455));
#6455 = ORIENTED_EDGE('',*,*,#6456,.T.);
#6456 = EDGE_CURVE('',#6457,#6457,#6459,.T.);
#6457 = VERTEX_POINT('',#6458);
#6458 = CARTESIAN_POINT('',(131.542937,-34.933786,1.6));
#6459 = CIRCLE('',#6460,0.5);
#6460 = AXIS2_PLACEMENT_3D('',#6461,#6462,#6463);
#6461 = CARTESIAN_POINT('',(131.542937,-34.433786,1.6));
#6462 = DIRECTION('',(-0.,0.,-1.));
#6463 = DIRECTION('',(-0.,-1.,0.));
#6464 = FACE_BOUND('',#6465,.T.);
#6465 = EDGE_LOOP('',(#6466));
#6466 = ORIENTED_EDGE('',*,*,#6467,.T.);
#6467 = EDGE_CURVE('',#6468,#6468,#6470,.T.);
#6468 = VERTEX_POINT('',#6469);
#6469 = CARTESIAN_POINT('',(122.422937,-29.473786,1.6));
#6470 = CIRCLE('',#6471,0.45);
#6471 = AXIS2_PLACEMENT_3D('',#6472,#6473,#6474);
#6472 = CARTESIAN_POINT('',(122.422937,-29.023786,1.6));
#6473 = DIRECTION('',(-0.,0.,-1.));
#6474 = DIRECTION('',(3.157967714489E-14,-1.,-0.));
#6475 = FACE_BOUND('',#6476,.T.);
#6476 = EDGE_LOOP('',(#6477));
#6477 = ORIENTED_EDGE('',*,*,#6478,.T.);
#6478 = EDGE_CURVE('',#6479,#6479,#6481,.T.);
#6479 = VERTEX_POINT('',#6480);
#6480 = CARTESIAN_POINT('',(125.422937,-29.473786,1.6));
#6481 = CIRCLE('',#6482,0.45);
#6482 = AXIS2_PLACEMENT_3D('',#6483,#6484,#6485);
#6483 = CARTESIAN_POINT('',(125.422937,-29.023786,1.6));
#6484 = DIRECTION('',(-0.,0.,-1.));
#6485 = DIRECTION('',(3.157967714489E-14,-1.,-0.));
#6486 = PLANE('',#6487);
#6487 = AXIS2_PLACEMENT_3D('',#6488,#6489,#6490);
#6488 = CARTESIAN_POINT('',(0.,0.,1.6));
#6489 = DIRECTION('',(0.,0.,1.));
#6490 = DIRECTION('',(1.,0.,-0.));
#6491 = ADVANCED_FACE('',(#6492),#6503,.T.);
#6492 = FACE_BOUND('',#6493,.T.);
#6493 = EDGE_LOOP('',(#6494,#6500,#6501,#6502));
#6494 = ORIENTED_EDGE('',*,*,#6495,.T.);
#6495 = EDGE_CURVE('',#146,#3322,#6496,.T.);
#6496 = LINE('',#6497,#6498);
#6497 = CARTESIAN_POINT('',(52.392937,-17.041786,0.));
#6498 = VECTOR('',#6499,1.);
#6499 = DIRECTION('',(0.,0.,1.));
#6500 = ORIENTED_EDGE('',*,*,#3321,.T.);
#6501 = ORIENTED_EDGE('',*,*,#81,.F.);
#6502 = ORIENTED_EDGE('',*,*,#145,.F.);
#6503 = CYLINDRICAL_SURFACE('',#6504,1.99999850585);
#6504 = AXIS2_PLACEMENT_3D('',#6505,#6506,#6507);
#6505 = CARTESIAN_POINT('',(54.39293550585,-17.04178450585,0.));
#6506 = DIRECTION('',(0.,0.,-1.));
#6507 = DIRECTION('',(-1.,-7.47075740283E-07,-0.));
#6508 = ADVANCED_FACE('',(#6509),#6520,.F.);
#6509 = FACE_BOUND('',#6510,.T.);
#6510 = EDGE_LOOP('',(#6511,#6512,#6513,#6519));
#6511 = ORIENTED_EDGE('',*,*,#121,.T.);
#6512 = ORIENTED_EDGE('',*,*,#3751,.T.);
#6513 = ORIENTED_EDGE('',*,*,#6514,.F.);
#6514 = EDGE_CURVE('',#568,#3744,#6515,.T.);
#6515 = LINE('',#6516,#6517);
#6516 = CARTESIAN_POINT('',(77.252937,-21.328286,0.));
#6517 = VECTOR('',#6518,1.);
#6518 = DIRECTION('',(0.,0.,1.));
#6519 = ORIENTED_EDGE('',*,*,#575,.F.);
#6520 = CYLINDRICAL_SURFACE('',#6521,1.99999850585);
#6521 = AXIS2_PLACEMENT_3D('',#6522,#6523,#6524);
#6522 = CARTESIAN_POINT('',(77.25293550585,-19.32828749415,0.));
#6523 = DIRECTION('',(-0.,-0.,-1.));
#6524 = DIRECTION('',(-1.,7.470757438357E-07,0.));
#6525 = ADVANCED_FACE('',(#6526),#6537,.T.);
#6526 = FACE_BOUND('',#6527,.T.);
#6527 = EDGE_LOOP('',(#6528,#6534,#6535,#6536));
#6528 = ORIENTED_EDGE('',*,*,#6529,.T.);
#6529 = EDGE_CURVE('',#155,#3331,#6530,.T.);
#6530 = LINE('',#6531,#6532);
#6531 = CARTESIAN_POINT('',(52.392937,-18.375786,0.));
#6532 = VECTOR('',#6533,1.);
#6533 = DIRECTION('',(0.,0.,1.));
#6534 = ORIENTED_EDGE('',*,*,#3330,.T.);
#6535 = ORIENTED_EDGE('',*,*,#6495,.F.);
#6536 = ORIENTED_EDGE('',*,*,#154,.F.);
#6537 = PLANE('',#6538);
#6538 = AXIS2_PLACEMENT_3D('',#6539,#6540,#6541);
#6539 = CARTESIAN_POINT('',(52.392937,-18.375786,0.));
#6540 = DIRECTION('',(-1.,0.,0.));
#6541 = DIRECTION('',(0.,1.,0.));
#6542 = ADVANCED_FACE('',(#6543),#6554,.T.);
#6543 = FACE_BOUND('',#6544,.T.);
#6544 = EDGE_LOOP('',(#6545,#6546,#6547,#6553));
#6545 = ORIENTED_EDGE('',*,*,#6514,.T.);
#6546 = ORIENTED_EDGE('',*,*,#3743,.T.);
#6547 = ORIENTED_EDGE('',*,*,#6548,.F.);
#6548 = EDGE_CURVE('',#559,#3735,#6549,.T.);
#6549 = LINE('',#6550,#6551);
#6550 = CARTESIAN_POINT('',(91.513197,-21.328286,0.));
#6551 = VECTOR('',#6552,1.);
#6552 = DIRECTION('',(0.,0.,1.));
#6553 = ORIENTED_EDGE('',*,*,#567,.F.);
#6554 = PLANE('',#6555);
#6555 = AXIS2_PLACEMENT_3D('',#6556,#6557,#6558);
#6556 = CARTESIAN_POINT('',(77.252937,-21.328286,0.));
#6557 = DIRECTION('',(0.,1.,0.));
#6558 = DIRECTION('',(1.,0.,0.));
#6559 = ADVANCED_FACE('',(#6560),#6571,.F.);
#6560 = FACE_BOUND('',#6561,.T.);
#6561 = EDGE_LOOP('',(#6562,#6568,#6569,#6570));
#6562 = ORIENTED_EDGE('',*,*,#6563,.T.);
#6563 = EDGE_CURVE('',#163,#3339,#6564,.T.);
#6564 = LINE('',#6565,#6566);
#6565 = CARTESIAN_POINT('',(50.392937,-20.375786,0.));
#6566 = VECTOR('',#6567,1.);
#6567 = DIRECTION('',(0.,0.,1.));
#6568 = ORIENTED_EDGE('',*,*,#3338,.T.);
#6569 = ORIENTED_EDGE('',*,*,#6529,.F.);
#6570 = ORIENTED_EDGE('',*,*,#162,.F.);
#6571 = CYLINDRICAL_SURFACE('',#6572,1.99999850585);
#6572 = AXIS2_PLACEMENT_3D('',#6573,#6574,#6575);
#6573 = CARTESIAN_POINT('',(50.39293849415,-18.37578749415,0.));
#6574 = DIRECTION('',(-0.,-0.,-1.));
#6575 = DIRECTION('',(-7.470757314012E-07,-1.,0.));
#6576 = ADVANCED_FACE('',(#6577),#6588,.T.);
#6577 = FACE_BOUND('',#6578,.T.);
#6578 = EDGE_LOOP('',(#6579,#6580,#6581,#6587));
#6579 = ORIENTED_EDGE('',*,*,#6548,.T.);
#6580 = ORIENTED_EDGE('',*,*,#3734,.T.);
#6581 = ORIENTED_EDGE('',*,*,#6582,.F.);
#6582 = EDGE_CURVE('',#551,#3727,#6583,.T.);
#6583 = LINE('',#6584,#6585);
#6584 = CARTESIAN_POINT('',(92.993077,-21.98294,0.));
#6585 = VECTOR('',#6586,1.);
#6586 = DIRECTION('',(0.,0.,1.));
#6587 = ORIENTED_EDGE('',*,*,#558,.F.);
#6588 = CYLINDRICAL_SURFACE('',#6589,1.999831603983);
#6589 = AXIS2_PLACEMENT_3D('',#6590,#6591,#6592);
#6590 = CARTESIAN_POINT('',(91.513271721665,-23.32811760258,0.));
#6591 = DIRECTION('',(0.,0.,-1.));
#6592 = DIRECTION('',(-3.73639786082E-05,0.999999999302,0.));
#6593 = ADVANCED_FACE('',(#6594),#6605,.T.);
#6594 = FACE_BOUND('',#6595,.T.);
#6595 = EDGE_LOOP('',(#6596,#6602,#6603,#6604));
#6596 = ORIENTED_EDGE('',*,*,#6597,.T.);
#6597 = EDGE_CURVE('',#172,#3348,#6598,.T.);
#6598 = LINE('',#6599,#6600);
#6599 = CARTESIAN_POINT('',(35.342937,-20.375786,0.));
#6600 = VECTOR('',#6601,1.);
#6601 = DIRECTION('',(0.,0.,1.));
#6602 = ORIENTED_EDGE('',*,*,#3347,.T.);
#6603 = ORIENTED_EDGE('',*,*,#6563,.F.);
#6604 = ORIENTED_EDGE('',*,*,#171,.F.);
#6605 = PLANE('',#6606);
#6606 = AXIS2_PLACEMENT_3D('',#6607,#6608,#6609);
#6607 = CARTESIAN_POINT('',(35.342937,-20.375786,0.));
#6608 = DIRECTION('',(0.,1.,0.));
#6609 = DIRECTION('',(1.,0.,0.));
#6610 = ADVANCED_FACE('',(#6611),#6622,.T.);
#6611 = FACE_BOUND('',#6612,.T.);
#6612 = EDGE_LOOP('',(#6613,#6614,#6615,#6621));
#6613 = ORIENTED_EDGE('',*,*,#6582,.T.);
#6614 = ORIENTED_EDGE('',*,*,#3726,.T.);
#6615 = ORIENTED_EDGE('',*,*,#6616,.F.);
#6616 = EDGE_CURVE('',#543,#3719,#6617,.T.);
#6617 = LINE('',#6618,#6619);
#6618 = CARTESIAN_POINT('',(94.302937,-23.423786,0.));
#6619 = VECTOR('',#6620,1.);
#6620 = DIRECTION('',(0.,0.,1.));
#6621 = ORIENTED_EDGE('',*,*,#550,.F.);
#6622 = PLANE('',#6623);
#6623 = AXIS2_PLACEMENT_3D('',#6624,#6625,#6626);
#6624 = CARTESIAN_POINT('',(92.993077,-21.98294,0.));
#6625 = DIRECTION('',(0.739940073396,0.672672793996,-0.));
#6626 = DIRECTION('',(0.672672793996,-0.739940073396,0.));
#6627 = ADVANCED_FACE('',(#6628),#6639,.T.);
#6628 = FACE_BOUND('',#6629,.T.);
#6629 = EDGE_LOOP('',(#6630,#6636,#6637,#6638));
#6630 = ORIENTED_EDGE('',*,*,#6631,.T.);
#6631 = EDGE_CURVE('',#180,#3356,#6632,.T.);
#6632 = LINE('',#6633,#6634);
#6633 = CARTESIAN_POINT('',(33.342937,-22.375786,0.));
#6634 = VECTOR('',#6635,1.);
#6635 = DIRECTION('',(0.,0.,1.));
#6636 = ORIENTED_EDGE('',*,*,#3355,.T.);
#6637 = ORIENTED_EDGE('',*,*,#6597,.F.);
#6638 = ORIENTED_EDGE('',*,*,#179,.F.);
#6639 = CYLINDRICAL_SURFACE('',#6640,1.99999850585);
#6640 = AXIS2_PLACEMENT_3D('',#6641,#6642,#6643);
#6641 = CARTESIAN_POINT('',(35.34293550585,-22.37578450585,0.));
#6642 = DIRECTION('',(0.,0.,-1.));
#6643 = DIRECTION('',(-1.,-7.470757438357E-07,-0.));
#6644 = ADVANCED_FACE('',(#6645),#6656,.T.);
#6645 = FACE_BOUND('',#6646,.T.);
#6646 = EDGE_LOOP('',(#6647,#6648,#6649,#6655));
#6647 = ORIENTED_EDGE('',*,*,#6616,.T.);
#6648 = ORIENTED_EDGE('',*,*,#3718,.T.);
#6649 = ORIENTED_EDGE('',*,*,#6650,.F.);
#6650 = EDGE_CURVE('',#534,#3710,#6651,.T.);
#6651 = LINE('',#6652,#6653);
#6652 = CARTESIAN_POINT('',(110.211869,-23.423786,0.));
#6653 = VECTOR('',#6654,1.);
#6654 = DIRECTION('',(0.,0.,1.));
#6655 = ORIENTED_EDGE('',*,*,#542,.F.);
#6656 = PLANE('',#6657);
#6657 = AXIS2_PLACEMENT_3D('',#6658,#6659,#6660);
#6658 = CARTESIAN_POINT('',(94.302937,-23.423786,0.));
#6659 = DIRECTION('',(0.,1.,0.));
#6660 = DIRECTION('',(1.,0.,0.));
#6661 = ADVANCED_FACE('',(#6662),#6673,.T.);
#6662 = FACE_BOUND('',#6663,.T.);
#6663 = EDGE_LOOP('',(#6664,#6670,#6671,#6672));
#6664 = ORIENTED_EDGE('',*,*,#6665,.T.);
#6665 = EDGE_CURVE('',#189,#3365,#6666,.T.);
#6666 = LINE('',#6667,#6668);
#6667 = CARTESIAN_POINT('',(33.342937,-25.995786,0.));
#6668 = VECTOR('',#6669,1.);
#6669 = DIRECTION('',(0.,0.,1.));
#6670 = ORIENTED_EDGE('',*,*,#3364,.T.);
#6671 = ORIENTED_EDGE('',*,*,#6631,.F.);
#6672 = ORIENTED_EDGE('',*,*,#188,.F.);
#6673 = PLANE('',#6674);
#6674 = AXIS2_PLACEMENT_3D('',#6675,#6676,#6677);
#6675 = CARTESIAN_POINT('',(33.342937,-25.995786,0.));
#6676 = DIRECTION('',(-1.,0.,0.));
#6677 = DIRECTION('',(0.,1.,0.));
#6678 = ADVANCED_FACE('',(#6679),#6690,.T.);
#6679 = FACE_BOUND('',#6680,.T.);
#6680 = EDGE_LOOP('',(#6681,#6682,#6683,#6689));
#6681 = ORIENTED_EDGE('',*,*,#6650,.T.);
#6682 = ORIENTED_EDGE('',*,*,#3709,.T.);
#6683 = ORIENTED_EDGE('',*,*,#6684,.F.);
#6684 = EDGE_CURVE('',#526,#3702,#6685,.T.);
#6685 = LINE('',#6686,#6687);
#6686 = CARTESIAN_POINT('',(112.000723,-24.529359,0.));
#6687 = VECTOR('',#6688,1.);
#6688 = DIRECTION('',(0.,0.,1.));
#6689 = ORIENTED_EDGE('',*,*,#533,.F.);
#6690 = CYLINDRICAL_SURFACE('',#6691,2.000096309334);
#6691 = AXIS2_PLACEMENT_3D('',#6692,#6693,#6694);
#6692 = CARTESIAN_POINT('',(110.21180900059,-25.42388230843,0.));
#6693 = DIRECTION('',(0.,0.,-1.));
#6694 = DIRECTION('',(2.999825976095E-05,0.99999999955,0.));
#6695 = ADVANCED_FACE('',(#6696),#6707,.F.);
#6696 = FACE_BOUND('',#6697,.T.);
#6697 = EDGE_LOOP('',(#6698,#6704,#6705,#6706));
#6698 = ORIENTED_EDGE('',*,*,#6699,.T.);
#6699 = EDGE_CURVE('',#197,#3373,#6700,.T.);
#6700 = LINE('',#6701,#6702);
#6701 = CARTESIAN_POINT('',(31.342937,-27.995786,0.));
#6702 = VECTOR('',#6703,1.);
#6703 = DIRECTION('',(0.,0.,1.));
#6704 = ORIENTED_EDGE('',*,*,#3372,.T.);
#6705 = ORIENTED_EDGE('',*,*,#6665,.F.);
#6706 = ORIENTED_EDGE('',*,*,#196,.F.);
#6707 = CYLINDRICAL_SURFACE('',#6708,1.99999850585);
#6708 = AXIS2_PLACEMENT_3D('',#6709,#6710,#6711);
#6709 = CARTESIAN_POINT('',(31.34293849415,-25.99578749415,0.));
#6710 = DIRECTION('',(-0.,-0.,-1.));
#6711 = DIRECTION('',(-7.470757438357E-07,-1.,0.));
#6712 = ADVANCED_FACE('',(#6713),#6724,.T.);
#6713 = FACE_BOUND('',#6714,.T.);
#6714 = EDGE_LOOP('',(#6715,#6716,#6717,#6723));
#6715 = ORIENTED_EDGE('',*,*,#6684,.T.);
#6716 = ORIENTED_EDGE('',*,*,#3701,.T.);
#6717 = ORIENTED_EDGE('',*,*,#6718,.F.);
#6718 = EDGE_CURVE('',#517,#3693,#6719,.T.);
#6719 = LINE('',#6720,#6721);
#6720 = CARTESIAN_POINT('',(112.800151,-26.128213,0.));
#6721 = VECTOR('',#6722,1.);
#6722 = DIRECTION('',(0.,0.,1.));
#6723 = ORIENTED_EDGE('',*,*,#525,.F.);
#6724 = PLANE('',#6725);
#6725 = AXIS2_PLACEMENT_3D('',#6726,#6727,#6728);
#6726 = CARTESIAN_POINT('',(112.000723,-24.529359,0.));
#6727 = DIRECTION('',(0.894426967233,0.447214043034,-0.));
#6728 = DIRECTION('',(0.447214043034,-0.894426967233,0.));
#6729 = ADVANCED_FACE('',(#6730),#6741,.T.);
#6730 = FACE_BOUND('',#6731,.T.);
#6731 = EDGE_LOOP('',(#6732,#6738,#6739,#6740));
#6732 = ORIENTED_EDGE('',*,*,#6733,.T.);
#6733 = EDGE_CURVE('',#206,#3382,#6734,.T.);
#6734 = LINE('',#6735,#6736);
#6735 = CARTESIAN_POINT('',(16.292937,-27.995786,0.));
#6736 = VECTOR('',#6737,1.);
#6737 = DIRECTION('',(0.,0.,1.));
#6738 = ORIENTED_EDGE('',*,*,#3381,.T.);
#6739 = ORIENTED_EDGE('',*,*,#6699,.F.);
#6740 = ORIENTED_EDGE('',*,*,#205,.F.);
#6741 = PLANE('',#6742);
#6742 = AXIS2_PLACEMENT_3D('',#6743,#6744,#6745);
#6743 = CARTESIAN_POINT('',(16.292937,-27.995786,0.));
#6744 = DIRECTION('',(0.,1.,0.));
#6745 = DIRECTION('',(1.,0.,0.));
#6746 = ADVANCED_FACE('',(#6747),#6758,.F.);
#6747 = FACE_BOUND('',#6748,.T.);
#6748 = EDGE_LOOP('',(#6749,#6750,#6751,#6757));
#6749 = ORIENTED_EDGE('',*,*,#6718,.T.);
#6750 = ORIENTED_EDGE('',*,*,#3692,.T.);
#6751 = ORIENTED_EDGE('',*,*,#6752,.F.);
#6752 = EDGE_CURVE('',#509,#3685,#6753,.T.);
#6753 = LINE('',#6754,#6755);
#6754 = CARTESIAN_POINT('',(114.589005,-27.233786,0.));
#6755 = VECTOR('',#6756,1.);
#6756 = DIRECTION('',(0.,0.,1.));
#6757 = ORIENTED_EDGE('',*,*,#516,.F.);
#6758 = CYLINDRICAL_SURFACE('',#6759,2.000096309334);
#6759 = AXIS2_PLACEMENT_3D('',#6760,#6761,#6762);
#6760 = CARTESIAN_POINT('',(114.5890649994,-25.23368969156,0.));
#6761 = DIRECTION('',(-0.,-0.,-1.));
#6762 = DIRECTION('',(-0.894413929499,-0.447240117518,0.));
#6763 = ADVANCED_FACE('',(#6764),#6775,.T.);
#6764 = FACE_BOUND('',#6765,.T.);
#6765 = EDGE_LOOP('',(#6766,#6772,#6773,#6774));
#6766 = ORIENTED_EDGE('',*,*,#6767,.T.);
#6767 = EDGE_CURVE('',#214,#3390,#6768,.T.);
#6768 = LINE('',#6769,#6770);
#6769 = CARTESIAN_POINT('',(14.292937,-29.995786,0.));
#6770 = VECTOR('',#6771,1.);
#6771 = DIRECTION('',(0.,0.,1.));
#6772 = ORIENTED_EDGE('',*,*,#3389,.T.);
#6773 = ORIENTED_EDGE('',*,*,#6733,.F.);
#6774 = ORIENTED_EDGE('',*,*,#213,.F.);
#6775 = CYLINDRICAL_SURFACE('',#6776,1.99999850585);
#6776 = AXIS2_PLACEMENT_3D('',#6777,#6778,#6779);
#6777 = CARTESIAN_POINT('',(16.29293550585,-29.99578450585,0.));
#6778 = DIRECTION('',(0.,0.,-1.));
#6779 = DIRECTION('',(-1.,-7.470757385066E-07,-0.));
#6780 = ADVANCED_FACE('',(#6781),#6792,.T.);
#6781 = FACE_BOUND('',#6782,.T.);
#6782 = EDGE_LOOP('',(#6783,#6784,#6785,#6791));
#6783 = ORIENTED_EDGE('',*,*,#6752,.T.);
#6784 = ORIENTED_EDGE('',*,*,#3684,.T.);
#6785 = ORIENTED_EDGE('',*,*,#6786,.F.);
#6786 = EDGE_CURVE('',#500,#3676,#6787,.T.);
#6787 = LINE('',#6788,#6789);
#6788 = CARTESIAN_POINT('',(134.212937,-27.233786,0.));
#6789 = VECTOR('',#6790,1.);
#6790 = DIRECTION('',(0.,0.,1.));
#6791 = ORIENTED_EDGE('',*,*,#508,.F.);
#6792 = PLANE('',#6793);
#6793 = AXIS2_PLACEMENT_3D('',#6794,#6795,#6796);
#6794 = CARTESIAN_POINT('',(114.589005,-27.233786,0.));
#6795 = DIRECTION('',(0.,1.,0.));
#6796 = DIRECTION('',(1.,0.,0.));
#6797 = ADVANCED_FACE('',(#6798),#6809,.T.);
#6798 = FACE_BOUND('',#6799,.T.);
#6799 = EDGE_LOOP('',(#6800,#6806,#6807,#6808));
#6800 = ORIENTED_EDGE('',*,*,#6801,.T.);
#6801 = EDGE_CURVE('',#223,#3399,#6802,.T.);
#6802 = LINE('',#6803,#6804);
#6803 = CARTESIAN_POINT('',(14.292937,-86.955786,0.));
#6804 = VECTOR('',#6805,1.);
#6805 = DIRECTION('',(0.,0.,1.));
#6806 = ORIENTED_EDGE('',*,*,#3398,.T.);
#6807 = ORIENTED_EDGE('',*,*,#6767,.F.);
#6808 = ORIENTED_EDGE('',*,*,#222,.F.);
#6809 = PLANE('',#6810);
#6810 = AXIS2_PLACEMENT_3D('',#6811,#6812,#6813);
#6811 = CARTESIAN_POINT('',(14.292937,-86.955786,0.));
#6812 = DIRECTION('',(-1.,0.,0.));
#6813 = DIRECTION('',(0.,1.,0.));
#6814 = ADVANCED_FACE('',(#6815),#6826,.T.);
#6815 = FACE_BOUND('',#6816,.T.);
#6816 = EDGE_LOOP('',(#6817,#6818,#6819,#6825));
#6817 = ORIENTED_EDGE('',*,*,#6786,.T.);
#6818 = ORIENTED_EDGE('',*,*,#3675,.T.);
#6819 = ORIENTED_EDGE('',*,*,#6820,.F.);
#6820 = EDGE_CURVE('',#492,#3668,#6821,.T.);
#6821 = LINE('',#6822,#6823);
#6822 = CARTESIAN_POINT('',(136.212937,-29.233786,0.));
#6823 = VECTOR('',#6824,1.);
#6824 = DIRECTION('',(0.,0.,1.));
#6825 = ORIENTED_EDGE('',*,*,#499,.F.);
#6826 = CYLINDRICAL_SURFACE('',#6827,1.99999850585);
#6827 = AXIS2_PLACEMENT_3D('',#6828,#6829,#6830);
#6828 = CARTESIAN_POINT('',(134.21293849415,-29.23378450585,0.));
#6829 = DIRECTION('',(0.,0.,-1.));
#6830 = DIRECTION('',(-7.470757349539E-07,1.,0.));
#6831 = ADVANCED_FACE('',(#6832),#6843,.T.);
#6832 = FACE_BOUND('',#6833,.T.);
#6833 = EDGE_LOOP('',(#6834,#6840,#6841,#6842));
#6834 = ORIENTED_EDGE('',*,*,#6835,.T.);
#6835 = EDGE_CURVE('',#231,#3407,#6836,.T.);
#6836 = LINE('',#6837,#6838);
#6837 = CARTESIAN_POINT('',(16.292937,-88.955786,0.));
#6838 = VECTOR('',#6839,1.);
#6839 = DIRECTION('',(0.,0.,1.));
#6840 = ORIENTED_EDGE('',*,*,#3406,.T.);
#6841 = ORIENTED_EDGE('',*,*,#6801,.F.);
#6842 = ORIENTED_EDGE('',*,*,#230,.F.);
#6843 = CYLINDRICAL_SURFACE('',#6844,1.99999850585);
#6844 = AXIS2_PLACEMENT_3D('',#6845,#6846,#6847);
#6845 = CARTESIAN_POINT('',(16.29293550585,-86.95578749415,0.));
#6846 = DIRECTION('',(0.,0.,-1.));
#6847 = DIRECTION('',(7.470757420593E-07,-1.,0.));
#6848 = ADVANCED_FACE('',(#6849),#6860,.T.);
#6849 = FACE_BOUND('',#6850,.T.);
#6850 = EDGE_LOOP('',(#6851,#6852,#6853,#6859));
#6851 = ORIENTED_EDGE('',*,*,#6820,.T.);
#6852 = ORIENTED_EDGE('',*,*,#3667,.T.);
#6853 = ORIENTED_EDGE('',*,*,#6854,.F.);
#6854 = EDGE_CURVE('',#483,#3659,#6855,.T.);
#6855 = LINE('',#6856,#6857);
#6856 = CARTESIAN_POINT('',(136.212937,-86.387005,0.));
#6857 = VECTOR('',#6858,1.);
#6858 = DIRECTION('',(0.,0.,1.));
#6859 = ORIENTED_EDGE('',*,*,#491,.F.);
#6860 = PLANE('',#6861);
#6861 = AXIS2_PLACEMENT_3D('',#6862,#6863,#6864);
#6862 = CARTESIAN_POINT('',(136.212937,-29.233786,0.));
#6863 = DIRECTION('',(1.,0.,-0.));
#6864 = DIRECTION('',(0.,-1.,0.));
#6865 = ADVANCED_FACE('',(#6866),#6877,.T.);
#6866 = FACE_BOUND('',#6867,.T.);
#6867 = EDGE_LOOP('',(#6868,#6874,#6875,#6876));
#6868 = ORIENTED_EDGE('',*,*,#6869,.T.);
#6869 = EDGE_CURVE('',#240,#3416,#6870,.T.);
#6870 = LINE('',#6871,#6872);
#6871 = CARTESIAN_POINT('',(35.152937,-88.955786,0.));
#6872 = VECTOR('',#6873,1.);
#6873 = DIRECTION('',(0.,0.,1.));
#6874 = ORIENTED_EDGE('',*,*,#3415,.T.);
#6875 = ORIENTED_EDGE('',*,*,#6835,.F.);
#6876 = ORIENTED_EDGE('',*,*,#239,.F.);
#6877 = PLANE('',#6878);
#6878 = AXIS2_PLACEMENT_3D('',#6879,#6880,#6881);
#6879 = CARTESIAN_POINT('',(35.152937,-88.955786,0.));
#6880 = DIRECTION('',(0.,-1.,0.));
#6881 = DIRECTION('',(-1.,0.,0.));
#6882 = ADVANCED_FACE('',(#6883),#6894,.F.);
#6883 = FACE_BOUND('',#6884,.T.);
#6884 = EDGE_LOOP('',(#6885,#6886,#6887,#6893));
#6885 = ORIENTED_EDGE('',*,*,#6854,.T.);
#6886 = ORIENTED_EDGE('',*,*,#3658,.T.);
#6887 = ORIENTED_EDGE('',*,*,#6888,.F.);
#6888 = EDGE_CURVE('',#475,#3651,#6889,.T.);
#6889 = LINE('',#6890,#6891);
#6890 = CARTESIAN_POINT('',(137.560791,-88.277694,0.));
#6891 = VECTOR('',#6892,1.);
#6892 = DIRECTION('',(0.,0.,1.));
#6893 = ORIENTED_EDGE('',*,*,#482,.F.);
#6894 = CYLINDRICAL_SURFACE('',#6895,1.999970051434);
#6895 = AXIS2_PLACEMENT_3D('',#6896,#6897,#6898);
#6896 = CARTESIAN_POINT('',(138.21290705132,-86.38702616501,0.));
#6897 = DIRECTION('',(-0.,-0.,-1.));
#6898 = DIRECTION('',(-0.999999999944,1.058266684145E-05,0.));
#6899 = ADVANCED_FACE('',(#6900),#6911,.T.);
#6900 = FACE_BOUND('',#6901,.T.);
#6901 = EDGE_LOOP('',(#6902,#6908,#6909,#6910));
#6902 = ORIENTED_EDGE('',*,*,#6903,.T.);
#6903 = EDGE_CURVE('',#248,#3424,#6904,.T.);
#6904 = LINE('',#6905,#6906);
#6905 = CARTESIAN_POINT('',(37.152937,-86.955786,0.));
#6906 = VECTOR('',#6907,1.);
#6907 = DIRECTION('',(0.,0.,1.));
#6908 = ORIENTED_EDGE('',*,*,#3423,.T.);
#6909 = ORIENTED_EDGE('',*,*,#6869,.F.);
#6910 = ORIENTED_EDGE('',*,*,#247,.F.);
#6911 = CYLINDRICAL_SURFACE('',#6912,1.99999850585);
#6912 = AXIS2_PLACEMENT_3D('',#6913,#6914,#6915);
#6913 = CARTESIAN_POINT('',(35.15293849415,-86.95578749415,0.));
#6914 = DIRECTION('',(0.,0.,-1.));
#6915 = DIRECTION('',(1.,7.470757420593E-07,0.));
#6916 = ADVANCED_FACE('',(#6917),#6928,.T.);
#6917 = FACE_BOUND('',#6918,.T.);
#6918 = EDGE_LOOP('',(#6919,#6920,#6921,#6927));
#6919 = ORIENTED_EDGE('',*,*,#6888,.T.);
#6920 = ORIENTED_EDGE('',*,*,#3650,.T.);
#6921 = ORIENTED_EDGE('',*,*,#6922,.F.);
#6922 = EDGE_CURVE('',#466,#3642,#6923,.T.);
#6923 = LINE('',#6924,#6925);
#6924 = CARTESIAN_POINT('',(145.319224,-90.95377,0.));
#6925 = VECTOR('',#6926,1.);
#6926 = DIRECTION('',(0.,0.,1.));
#6927 = ORIENTED_EDGE('',*,*,#474,.F.);
#6928 = PLANE('',#6929);
#6929 = AXIS2_PLACEMENT_3D('',#6930,#6931,#6932);
#6930 = CARTESIAN_POINT('',(137.560791,-88.277694,0.));
#6931 = DIRECTION('',(0.326072821719,0.945344654048,-0.));
#6932 = DIRECTION('',(0.945344654048,-0.326072821719,0.));
#6933 = ADVANCED_FACE('',(#6934),#6945,.T.);
#6934 = FACE_BOUND('',#6935,.T.);
#6935 = EDGE_LOOP('',(#6936,#6942,#6943,#6944));
#6936 = ORIENTED_EDGE('',*,*,#6937,.T.);
#6937 = EDGE_CURVE('',#257,#3433,#6938,.T.);
#6938 = LINE('',#6939,#6940);
#6939 = CARTESIAN_POINT('',(37.152937,-83.335786,0.));
#6940 = VECTOR('',#6941,1.);
#6941 = DIRECTION('',(0.,0.,1.));
#6942 = ORIENTED_EDGE('',*,*,#3432,.T.);
#6943 = ORIENTED_EDGE('',*,*,#6903,.F.);
#6944 = ORIENTED_EDGE('',*,*,#256,.F.);
#6945 = PLANE('',#6946);
#6946 = AXIS2_PLACEMENT_3D('',#6947,#6948,#6949);
#6947 = CARTESIAN_POINT('',(37.152937,-83.335786,0.));
#6948 = DIRECTION('',(1.,0.,-0.));
#6949 = DIRECTION('',(0.,-1.,0.));
#6950 = ADVANCED_FACE('',(#6951),#6962,.T.);
#6951 = FACE_BOUND('',#6952,.T.);
#6952 = EDGE_LOOP('',(#6953,#6954,#6955,#6961));
#6953 = ORIENTED_EDGE('',*,*,#6922,.T.);
#6954 = ORIENTED_EDGE('',*,*,#3641,.T.);
#6955 = ORIENTED_EDGE('',*,*,#6956,.F.);
#6956 = EDGE_CURVE('',#458,#3634,#6957,.T.);
#6957 = LINE('',#6958,#6959);
#6958 = CARTESIAN_POINT('',(146.557546,-93.497245,0.));
#6959 = VECTOR('',#6960,1.);
#6960 = DIRECTION('',(0.,0.,1.));
#6961 = ORIENTED_EDGE('',*,*,#465,.F.);
#6962 = CYLINDRICAL_SURFACE('',#6963,2.000023280506);
#6963 = AXIS2_PLACEMENT_3D('',#6964,#6965,#6966);
#6964 = CARTESIAN_POINT('',(144.66704805768,-92.84447348358,0.));
#6965 = DIRECTION('',(0.,0.,-1.));
#6966 = DIRECTION('',(0.326084175458,0.945340737785,0.));
#6967 = ADVANCED_FACE('',(#6968),#6979,.F.);
#6968 = FACE_BOUND('',#6969,.T.);
#6969 = EDGE_LOOP('',(#6970,#6976,#6977,#6978));
#6970 = ORIENTED_EDGE('',*,*,#6971,.T.);
#6971 = EDGE_CURVE('',#265,#3441,#6972,.T.);
#6972 = LINE('',#6973,#6974);
#6973 = CARTESIAN_POINT('',(39.152937,-81.335786,0.));
#6974 = VECTOR('',#6975,1.);
#6975 = DIRECTION('',(0.,0.,1.));
#6976 = ORIENTED_EDGE('',*,*,#3440,.T.);
#6977 = ORIENTED_EDGE('',*,*,#6937,.F.);
#6978 = ORIENTED_EDGE('',*,*,#264,.F.);
#6979 = CYLINDRICAL_SURFACE('',#6980,1.99999850585);
#6980 = AXIS2_PLACEMENT_3D('',#6981,#6982,#6983);
#6981 = CARTESIAN_POINT('',(39.15293550585,-83.33578450585,0.));
#6982 = DIRECTION('',(-0.,-0.,-1.));
#6983 = DIRECTION('',(7.470757420593E-07,1.,-0.));
#6984 = ADVANCED_FACE('',(#6985),#6996,.T.);
#6985 = FACE_BOUND('',#6986,.T.);
#6986 = EDGE_LOOP('',(#6987,#6988,#6989,#6995));
#6987 = ORIENTED_EDGE('',*,*,#6956,.T.);
#6988 = ORIENTED_EDGE('',*,*,#3633,.T.);
#6989 = ORIENTED_EDGE('',*,*,#6990,.F.);
#6990 = EDGE_CURVE('',#449,#3625,#6991,.T.);
#6991 = LINE('',#6992,#6993);
#6992 = CARTESIAN_POINT('',(140.401993,-111.32372,0.));
#6993 = VECTOR('',#6994,1.);
#6994 = DIRECTION('',(0.,0.,1.));
#6995 = ORIENTED_EDGE('',*,*,#457,.F.);
#6996 = PLANE('',#6997);
#6997 = AXIS2_PLACEMENT_3D('',#6998,#6999,#7000);
#6998 = CARTESIAN_POINT('',(146.557546,-93.497245,0.));
#6999 = DIRECTION('',(0.945234116312,-0.326393114756,0.));
#7000 = DIRECTION('',(-0.326393114756,-0.945234116312,0.));
#7001 = ADVANCED_FACE('',(#7002),#7013,.T.);
#7002 = FACE_BOUND('',#7003,.T.);
#7003 = EDGE_LOOP('',(#7004,#7010,#7011,#7012));
#7004 = ORIENTED_EDGE('',*,*,#7005,.T.);
#7005 = EDGE_CURVE('',#274,#3450,#7006,.T.);
#7006 = LINE('',#7007,#7008);
#7007 = CARTESIAN_POINT('',(54.202937,-81.335786,0.));
#7008 = VECTOR('',#7009,1.);
#7009 = DIRECTION('',(0.,0.,1.));
#7010 = ORIENTED_EDGE('',*,*,#3449,.T.);
#7011 = ORIENTED_EDGE('',*,*,#6971,.F.);
#7012 = ORIENTED_EDGE('',*,*,#273,.F.);
#7013 = PLANE('',#7014);
#7014 = AXIS2_PLACEMENT_3D('',#7015,#7016,#7017);
#7015 = CARTESIAN_POINT('',(54.202937,-81.335786,0.));
#7016 = DIRECTION('',(0.,-1.,0.));
#7017 = DIRECTION('',(-1.,0.,0.));
#7018 = ADVANCED_FACE('',(#7019),#7030,.T.);
#7019 = FACE_BOUND('',#7020,.T.);
#7020 = EDGE_LOOP('',(#7021,#7022,#7023,#7029));
#7021 = ORIENTED_EDGE('',*,*,#6990,.T.);
#7022 = ORIENTED_EDGE('',*,*,#3624,.T.);
#7023 = ORIENTED_EDGE('',*,*,#7024,.F.);
#7024 = EDGE_CURVE('',#441,#3617,#7025,.T.);
#7025 = LINE('',#7026,#7027);
#7026 = CARTESIAN_POINT('',(137.858738,-112.561402,0.));
#7027 = VECTOR('',#7028,1.);
#7028 = DIRECTION('',(0.,0.,1.));
#7029 = ORIENTED_EDGE('',*,*,#448,.F.);
#7030 = CYLINDRICAL_SURFACE('',#7031,2.000081092776);
#7031 = AXIS2_PLACEMENT_3D('',#7032,#7033,#7034);
#7032 = CARTESIAN_POINT('',(138.51147452851,-110.6708308159,0.));
#7033 = DIRECTION('',(0.,0.,-1.));
#7034 = DIRECTION('',(0.945220910447,-0.32643135642,0.));
#7035 = ADVANCED_FACE('',(#7036),#7047,.T.);
#7036 = FACE_BOUND('',#7037,.T.);
#7037 = EDGE_LOOP('',(#7038,#7044,#7045,#7046));
#7038 = ORIENTED_EDGE('',*,*,#7039,.T.);
#7039 = EDGE_CURVE('',#282,#3458,#7040,.T.);
#7040 = LINE('',#7041,#7042);
#7041 = CARTESIAN_POINT('',(56.202937,-79.335786,0.));
#7042 = VECTOR('',#7043,1.);
#7043 = DIRECTION('',(0.,0.,1.));
#7044 = ORIENTED_EDGE('',*,*,#3457,.T.);
#7045 = ORIENTED_EDGE('',*,*,#7005,.F.);
#7046 = ORIENTED_EDGE('',*,*,#281,.F.);
#7047 = CYLINDRICAL_SURFACE('',#7048,1.99999850585);
#7048 = AXIS2_PLACEMENT_3D('',#7049,#7050,#7051);
#7049 = CARTESIAN_POINT('',(54.20293849415,-79.33578749415,0.));
#7050 = DIRECTION('',(0.,0.,-1.));
#7051 = DIRECTION('',(1.,7.470757420593E-07,0.));
#7052 = ADVANCED_FACE('',(#7053),#7064,.T.);
#7053 = FACE_BOUND('',#7054,.T.);
#7054 = EDGE_LOOP('',(#7055,#7056,#7057,#7063));
#7055 = ORIENTED_EDGE('',*,*,#7024,.T.);
#7056 = ORIENTED_EDGE('',*,*,#3616,.T.);
#7057 = ORIENTED_EDGE('',*,*,#7058,.F.);
#7058 = EDGE_CURVE('',#433,#3609,#7059,.T.);
#7059 = LINE('',#7060,#7061);
#7060 = CARTESIAN_POINT('',(121.825413,-107.02503,0.));
#7061 = VECTOR('',#7062,1.);
#7062 = DIRECTION('',(0.,0.,1.));
#7063 = ORIENTED_EDGE('',*,*,#440,.F.);
#7064 = PLANE('',#7065);
#7065 = AXIS2_PLACEMENT_3D('',#7066,#7067,#7068);
#7066 = CARTESIAN_POINT('',(137.858738,-112.561402,0.));
#7067 = DIRECTION('',(-0.326393159802,-0.945234100757,0.));
#7068 = DIRECTION('',(-0.945234100757,0.326393159802,0.));
#7069 = ADVANCED_FACE('',(#7070),#7081,.T.);
#7070 = FACE_BOUND('',#7071,.T.);
#7071 = EDGE_LOOP('',(#7072,#7078,#7079,#7080));
#7072 = ORIENTED_EDGE('',*,*,#7073,.T.);
#7073 = EDGE_CURVE('',#291,#3467,#7074,.T.);
#7074 = LINE('',#7075,#7076);
#7075 = CARTESIAN_POINT('',(56.202937,-78.001786,0.));
#7076 = VECTOR('',#7077,1.);
#7077 = DIRECTION('',(0.,0.,1.));
#7078 = ORIENTED_EDGE('',*,*,#3466,.T.);
#7079 = ORIENTED_EDGE('',*,*,#7039,.F.);
#7080 = ORIENTED_EDGE('',*,*,#290,.F.);
#7081 = PLANE('',#7082);
#7082 = AXIS2_PLACEMENT_3D('',#7083,#7084,#7085);
#7083 = CARTESIAN_POINT('',(56.202937,-78.001786,0.));
#7084 = DIRECTION('',(1.,0.,-0.));
#7085 = DIRECTION('',(0.,-1.,0.));
#7086 = ADVANCED_FACE('',(#7087),#7098,.T.);
#7087 = FACE_BOUND('',#7088,.T.);
#7088 = EDGE_LOOP('',(#7089,#7090,#7091,#7097));
#7089 = ORIENTED_EDGE('',*,*,#7058,.T.);
#7090 = ORIENTED_EDGE('',*,*,#3608,.T.);
#7091 = ORIENTED_EDGE('',*,*,#7092,.F.);
#7092 = EDGE_CURVE('',#425,#3601,#7093,.T.);
#7093 = LINE('',#7094,#7095);
#7094 = CARTESIAN_POINT('',(121.657391,-106.975136,0.));
#7095 = VECTOR('',#7096,1.);
#7096 = DIRECTION('',(0.,0.,1.));
#7097 = ORIENTED_EDGE('',*,*,#432,.F.);
#7098 = PLANE('',#7099);
#7099 = AXIS2_PLACEMENT_3D('',#7100,#7101,#7102);
#7100 = CARTESIAN_POINT('',(121.825413,-107.02503,0.));
#7101 = DIRECTION('',(-0.284663664607,-0.958627455299,0.));
#7102 = DIRECTION('',(-0.958627455299,0.284663664607,0.));
#7103 = ADVANCED_FACE('',(#7104),#7115,.F.);
#7104 = FACE_BOUND('',#7105,.T.);
#7105 = EDGE_LOOP('',(#7106,#7112,#7113,#7114));
#7106 = ORIENTED_EDGE('',*,*,#7107,.T.);
#7107 = EDGE_CURVE('',#299,#3475,#7108,.T.);
#7108 = LINE('',#7109,#7110);
#7109 = CARTESIAN_POINT('',(58.202937,-76.001786,0.));
#7110 = VECTOR('',#7111,1.);
#7111 = DIRECTION('',(0.,0.,1.));
#7112 = ORIENTED_EDGE('',*,*,#3474,.T.);
#7113 = ORIENTED_EDGE('',*,*,#7073,.F.);
#7114 = ORIENTED_EDGE('',*,*,#298,.F.);
#7115 = CYLINDRICAL_SURFACE('',#7116,1.99999850585);
#7116 = AXIS2_PLACEMENT_3D('',#7117,#7118,#7119);
#7117 = CARTESIAN_POINT('',(58.20293550585,-78.00178450585,0.));
#7118 = DIRECTION('',(-0.,-0.,-1.));
#7119 = DIRECTION('',(7.470757420593E-07,1.,-0.));
#7120 = ADVANCED_FACE('',(#7121),#7132,.T.);
#7121 = FACE_BOUND('',#7122,.T.);
#7122 = EDGE_LOOP('',(#7123,#7124,#7125,#7131));
#7123 = ORIENTED_EDGE('',*,*,#7092,.T.);
#7124 = ORIENTED_EDGE('',*,*,#3600,.T.);
#7125 = ORIENTED_EDGE('',*,*,#7126,.F.);
#7126 = EDGE_CURVE('',#417,#3593,#7127,.T.);
#7127 = LINE('',#7128,#7129);
#7128 = CARTESIAN_POINT('',(118.441782,-106.171776,0.));
#7129 = VECTOR('',#7130,1.);
#7130 = DIRECTION('',(0.,0.,1.));
#7131 = ORIENTED_EDGE('',*,*,#424,.F.);
#7132 = PLANE('',#7133);
#7133 = AXIS2_PLACEMENT_3D('',#7134,#7135,#7136);
#7134 = CARTESIAN_POINT('',(121.657391,-106.975136,0.));
#7135 = DIRECTION('',(-0.24238164346,-0.970180982556,0.));
#7136 = DIRECTION('',(-0.970180982556,0.24238164346,0.));
#7137 = ADVANCED_FACE('',(#7138),#7149,.T.);
#7138 = FACE_BOUND('',#7139,.T.);
#7139 = EDGE_LOOP('',(#7140,#7146,#7147,#7148));
#7140 = ORIENTED_EDGE('',*,*,#7141,.T.);
#7141 = EDGE_CURVE('',#308,#3484,#7142,.T.);
#7142 = LINE('',#7143,#7144);
#7143 = CARTESIAN_POINT('',(69.442937,-76.001786,0.));
#7144 = VECTOR('',#7145,1.);
#7145 = DIRECTION('',(0.,0.,1.));
#7146 = ORIENTED_EDGE('',*,*,#3483,.T.);
#7147 = ORIENTED_EDGE('',*,*,#7107,.F.);
#7148 = ORIENTED_EDGE('',*,*,#307,.F.);
#7149 = PLANE('',#7150);
#7150 = AXIS2_PLACEMENT_3D('',#7151,#7152,#7153);
#7151 = CARTESIAN_POINT('',(69.442937,-76.001786,0.));
#7152 = DIRECTION('',(0.,-1.,0.));
#7153 = DIRECTION('',(-1.,0.,0.));
#7154 = ADVANCED_FACE('',(#7155),#7166,.T.);
#7155 = FACE_BOUND('',#7156,.T.);
#7156 = EDGE_LOOP('',(#7157,#7158,#7159,#7165));
#7157 = ORIENTED_EDGE('',*,*,#7126,.T.);
#7158 = ORIENTED_EDGE('',*,*,#3592,.T.);
#7159 = ORIENTED_EDGE('',*,*,#7160,.F.);
#7160 = EDGE_CURVE('',#409,#3585,#7161,.T.);
#7161 = LINE('',#7162,#7163);
#7162 = CARTESIAN_POINT('',(118.287974,-106.139711,0.));
#7163 = VECTOR('',#7164,1.);
#7164 = DIRECTION('',(0.,0.,1.));
#7165 = ORIENTED_EDGE('',*,*,#416,.F.);
#7166 = PLANE('',#7167);
#7167 = AXIS2_PLACEMENT_3D('',#7168,#7169,#7170);
#7168 = CARTESIAN_POINT('',(118.441782,-106.171776,0.));
#7169 = DIRECTION('',(-0.204086419236,-0.978952876028,0.));
#7170 = DIRECTION('',(-0.978952876028,0.204086419236,0.));
#7171 = ADVANCED_FACE('',(#7172),#7183,.F.);
#7172 = FACE_BOUND('',#7173,.T.);
#7173 = EDGE_LOOP('',(#7174,#7180,#7181,#7182));
#7174 = ORIENTED_EDGE('',*,*,#7175,.T.);
#7175 = EDGE_CURVE('',#316,#3492,#7176,.T.);
#7176 = LINE('',#7177,#7178);
#7177 = CARTESIAN_POINT('',(71.442937,-78.001786,0.));
#7178 = VECTOR('',#7179,1.);
#7179 = DIRECTION('',(0.,0.,1.));
#7180 = ORIENTED_EDGE('',*,*,#3491,.T.);
#7181 = ORIENTED_EDGE('',*,*,#7141,.F.);
#7182 = ORIENTED_EDGE('',*,*,#315,.F.);
#7183 = CYLINDRICAL_SURFACE('',#7184,1.99999850585);
#7184 = AXIS2_PLACEMENT_3D('',#7185,#7186,#7187);
#7185 = CARTESIAN_POINT('',(69.44293849415,-78.00178450585,0.));
#7186 = DIRECTION('',(-0.,-0.,-1.));
#7187 = DIRECTION('',(1.,-7.470757420593E-07,0.));
#7188 = ADVANCED_FACE('',(#7189),#7200,.T.);
#7189 = FACE_BOUND('',#7190,.T.);
#7190 = EDGE_LOOP('',(#7191,#7192,#7193,#7199));
#7191 = ORIENTED_EDGE('',*,*,#7160,.T.);
#7192 = ORIENTED_EDGE('',*,*,#3584,.T.);
#7193 = ORIENTED_EDGE('',*,*,#7194,.F.);
#7194 = EDGE_CURVE('',#400,#3576,#7195,.T.);
#7195 = LINE('',#7196,#7197);
#7196 = CARTESIAN_POINT('',(103.441158,-103.648546,0.));
#7197 = VECTOR('',#7198,1.);
#7198 = DIRECTION('',(0.,0.,1.));
#7199 = ORIENTED_EDGE('',*,*,#408,.F.);
#7200 = PLANE('',#7201);
#7201 = AXIS2_PLACEMENT_3D('',#7202,#7203,#7204);
#7202 = CARTESIAN_POINT('',(118.287974,-106.139711,0.));
#7203 = DIRECTION('',(-0.165477940394,-0.986213491716,0.));
#7204 = DIRECTION('',(-0.986213491716,0.165477940394,0.));
#7205 = ADVANCED_FACE('',(#7206),#7217,.T.);
#7206 = FACE_BOUND('',#7207,.T.);
#7207 = EDGE_LOOP('',(#7208,#7214,#7215,#7216));
#7208 = ORIENTED_EDGE('',*,*,#7209,.T.);
#7209 = EDGE_CURVE('',#325,#3501,#7210,.T.);
#7210 = LINE('',#7211,#7212);
#7211 = CARTESIAN_POINT('',(71.442937,-80.288286,0.));
#7212 = VECTOR('',#7213,1.);
#7213 = DIRECTION('',(0.,0.,1.));
#7214 = ORIENTED_EDGE('',*,*,#3500,.T.);
#7215 = ORIENTED_EDGE('',*,*,#7175,.F.);
#7216 = ORIENTED_EDGE('',*,*,#324,.F.);
#7217 = PLANE('',#7218);
#7218 = AXIS2_PLACEMENT_3D('',#7219,#7220,#7221);
#7219 = CARTESIAN_POINT('',(71.442937,-80.288286,0.));
#7220 = DIRECTION('',(-1.,0.,0.));
#7221 = DIRECTION('',(0.,1.,0.));
#7222 = ADVANCED_FACE('',(#7223),#7234,.F.);
#7223 = FACE_BOUND('',#7224,.T.);
#7224 = EDGE_LOOP('',(#7225,#7226,#7227,#7233));
#7225 = ORIENTED_EDGE('',*,*,#7194,.T.);
#7226 = ORIENTED_EDGE('',*,*,#3575,.T.);
#7227 = ORIENTED_EDGE('',*,*,#7228,.F.);
#7228 = EDGE_CURVE('',#392,#3568,#7229,.T.);
#7229 = LINE('',#7230,#7231);
#7230 = CARTESIAN_POINT('',(103.228782,-103.624491,0.));
#7231 = VECTOR('',#7232,1.);
#7232 = DIRECTION('',(0.,0.,1.));
#7233 = ORIENTED_EDGE('',*,*,#399,.F.);
#7234 = CYLINDRICAL_SURFACE('',#7235,2.001104765011);
#7235 = AXIS2_PLACEMENT_3D('',#7236,#7237,#7238);
#7236 = CARTESIAN_POINT('',(103.11007414237,-105.622071718,0.));
#7237 = DIRECTION('',(-0.,-0.,-1.));
#7238 = DIRECTION('',(0.165450536833,0.986218089401,-0.));
#7239 = ADVANCED_FACE('',(#7240),#7251,.T.);
#7240 = FACE_BOUND('',#7241,.T.);
#7241 = EDGE_LOOP('',(#7242,#7248,#7249,#7250));
#7242 = ORIENTED_EDGE('',*,*,#7243,.T.);
#7243 = EDGE_CURVE('',#333,#3509,#7244,.T.);
#7244 = LINE('',#7245,#7246);
#7245 = CARTESIAN_POINT('',(73.442937,-82.288286,0.));
#7246 = VECTOR('',#7247,1.);
#7247 = DIRECTION('',(0.,0.,1.));
#7248 = ORIENTED_EDGE('',*,*,#3508,.T.);
#7249 = ORIENTED_EDGE('',*,*,#7209,.F.);
#7250 = ORIENTED_EDGE('',*,*,#332,.F.);
#7251 = CYLINDRICAL_SURFACE('',#7252,1.99999850585);
#7252 = AXIS2_PLACEMENT_3D('',#7253,#7254,#7255);
#7253 = CARTESIAN_POINT('',(73.44293550585,-80.28828749415,0.));
#7254 = DIRECTION('',(0.,0.,-1.));
#7255 = DIRECTION('',(7.470757491648E-07,-1.,0.));
#7256 = ADVANCED_FACE('',(#7257),#7268,.T.);
#7257 = FACE_BOUND('',#7258,.T.);
#7258 = EDGE_LOOP('',(#7259,#7260,#7261,#7267));
#7259 = ORIENTED_EDGE('',*,*,#7228,.T.);
#7260 = ORIENTED_EDGE('',*,*,#3567,.T.);
#7261 = ORIENTED_EDGE('',*,*,#7262,.F.);
#7262 = EDGE_CURVE('',#384,#3560,#7263,.T.);
#7263 = LINE('',#7264,#7265);
#7264 = CARTESIAN_POINT('',(100.077175,-103.437304,0.));
#7265 = VECTOR('',#7266,1.);
#7266 = DIRECTION('',(0.,0.,1.));
#7267 = ORIENTED_EDGE('',*,*,#391,.F.);
#7268 = PLANE('',#7269);
#7269 = AXIS2_PLACEMENT_3D('',#7270,#7271,#7272);
#7270 = CARTESIAN_POINT('',(103.228782,-103.624491,0.));
#7271 = DIRECTION('',(-5.928965906114E-02,-0.998240820808,0.));
#7272 = DIRECTION('',(-0.998240820808,5.928965906114E-02,0.));
#7273 = ADVANCED_FACE('',(#7274),#7285,.T.);
#7274 = FACE_BOUND('',#7275,.T.);
#7275 = EDGE_LOOP('',(#7276,#7282,#7283,#7284));
#7276 = ORIENTED_EDGE('',*,*,#7277,.T.);
#7277 = EDGE_CURVE('',#342,#3518,#7278,.T.);
#7278 = LINE('',#7279,#7280);
#7279 = CARTESIAN_POINT('',(78.967937,-82.288286,0.));
#7280 = VECTOR('',#7281,1.);
#7281 = DIRECTION('',(0.,0.,1.));
#7282 = ORIENTED_EDGE('',*,*,#3517,.T.);
#7283 = ORIENTED_EDGE('',*,*,#7243,.F.);
#7284 = ORIENTED_EDGE('',*,*,#341,.F.);
#7285 = PLANE('',#7286);
#7286 = AXIS2_PLACEMENT_3D('',#7287,#7288,#7289);
#7287 = CARTESIAN_POINT('',(78.967937,-82.288286,0.));
#7288 = DIRECTION('',(0.,-1.,0.));
#7289 = DIRECTION('',(-1.,0.,0.));
#7290 = ADVANCED_FACE('',(#7291),#7302,.T.);
#7291 = FACE_BOUND('',#7292,.T.);
#7292 = EDGE_LOOP('',(#7293,#7294,#7295,#7301));
#7293 = ORIENTED_EDGE('',*,*,#7262,.T.);
#7294 = ORIENTED_EDGE('',*,*,#3559,.T.);
#7295 = ORIENTED_EDGE('',*,*,#7296,.F.);
#7296 = EDGE_CURVE('',#376,#3552,#7297,.T.);
#7297 = LINE('',#7298,#7299);
#7298 = CARTESIAN_POINT('',(99.958596,-103.433786,0.));
#7299 = VECTOR('',#7300,1.);
#7300 = DIRECTION('',(0.,0.,1.));
#7301 = ORIENTED_EDGE('',*,*,#383,.F.);
#7302 = PLANE('',#7303);
#7303 = AXIS2_PLACEMENT_3D('',#7304,#7305,#7306);
#7304 = CARTESIAN_POINT('',(100.077175,-103.437304,0.));
#7305 = DIRECTION('',(-2.965493694729E-02,-0.999560195643,0.));
#7306 = DIRECTION('',(-0.999560195643,2.965493694729E-02,0.));
#7307 = ADVANCED_FACE('',(#7308),#7319,.F.);
#7308 = FACE_BOUND('',#7309,.T.);
#7309 = EDGE_LOOP('',(#7310,#7316,#7317,#7318));
#7310 = ORIENTED_EDGE('',*,*,#7311,.T.);
#7311 = EDGE_CURVE('',#350,#3526,#7312,.T.);
#7312 = LINE('',#7313,#7314);
#7313 = CARTESIAN_POINT('',(80.967937,-84.288286,0.));
#7314 = VECTOR('',#7315,1.);
#7315 = DIRECTION('',(0.,0.,1.));
#7316 = ORIENTED_EDGE('',*,*,#3525,.T.);
#7317 = ORIENTED_EDGE('',*,*,#7277,.F.);
#7318 = ORIENTED_EDGE('',*,*,#349,.F.);
#7319 = CYLINDRICAL_SURFACE('',#7320,1.99999850585);
#7320 = AXIS2_PLACEMENT_3D('',#7321,#7322,#7323);
#7321 = CARTESIAN_POINT('',(78.96793849415,-84.28828450585,0.));
#7322 = DIRECTION('',(-0.,-0.,-1.));
#7323 = DIRECTION('',(1.,-7.470757349539E-07,0.));
#7324 = ADVANCED_FACE('',(#7325),#7336,.T.);
#7325 = FACE_BOUND('',#7326,.T.);
#7326 = EDGE_LOOP('',(#7327,#7328,#7329,#7335));
#7327 = ORIENTED_EDGE('',*,*,#7296,.T.);
#7328 = ORIENTED_EDGE('',*,*,#3551,.T.);
#7329 = ORIENTED_EDGE('',*,*,#7330,.F.);
#7330 = EDGE_CURVE('',#367,#3543,#7331,.T.);
#7331 = LINE('',#7332,#7333);
#7332 = CARTESIAN_POINT('',(82.967937,-103.433786,0.));
#7333 = VECTOR('',#7334,1.);
#7334 = DIRECTION('',(0.,0.,1.));
#7335 = ORIENTED_EDGE('',*,*,#375,.F.);
#7336 = PLANE('',#7337);
#7337 = AXIS2_PLACEMENT_3D('',#7338,#7339,#7340);
#7338 = CARTESIAN_POINT('',(99.958596,-103.433786,0.));
#7339 = DIRECTION('',(0.,-1.,0.));
#7340 = DIRECTION('',(-1.,0.,0.));
#7341 = ADVANCED_FACE('',(#7342),#7353,.T.);
#7342 = FACE_BOUND('',#7343,.T.);
#7343 = EDGE_LOOP('',(#7344,#7350,#7351,#7352));
#7344 = ORIENTED_EDGE('',*,*,#7345,.T.);
#7345 = EDGE_CURVE('',#359,#3535,#7346,.T.);
#7346 = LINE('',#7347,#7348);
#7347 = CARTESIAN_POINT('',(80.967937,-101.433786,0.));
#7348 = VECTOR('',#7349,1.);
#7349 = DIRECTION('',(0.,0.,1.));
#7350 = ORIENTED_EDGE('',*,*,#3534,.T.);
#7351 = ORIENTED_EDGE('',*,*,#7311,.F.);
#7352 = ORIENTED_EDGE('',*,*,#358,.F.);
#7353 = PLANE('',#7354);
#7354 = AXIS2_PLACEMENT_3D('',#7355,#7356,#7357);
#7355 = CARTESIAN_POINT('',(80.967937,-101.433786,0.));
#7356 = DIRECTION('',(-1.,0.,0.));
#7357 = DIRECTION('',(0.,1.,0.));
#7358 = ADVANCED_FACE('',(#7359),#7365,.T.);
#7359 = FACE_BOUND('',#7360,.T.);
#7360 = EDGE_LOOP('',(#7361,#7362,#7363,#7364));
#7361 = ORIENTED_EDGE('',*,*,#7330,.T.);
#7362 = ORIENTED_EDGE('',*,*,#3542,.T.);
#7363 = ORIENTED_EDGE('',*,*,#7345,.F.);
#7364 = ORIENTED_EDGE('',*,*,#366,.F.);
#7365 = CYLINDRICAL_SURFACE('',#7366,1.99999850585);
#7366 = AXIS2_PLACEMENT_3D('',#7367,#7368,#7369);
#7367 = CARTESIAN_POINT('',(82.96793550585,-101.4337874941,0.));
#7368 = DIRECTION('',(0.,0.,-1.));
#7369 = DIRECTION('',(7.470757491648E-07,-1.,0.));
#7370 = ADVANCED_FACE('',(#7371),#7382,.F.);
#7371 = FACE_BOUND('',#7372,.T.);
#7372 = EDGE_LOOP('',(#7373,#7374,#7380,#7381));
#7373 = ORIENTED_EDGE('',*,*,#585,.T.);
#7374 = ORIENTED_EDGE('',*,*,#7375,.T.);
#7375 = EDGE_CURVE('',#586,#3762,#7376,.T.);
#7376 = LINE('',#7377,#7378);
#7377 = CARTESIAN_POINT('',(18.222937,-82.675786,-4.5E-02));
#7378 = VECTOR('',#7379,1.);
#7379 = DIRECTION('',(0.,0.,1.));
#7380 = ORIENTED_EDGE('',*,*,#3761,.F.);
#7381 = ORIENTED_EDGE('',*,*,#7375,.F.);
#7382 = CYLINDRICAL_SURFACE('',#7383,0.15);
#7383 = AXIS2_PLACEMENT_3D('',#7384,#7385,#7386);
#7384 = CARTESIAN_POINT('',(18.222937,-82.525786,-4.5E-02));
#7385 = DIRECTION('',(-0.,-0.,-1.));
#7386 = DIRECTION('',(-0.,-1.,0.));
#7387 = ADVANCED_FACE('',(#7388),#7399,.F.);
#7388 = FACE_BOUND('',#7389,.T.);
#7389 = EDGE_LOOP('',(#7390,#7391,#7397,#7398));
#7390 = ORIENTED_EDGE('',*,*,#596,.T.);
#7391 = ORIENTED_EDGE('',*,*,#7392,.T.);
#7392 = EDGE_CURVE('',#597,#3773,#7393,.T.);
#7393 = LINE('',#7394,#7395);
#7394 = CARTESIAN_POINT('',(20.722937,-83.475786,-4.5E-02));
#7395 = VECTOR('',#7396,1.);
#7396 = DIRECTION('',(0.,0.,1.));
#7397 = ORIENTED_EDGE('',*,*,#3772,.F.);
#7398 = ORIENTED_EDGE('',*,*,#7392,.F.);
#7399 = CYLINDRICAL_SURFACE('',#7400,0.8);
#7400 = AXIS2_PLACEMENT_3D('',#7401,#7402,#7403);
#7401 = CARTESIAN_POINT('',(20.722937,-82.675786,-4.5E-02));
#7402 = DIRECTION('',(-0.,-0.,-1.));
#7403 = DIRECTION('',(-0.,-1.,0.));
#7404 = ADVANCED_FACE('',(#7405),#7416,.F.);
#7405 = FACE_BOUND('',#7406,.T.);
#7406 = EDGE_LOOP('',(#7407,#7408,#7414,#7415));
#7407 = ORIENTED_EDGE('',*,*,#607,.T.);
#7408 = ORIENTED_EDGE('',*,*,#7409,.T.);
#7409 = EDGE_CURVE('',#608,#3784,#7410,.T.);
#7410 = LINE('',#7411,#7412);
#7411 = CARTESIAN_POINT('',(18.222937,-79.875786,-4.5E-02));
#7412 = VECTOR('',#7413,1.);
#7413 = DIRECTION('',(0.,0.,1.));
#7414 = ORIENTED_EDGE('',*,*,#3783,.F.);
#7415 = ORIENTED_EDGE('',*,*,#7409,.F.);
#7416 = CYLINDRICAL_SURFACE('',#7417,0.15);
#7417 = AXIS2_PLACEMENT_3D('',#7418,#7419,#7420);
#7418 = CARTESIAN_POINT('',(18.222937,-79.725786,-4.5E-02));
#7419 = DIRECTION('',(-0.,-0.,-1.));
#7420 = DIRECTION('',(-0.,-1.,0.));
#7421 = ADVANCED_FACE('',(#7422),#7433,.F.);
#7422 = FACE_BOUND('',#7423,.T.);
#7423 = EDGE_LOOP('',(#7424,#7425,#7431,#7432));
#7424 = ORIENTED_EDGE('',*,*,#618,.T.);
#7425 = ORIENTED_EDGE('',*,*,#7426,.T.);
#7426 = EDGE_CURVE('',#619,#3795,#7427,.T.);
#7427 = LINE('',#7428,#7429);
#7428 = CARTESIAN_POINT('',(30.722937,-83.475786,-4.5E-02));
#7429 = VECTOR('',#7430,1.);
#7430 = DIRECTION('',(0.,0.,1.));
#7431 = ORIENTED_EDGE('',*,*,#3794,.F.);
#7432 = ORIENTED_EDGE('',*,*,#7426,.F.);
#7433 = CYLINDRICAL_SURFACE('',#7434,0.8);
#7434 = AXIS2_PLACEMENT_3D('',#7435,#7436,#7437);
#7435 = CARTESIAN_POINT('',(30.722937,-82.675786,-4.5E-02));
#7436 = DIRECTION('',(-0.,-0.,-1.));
#7437 = DIRECTION('',(-0.,-1.,0.));
#7438 = ADVANCED_FACE('',(#7439),#7450,.F.);
#7439 = FACE_BOUND('',#7440,.T.);
#7440 = EDGE_LOOP('',(#7441,#7442,#7448,#7449));
#7441 = ORIENTED_EDGE('',*,*,#629,.T.);
#7442 = ORIENTED_EDGE('',*,*,#7443,.T.);
#7443 = EDGE_CURVE('',#630,#3806,#7444,.T.);
#7444 = LINE('',#7445,#7446);
#7445 = CARTESIAN_POINT('',(20.222937,-78.475786,-4.5E-02));
#7446 = VECTOR('',#7447,1.);
#7447 = DIRECTION('',(0.,0.,1.));
#7448 = ORIENTED_EDGE('',*,*,#3805,.F.);
#7449 = ORIENTED_EDGE('',*,*,#7443,.F.);
#7450 = CYLINDRICAL_SURFACE('',#7451,0.95);
#7451 = AXIS2_PLACEMENT_3D('',#7452,#7453,#7454);
#7452 = CARTESIAN_POINT('',(20.222937,-77.525786,-4.5E-02));
#7453 = DIRECTION('',(-0.,-0.,-1.));
#7454 = DIRECTION('',(-0.,-1.,0.));
#7455 = ADVANCED_FACE('',(#7456),#7467,.F.);
#7456 = FACE_BOUND('',#7457,.T.);
#7457 = EDGE_LOOP('',(#7458,#7459,#7465,#7466));
#7458 = ORIENTED_EDGE('',*,*,#640,.T.);
#7459 = ORIENTED_EDGE('',*,*,#7460,.T.);
#7460 = EDGE_CURVE('',#641,#3817,#7461,.T.);
#7461 = LINE('',#7462,#7463);
#7462 = CARTESIAN_POINT('',(20.722937,-75.275786,-4.5E-02));
#7463 = VECTOR('',#7464,1.);
#7464 = DIRECTION('',(0.,0.,1.));
#7465 = ORIENTED_EDGE('',*,*,#3816,.F.);
#7466 = ORIENTED_EDGE('',*,*,#7460,.F.);
#7467 = CYLINDRICAL_SURFACE('',#7468,1.5);
#7468 = AXIS2_PLACEMENT_3D('',#7469,#7470,#7471);
#7469 = CARTESIAN_POINT('',(20.722937,-73.775786,-4.5E-02));
#7470 = DIRECTION('',(-0.,-0.,-1.));
#7471 = DIRECTION('',(-0.,-1.,0.));
#7472 = ADVANCED_FACE('',(#7473),#7484,.F.);
#7473 = FACE_BOUND('',#7474,.T.);
#7474 = EDGE_LOOP('',(#7475,#7476,#7482,#7483));
#7475 = ORIENTED_EDGE('',*,*,#651,.T.);
#7476 = ORIENTED_EDGE('',*,*,#7477,.T.);
#7477 = EDGE_CURVE('',#652,#3828,#7478,.T.);
#7478 = LINE('',#7479,#7480);
#7479 = CARTESIAN_POINT('',(25.722937,-80.025786,-4.5E-02));
#7480 = VECTOR('',#7481,1.);
#7481 = DIRECTION('',(0.,0.,1.));
#7482 = ORIENTED_EDGE('',*,*,#3827,.F.);
#7483 = ORIENTED_EDGE('',*,*,#7477,.F.);
#7484 = CYLINDRICAL_SURFACE('',#7485,2.5);
#7485 = AXIS2_PLACEMENT_3D('',#7486,#7487,#7488);
#7486 = CARTESIAN_POINT('',(25.722937,-77.525786,-4.5E-02));
#7487 = DIRECTION('',(-0.,-0.,-1.));
#7488 = DIRECTION('',(-0.,-1.,0.));
#7489 = ADVANCED_FACE('',(#7490),#7501,.F.);
#7490 = FACE_BOUND('',#7491,.T.);
#7491 = EDGE_LOOP('',(#7492,#7493,#7499,#7500));
#7492 = ORIENTED_EDGE('',*,*,#662,.T.);
#7493 = ORIENTED_EDGE('',*,*,#7494,.T.);
#7494 = EDGE_CURVE('',#663,#3839,#7495,.T.);
#7495 = LINE('',#7496,#7497);
#7496 = CARTESIAN_POINT('',(31.222937,-78.475786,-4.5E-02));
#7497 = VECTOR('',#7498,1.);
#7498 = DIRECTION('',(0.,0.,1.));
#7499 = ORIENTED_EDGE('',*,*,#3838,.F.);
#7500 = ORIENTED_EDGE('',*,*,#7494,.F.);
#7501 = CYLINDRICAL_SURFACE('',#7502,0.95);
#7502 = AXIS2_PLACEMENT_3D('',#7503,#7504,#7505);
#7503 = CARTESIAN_POINT('',(31.222937,-77.525786,-4.5E-02));
#7504 = DIRECTION('',(-0.,0.,-1.));
#7505 = DIRECTION('',(3.739698609264E-15,-1.,-0.));
#7506 = ADVANCED_FACE('',(#7507),#7518,.F.);
#7507 = FACE_BOUND('',#7508,.T.);
#7508 = EDGE_LOOP('',(#7509,#7510,#7516,#7517));
#7509 = ORIENTED_EDGE('',*,*,#673,.T.);
#7510 = ORIENTED_EDGE('',*,*,#7511,.T.);
#7511 = EDGE_CURVE('',#674,#3850,#7512,.T.);
#7512 = LINE('',#7513,#7514);
#7513 = CARTESIAN_POINT('',(30.722937,-75.275786,-4.5E-02));
#7514 = VECTOR('',#7515,1.);
#7515 = DIRECTION('',(0.,0.,1.));
#7516 = ORIENTED_EDGE('',*,*,#3849,.F.);
#7517 = ORIENTED_EDGE('',*,*,#7511,.F.);
#7518 = CYLINDRICAL_SURFACE('',#7519,1.5);
#7519 = AXIS2_PLACEMENT_3D('',#7520,#7521,#7522);
#7520 = CARTESIAN_POINT('',(30.722937,-73.775786,-4.5E-02));
#7521 = DIRECTION('',(-0.,-0.,-1.));
#7522 = DIRECTION('',(-0.,-1.,0.));
#7523 = ADVANCED_FACE('',(#7524),#7535,.F.);
#7524 = FACE_BOUND('',#7525,.T.);
#7525 = EDGE_LOOP('',(#7526,#7527,#7533,#7534));
#7526 = ORIENTED_EDGE('',*,*,#684,.T.);
#7527 = ORIENTED_EDGE('',*,*,#7528,.T.);
#7528 = EDGE_CURVE('',#685,#3861,#7529,.T.);
#7529 = LINE('',#7530,#7531);
#7530 = CARTESIAN_POINT('',(37.272937,-75.055786,-4.5E-02));
#7531 = VECTOR('',#7532,1.);
#7532 = DIRECTION('',(0.,0.,1.));
#7533 = ORIENTED_EDGE('',*,*,#3860,.F.);
#7534 = ORIENTED_EDGE('',*,*,#7528,.F.);
#7535 = CYLINDRICAL_SURFACE('',#7536,0.15);
#7536 = AXIS2_PLACEMENT_3D('',#7537,#7538,#7539);
#7537 = CARTESIAN_POINT('',(37.272937,-74.905786,-4.5E-02));
#7538 = DIRECTION('',(-0.,-0.,-1.));
#7539 = DIRECTION('',(-0.,-1.,0.));
#7540 = ADVANCED_FACE('',(#7541),#7552,.F.);
#7541 = FACE_BOUND('',#7542,.T.);
#7542 = EDGE_LOOP('',(#7543,#7544,#7550,#7551));
#7543 = ORIENTED_EDGE('',*,*,#695,.T.);
#7544 = ORIENTED_EDGE('',*,*,#7545,.T.);
#7545 = EDGE_CURVE('',#696,#3872,#7546,.T.);
#7546 = LINE('',#7547,#7548);
#7547 = CARTESIAN_POINT('',(39.772937,-75.855786,-4.5E-02));
#7548 = VECTOR('',#7549,1.);
#7549 = DIRECTION('',(0.,0.,1.));
#7550 = ORIENTED_EDGE('',*,*,#3871,.F.);
#7551 = ORIENTED_EDGE('',*,*,#7545,.F.);
#7552 = CYLINDRICAL_SURFACE('',#7553,0.8);
#7553 = AXIS2_PLACEMENT_3D('',#7554,#7555,#7556);
#7554 = CARTESIAN_POINT('',(39.772937,-75.055786,-4.5E-02));
#7555 = DIRECTION('',(-0.,-0.,-1.));
#7556 = DIRECTION('',(-0.,-1.,0.));
#7557 = ADVANCED_FACE('',(#7558),#7569,.F.);
#7558 = FACE_BOUND('',#7559,.T.);
#7559 = EDGE_LOOP('',(#7560,#7561,#7567,#7568));
#7560 = ORIENTED_EDGE('',*,*,#706,.T.);
#7561 = ORIENTED_EDGE('',*,*,#7562,.T.);
#7562 = EDGE_CURVE('',#707,#3883,#7563,.T.);
#7563 = LINE('',#7564,#7565);
#7564 = CARTESIAN_POINT('',(25.722937,-73.075786,-4.5E-02));
#7565 = VECTOR('',#7566,1.);
#7566 = DIRECTION('',(0.,0.,1.));
#7567 = ORIENTED_EDGE('',*,*,#3882,.F.);
#7568 = ORIENTED_EDGE('',*,*,#7562,.F.);
#7569 = CYLINDRICAL_SURFACE('',#7570,1.5);
#7570 = AXIS2_PLACEMENT_3D('',#7571,#7572,#7573);
#7571 = CARTESIAN_POINT('',(25.722937,-71.575786,-4.5E-02));
#7572 = DIRECTION('',(-0.,-0.,-1.));
#7573 = DIRECTION('',(-0.,-1.,0.));
#7574 = ADVANCED_FACE('',(#7575),#7586,.F.);
#7575 = FACE_BOUND('',#7576,.T.);
#7576 = EDGE_LOOP('',(#7577,#7578,#7584,#7585));
#7577 = ORIENTED_EDGE('',*,*,#717,.T.);
#7578 = ORIENTED_EDGE('',*,*,#7579,.T.);
#7579 = EDGE_CURVE('',#718,#3894,#7580,.T.);
#7580 = LINE('',#7581,#7582);
#7581 = CARTESIAN_POINT('',(18.222937,-63.625786,-4.5E-02));
#7582 = VECTOR('',#7583,1.);
#7583 = DIRECTION('',(0.,0.,1.));
#7584 = ORIENTED_EDGE('',*,*,#3893,.F.);
#7585 = ORIENTED_EDGE('',*,*,#7579,.F.);
#7586 = CYLINDRICAL_SURFACE('',#7587,0.15);
#7587 = AXIS2_PLACEMENT_3D('',#7588,#7589,#7590);
#7588 = CARTESIAN_POINT('',(18.222937,-63.475786,-4.5E-02));
#7589 = DIRECTION('',(-0.,-0.,-1.));
#7590 = DIRECTION('',(-0.,-1.,0.));
#7591 = ADVANCED_FACE('',(#7592),#7603,.F.);
#7592 = FACE_BOUND('',#7593,.T.);
#7593 = EDGE_LOOP('',(#7594,#7595,#7601,#7602));
#7594 = ORIENTED_EDGE('',*,*,#728,.T.);
#7595 = ORIENTED_EDGE('',*,*,#7596,.T.);
#7596 = EDGE_CURVE('',#729,#3905,#7597,.T.);
#7597 = LINE('',#7598,#7599);
#7598 = CARTESIAN_POINT('',(20.722937,-64.425786,-4.5E-02));
#7599 = VECTOR('',#7600,1.);
#7600 = DIRECTION('',(0.,0.,1.));
#7601 = ORIENTED_EDGE('',*,*,#3904,.F.);
#7602 = ORIENTED_EDGE('',*,*,#7596,.F.);
#7603 = CYLINDRICAL_SURFACE('',#7604,0.8);
#7604 = AXIS2_PLACEMENT_3D('',#7605,#7606,#7607);
#7605 = CARTESIAN_POINT('',(20.722937,-63.625786,-4.5E-02));
#7606 = DIRECTION('',(-0.,-0.,-1.));
#7607 = DIRECTION('',(-0.,-1.,0.));
#7608 = ADVANCED_FACE('',(#7609),#7620,.F.);
#7609 = FACE_BOUND('',#7610,.T.);
#7610 = EDGE_LOOP('',(#7611,#7612,#7618,#7619));
#7611 = ORIENTED_EDGE('',*,*,#739,.T.);
#7612 = ORIENTED_EDGE('',*,*,#7613,.T.);
#7613 = EDGE_CURVE('',#740,#3916,#7614,.T.);
#7614 = LINE('',#7615,#7616);
#7615 = CARTESIAN_POINT('',(30.722937,-64.425786,-4.5E-02));
#7616 = VECTOR('',#7617,1.);
#7617 = DIRECTION('',(0.,0.,1.));
#7618 = ORIENTED_EDGE('',*,*,#3915,.F.);
#7619 = ORIENTED_EDGE('',*,*,#7613,.F.);
#7620 = CYLINDRICAL_SURFACE('',#7621,0.8);
#7621 = AXIS2_PLACEMENT_3D('',#7622,#7623,#7624);
#7622 = CARTESIAN_POINT('',(30.722937,-63.625786,-4.5E-02));
#7623 = DIRECTION('',(-0.,-0.,-1.));
#7624 = DIRECTION('',(-0.,-1.,0.));
#7625 = ADVANCED_FACE('',(#7626),#7637,.F.);
#7626 = FACE_BOUND('',#7627,.T.);
#7627 = EDGE_LOOP('',(#7628,#7629,#7635,#7636));
#7628 = ORIENTED_EDGE('',*,*,#750,.T.);
#7629 = ORIENTED_EDGE('',*,*,#7630,.T.);
#7630 = EDGE_CURVE('',#751,#3927,#7631,.T.);
#7631 = LINE('',#7632,#7633);
#7632 = CARTESIAN_POINT('',(37.272937,-72.255786,-4.5E-02));
#7633 = VECTOR('',#7634,1.);
#7634 = DIRECTION('',(0.,0.,1.));
#7635 = ORIENTED_EDGE('',*,*,#3926,.F.);
#7636 = ORIENTED_EDGE('',*,*,#7630,.F.);
#7637 = CYLINDRICAL_SURFACE('',#7638,0.15);
#7638 = AXIS2_PLACEMENT_3D('',#7639,#7640,#7641);
#7639 = CARTESIAN_POINT('',(37.272937,-72.105786,-4.5E-02));
#7640 = DIRECTION('',(-0.,-0.,-1.));
#7641 = DIRECTION('',(-0.,-1.,0.));
#7642 = ADVANCED_FACE('',(#7643),#7654,.F.);
#7643 = FACE_BOUND('',#7644,.T.);
#7644 = EDGE_LOOP('',(#7645,#7646,#7652,#7653));
#7645 = ORIENTED_EDGE('',*,*,#761,.T.);
#7646 = ORIENTED_EDGE('',*,*,#7647,.T.);
#7647 = EDGE_CURVE('',#762,#3938,#7648,.T.);
#7648 = LINE('',#7649,#7650);
#7649 = CARTESIAN_POINT('',(39.272937,-70.855786,-4.5E-02));
#7650 = VECTOR('',#7651,1.);
#7651 = DIRECTION('',(0.,0.,1.));
#7652 = ORIENTED_EDGE('',*,*,#3937,.F.);
#7653 = ORIENTED_EDGE('',*,*,#7647,.F.);
#7654 = CYLINDRICAL_SURFACE('',#7655,0.95);
#7655 = AXIS2_PLACEMENT_3D('',#7656,#7657,#7658);
#7656 = CARTESIAN_POINT('',(39.272937,-69.905786,-4.5E-02));
#7657 = DIRECTION('',(-0.,-0.,-1.));
#7658 = DIRECTION('',(-0.,-1.,0.));
#7659 = ADVANCED_FACE('',(#7660),#7671,.F.);
#7660 = FACE_BOUND('',#7661,.T.);
#7661 = EDGE_LOOP('',(#7662,#7663,#7669,#7670));
#7662 = ORIENTED_EDGE('',*,*,#772,.T.);
#7663 = ORIENTED_EDGE('',*,*,#7664,.T.);
#7664 = EDGE_CURVE('',#773,#3949,#7665,.T.);
#7665 = LINE('',#7666,#7667);
#7666 = CARTESIAN_POINT('',(44.772937,-72.405786,-4.5E-02));
#7667 = VECTOR('',#7668,1.);
#7668 = DIRECTION('',(0.,0.,1.));
#7669 = ORIENTED_EDGE('',*,*,#3948,.F.);
#7670 = ORIENTED_EDGE('',*,*,#7664,.F.);
#7671 = CYLINDRICAL_SURFACE('',#7672,2.5);
#7672 = AXIS2_PLACEMENT_3D('',#7673,#7674,#7675);
#7673 = CARTESIAN_POINT('',(44.772937,-69.905786,-4.5E-02));
#7674 = DIRECTION('',(-0.,-0.,-1.));
#7675 = DIRECTION('',(-0.,-1.,0.));
#7676 = ADVANCED_FACE('',(#7677),#7688,.F.);
#7677 = FACE_BOUND('',#7678,.T.);
#7678 = EDGE_LOOP('',(#7679,#7680,#7686,#7687));
#7679 = ORIENTED_EDGE('',*,*,#783,.T.);
#7680 = ORIENTED_EDGE('',*,*,#7681,.T.);
#7681 = EDGE_CURVE('',#784,#3960,#7682,.T.);
#7682 = LINE('',#7683,#7684);
#7683 = CARTESIAN_POINT('',(39.772937,-67.655786,-4.5E-02));
#7684 = VECTOR('',#7685,1.);
#7685 = DIRECTION('',(0.,0.,1.));
#7686 = ORIENTED_EDGE('',*,*,#3959,.F.);
#7687 = ORIENTED_EDGE('',*,*,#7681,.F.);
#7688 = CYLINDRICAL_SURFACE('',#7689,1.5);
#7689 = AXIS2_PLACEMENT_3D('',#7690,#7691,#7692);
#7690 = CARTESIAN_POINT('',(39.772937,-66.155786,-4.5E-02));
#7691 = DIRECTION('',(-0.,-0.,-1.));
#7692 = DIRECTION('',(-0.,-1.,0.));
#7693 = ADVANCED_FACE('',(#7694),#7705,.F.);
#7694 = FACE_BOUND('',#7695,.T.);
#7695 = EDGE_LOOP('',(#7696,#7697,#7703,#7704));
#7696 = ORIENTED_EDGE('',*,*,#794,.T.);
#7697 = ORIENTED_EDGE('',*,*,#7698,.T.);
#7698 = EDGE_CURVE('',#795,#3971,#7699,.T.);
#7699 = LINE('',#7700,#7701);
#7700 = CARTESIAN_POINT('',(44.772937,-65.455786,-4.5E-02));
#7701 = VECTOR('',#7702,1.);
#7702 = DIRECTION('',(0.,0.,1.));
#7703 = ORIENTED_EDGE('',*,*,#3970,.F.);
#7704 = ORIENTED_EDGE('',*,*,#7698,.F.);
#7705 = CYLINDRICAL_SURFACE('',#7706,1.5);
#7706 = AXIS2_PLACEMENT_3D('',#7707,#7708,#7709);
#7707 = CARTESIAN_POINT('',(44.772937,-63.955786,-4.5E-02));
#7708 = DIRECTION('',(-0.,-0.,-1.));
#7709 = DIRECTION('',(-0.,-1.,0.));
#7710 = ADVANCED_FACE('',(#7711),#7722,.F.);
#7711 = FACE_BOUND('',#7712,.T.);
#7712 = EDGE_LOOP('',(#7713,#7714,#7720,#7721));
#7713 = ORIENTED_EDGE('',*,*,#805,.T.);
#7714 = ORIENTED_EDGE('',*,*,#7715,.T.);
#7715 = EDGE_CURVE('',#806,#3982,#7716,.T.);
#7716 = LINE('',#7717,#7718);
#7717 = CARTESIAN_POINT('',(49.772937,-75.855786,-4.5E-02));
#7718 = VECTOR('',#7719,1.);
#7719 = DIRECTION('',(0.,0.,1.));
#7720 = ORIENTED_EDGE('',*,*,#3981,.F.);
#7721 = ORIENTED_EDGE('',*,*,#7715,.F.);
#7722 = CYLINDRICAL_SURFACE('',#7723,0.8);
#7723 = AXIS2_PLACEMENT_3D('',#7724,#7725,#7726);
#7724 = CARTESIAN_POINT('',(49.772937,-75.055786,-4.5E-02));
#7725 = DIRECTION('',(-0.,-0.,-1.));
#7726 = DIRECTION('',(-0.,-1.,0.));
#7727 = ADVANCED_FACE('',(#7728),#7739,.F.);
#7728 = FACE_BOUND('',#7729,.T.);
#7729 = EDGE_LOOP('',(#7730,#7731,#7737,#7738));
#7730 = ORIENTED_EDGE('',*,*,#816,.T.);
#7731 = ORIENTED_EDGE('',*,*,#7732,.T.);
#7732 = EDGE_CURVE('',#817,#3993,#7733,.T.);
#7733 = LINE('',#7734,#7735);
#7734 = CARTESIAN_POINT('',(75.372937,-76.008286,-4.5E-02));
#7735 = VECTOR('',#7736,1.);
#7736 = DIRECTION('',(0.,0.,1.));
#7737 = ORIENTED_EDGE('',*,*,#3992,.F.);
#7738 = ORIENTED_EDGE('',*,*,#7732,.F.);
#7739 = CYLINDRICAL_SURFACE('',#7740,0.15);
#7740 = AXIS2_PLACEMENT_3D('',#7741,#7742,#7743);
#7741 = CARTESIAN_POINT('',(75.372937,-75.858286,-4.5E-02));
#7742 = DIRECTION('',(-0.,-0.,-1.));
#7743 = DIRECTION('',(-9.473903143469E-14,-1.,0.));
#7744 = ADVANCED_FACE('',(#7745),#7756,.F.);
#7745 = FACE_BOUND('',#7746,.T.);
#7746 = EDGE_LOOP('',(#7747,#7748,#7754,#7755));
#7747 = ORIENTED_EDGE('',*,*,#827,.T.);
#7748 = ORIENTED_EDGE('',*,*,#7749,.T.);
#7749 = EDGE_CURVE('',#828,#4004,#7750,.T.);
#7750 = LINE('',#7751,#7752);
#7751 = CARTESIAN_POINT('',(77.872937,-76.808286,-4.5E-02));
#7752 = VECTOR('',#7753,1.);
#7753 = DIRECTION('',(0.,0.,1.));
#7754 = ORIENTED_EDGE('',*,*,#4003,.F.);
#7755 = ORIENTED_EDGE('',*,*,#7749,.F.);
#7756 = CYLINDRICAL_SURFACE('',#7757,0.8);
#7757 = AXIS2_PLACEMENT_3D('',#7758,#7759,#7760);
#7758 = CARTESIAN_POINT('',(77.872937,-76.008286,-4.5E-02));
#7759 = DIRECTION('',(-0.,-0.,-1.));
#7760 = DIRECTION('',(-1.7763568394E-14,-1.,0.));
#7761 = ADVANCED_FACE('',(#7762),#7773,.F.);
#7762 = FACE_BOUND('',#7763,.T.);
#7763 = EDGE_LOOP('',(#7764,#7765,#7771,#7772));
#7764 = ORIENTED_EDGE('',*,*,#838,.T.);
#7765 = ORIENTED_EDGE('',*,*,#7766,.T.);
#7766 = EDGE_CURVE('',#839,#4015,#7767,.T.);
#7767 = LINE('',#7768,#7769);
#7768 = CARTESIAN_POINT('',(50.272937,-70.855786,-4.5E-02));
#7769 = VECTOR('',#7770,1.);
#7770 = DIRECTION('',(0.,0.,1.));
#7771 = ORIENTED_EDGE('',*,*,#4014,.F.);
#7772 = ORIENTED_EDGE('',*,*,#7766,.F.);
#7773 = CYLINDRICAL_SURFACE('',#7774,0.95);
#7774 = AXIS2_PLACEMENT_3D('',#7775,#7776,#7777);
#7775 = CARTESIAN_POINT('',(50.272937,-69.905786,-4.5E-02));
#7776 = DIRECTION('',(-0.,-0.,-1.));
#7777 = DIRECTION('',(-0.,-1.,0.));
#7778 = ADVANCED_FACE('',(#7779),#7790,.F.);
#7779 = FACE_BOUND('',#7780,.T.);
#7780 = EDGE_LOOP('',(#7781,#7782,#7788,#7789));
#7781 = ORIENTED_EDGE('',*,*,#849,.T.);
#7782 = ORIENTED_EDGE('',*,*,#7783,.T.);
#7783 = EDGE_CURVE('',#850,#4026,#7784,.T.);
#7784 = LINE('',#7785,#7786);
#7785 = CARTESIAN_POINT('',(56.322937,-69.721786,-4.5E-02));
#7786 = VECTOR('',#7787,1.);
#7787 = DIRECTION('',(0.,0.,1.));
#7788 = ORIENTED_EDGE('',*,*,#4025,.F.);
#7789 = ORIENTED_EDGE('',*,*,#7783,.F.);
#7790 = CYLINDRICAL_SURFACE('',#7791,0.15);
#7791 = AXIS2_PLACEMENT_3D('',#7792,#7793,#7794);
#7792 = CARTESIAN_POINT('',(56.322937,-69.571786,-4.5E-02));
#7793 = DIRECTION('',(-0.,0.,-1.));
#7794 = DIRECTION('',(4.736951571734E-14,-1.,-0.));
#7795 = ADVANCED_FACE('',(#7796),#7807,.F.);
#7796 = FACE_BOUND('',#7797,.T.);
#7797 = EDGE_LOOP('',(#7798,#7799,#7805,#7806));
#7798 = ORIENTED_EDGE('',*,*,#860,.T.);
#7799 = ORIENTED_EDGE('',*,*,#7800,.T.);
#7800 = EDGE_CURVE('',#861,#4037,#7801,.T.);
#7801 = LINE('',#7802,#7803);
#7802 = CARTESIAN_POINT('',(58.822937,-70.521786,-4.5E-02));
#7803 = VECTOR('',#7804,1.);
#7804 = DIRECTION('',(0.,0.,1.));
#7805 = ORIENTED_EDGE('',*,*,#4036,.F.);
#7806 = ORIENTED_EDGE('',*,*,#7800,.F.);
#7807 = CYLINDRICAL_SURFACE('',#7808,0.8);
#7808 = AXIS2_PLACEMENT_3D('',#7809,#7810,#7811);
#7809 = CARTESIAN_POINT('',(58.822937,-69.721786,-4.5E-02));
#7810 = DIRECTION('',(-0.,0.,-1.));
#7811 = DIRECTION('',(8.881784197001E-15,-1.,-0.));
#7812 = ADVANCED_FACE('',(#7813),#7824,.F.);
#7813 = FACE_BOUND('',#7814,.T.);
#7814 = EDGE_LOOP('',(#7815,#7816,#7822,#7823));
#7815 = ORIENTED_EDGE('',*,*,#871,.T.);
#7816 = ORIENTED_EDGE('',*,*,#7817,.T.);
#7817 = EDGE_CURVE('',#872,#4048,#7818,.T.);
#7818 = LINE('',#7819,#7820);
#7819 = CARTESIAN_POINT('',(49.772937,-67.655786,-4.5E-02));
#7820 = VECTOR('',#7821,1.);
#7821 = DIRECTION('',(0.,0.,1.));
#7822 = ORIENTED_EDGE('',*,*,#4047,.F.);
#7823 = ORIENTED_EDGE('',*,*,#7817,.F.);
#7824 = CYLINDRICAL_SURFACE('',#7825,1.5);
#7825 = AXIS2_PLACEMENT_3D('',#7826,#7827,#7828);
#7826 = CARTESIAN_POINT('',(49.772937,-66.155786,-4.5E-02));
#7827 = DIRECTION('',(-0.,-0.,-1.));
#7828 = DIRECTION('',(-0.,-1.,0.));
#7829 = ADVANCED_FACE('',(#7830),#7841,.F.);
#7830 = FACE_BOUND('',#7831,.T.);
#7831 = EDGE_LOOP('',(#7832,#7833,#7839,#7840));
#7832 = ORIENTED_EDGE('',*,*,#882,.T.);
#7833 = ORIENTED_EDGE('',*,*,#7834,.T.);
#7834 = EDGE_CURVE('',#883,#4059,#7835,.T.);
#7835 = LINE('',#7836,#7837);
#7836 = CARTESIAN_POINT('',(56.322937,-66.921786,-4.5E-02));
#7837 = VECTOR('',#7838,1.);
#7838 = DIRECTION('',(0.,0.,1.));
#7839 = ORIENTED_EDGE('',*,*,#4058,.F.);
#7840 = ORIENTED_EDGE('',*,*,#7834,.F.);
#7841 = CYLINDRICAL_SURFACE('',#7842,0.15);
#7842 = AXIS2_PLACEMENT_3D('',#7843,#7844,#7845);
#7843 = CARTESIAN_POINT('',(56.322937,-66.771786,-4.5E-02));
#7844 = DIRECTION('',(-0.,0.,-1.));
#7845 = DIRECTION('',(4.736951571734E-14,-1.,-0.));
#7846 = ADVANCED_FACE('',(#7847),#7858,.F.);
#7847 = FACE_BOUND('',#7848,.T.);
#7848 = EDGE_LOOP('',(#7849,#7850,#7856,#7857));
#7849 = ORIENTED_EDGE('',*,*,#893,.T.);
#7850 = ORIENTED_EDGE('',*,*,#7851,.T.);
#7851 = EDGE_CURVE('',#894,#4070,#7852,.T.);
#7852 = LINE('',#7853,#7854);
#7853 = CARTESIAN_POINT('',(58.322937,-65.521786,-4.5E-02));
#7854 = VECTOR('',#7855,1.);
#7855 = DIRECTION('',(0.,0.,1.));
#7856 = ORIENTED_EDGE('',*,*,#4069,.F.);
#7857 = ORIENTED_EDGE('',*,*,#7851,.F.);
#7858 = CYLINDRICAL_SURFACE('',#7859,0.95);
#7859 = AXIS2_PLACEMENT_3D('',#7860,#7861,#7862);
#7860 = CARTESIAN_POINT('',(58.322937,-64.571786,-4.5E-02));
#7861 = DIRECTION('',(-0.,0.,-1.));
#7862 = DIRECTION('',(7.479397218527E-15,-1.,-0.));
#7863 = ADVANCED_FACE('',(#7864),#7875,.F.);
#7864 = FACE_BOUND('',#7865,.T.);
#7865 = EDGE_LOOP('',(#7866,#7867,#7873,#7874));
#7866 = ORIENTED_EDGE('',*,*,#904,.T.);
#7867 = ORIENTED_EDGE('',*,*,#7868,.T.);
#7868 = EDGE_CURVE('',#905,#4081,#7869,.T.);
#7869 = LINE('',#7870,#7871);
#7870 = CARTESIAN_POINT('',(63.822937,-67.071786,-4.5E-02));
#7871 = VECTOR('',#7872,1.);
#7872 = DIRECTION('',(0.,0.,1.));
#7873 = ORIENTED_EDGE('',*,*,#4080,.F.);
#7874 = ORIENTED_EDGE('',*,*,#7868,.F.);
#7875 = CYLINDRICAL_SURFACE('',#7876,2.5);
#7876 = AXIS2_PLACEMENT_3D('',#7877,#7878,#7879);
#7877 = CARTESIAN_POINT('',(63.822937,-64.571786,-4.5E-02));
#7878 = DIRECTION('',(-0.,0.,-1.));
#7879 = DIRECTION('',(2.84217094304E-15,-1.,-0.));
#7880 = ADVANCED_FACE('',(#7881),#7892,.F.);
#7881 = FACE_BOUND('',#7882,.T.);
#7882 = EDGE_LOOP('',(#7883,#7884,#7890,#7891));
#7883 = ORIENTED_EDGE('',*,*,#915,.T.);
#7884 = ORIENTED_EDGE('',*,*,#7885,.T.);
#7885 = EDGE_CURVE('',#916,#4092,#7886,.T.);
#7886 = LINE('',#7887,#7888);
#7887 = CARTESIAN_POINT('',(68.822937,-70.521786,-4.5E-02));
#7888 = VECTOR('',#7889,1.);
#7889 = DIRECTION('',(0.,0.,1.));
#7890 = ORIENTED_EDGE('',*,*,#4091,.F.);
#7891 = ORIENTED_EDGE('',*,*,#7885,.F.);
#7892 = CYLINDRICAL_SURFACE('',#7893,0.8);
#7893 = AXIS2_PLACEMENT_3D('',#7894,#7895,#7896);
#7894 = CARTESIAN_POINT('',(68.822937,-69.721786,-4.5E-02));
#7895 = DIRECTION('',(-0.,-0.,-1.));
#7896 = DIRECTION('',(-0.,-1.,0.));
#7897 = ADVANCED_FACE('',(#7898),#7909,.F.);
#7898 = FACE_BOUND('',#7899,.T.);
#7899 = EDGE_LOOP('',(#7900,#7901,#7907,#7908));
#7900 = ORIENTED_EDGE('',*,*,#926,.T.);
#7901 = ORIENTED_EDGE('',*,*,#7902,.T.);
#7902 = EDGE_CURVE('',#927,#4103,#7903,.T.);
#7903 = LINE('',#7904,#7905);
#7904 = CARTESIAN_POINT('',(75.372937,-73.208286,-4.5E-02));
#7905 = VECTOR('',#7906,1.);
#7906 = DIRECTION('',(0.,0.,1.));
#7907 = ORIENTED_EDGE('',*,*,#4102,.F.);
#7908 = ORIENTED_EDGE('',*,*,#7902,.F.);
#7909 = CYLINDRICAL_SURFACE('',#7910,0.15);
#7910 = AXIS2_PLACEMENT_3D('',#7911,#7912,#7913);
#7911 = CARTESIAN_POINT('',(75.372937,-73.058286,-4.5E-02));
#7912 = DIRECTION('',(-0.,-0.,-1.));
#7913 = DIRECTION('',(-9.473903143469E-14,-1.,0.));
#7914 = ADVANCED_FACE('',(#7915),#7926,.F.);
#7915 = FACE_BOUND('',#7916,.T.);
#7916 = EDGE_LOOP('',(#7917,#7918,#7924,#7925));
#7917 = ORIENTED_EDGE('',*,*,#937,.T.);
#7918 = ORIENTED_EDGE('',*,*,#7919,.T.);
#7919 = EDGE_CURVE('',#938,#4114,#7920,.T.);
#7920 = LINE('',#7921,#7922);
#7921 = CARTESIAN_POINT('',(77.372937,-71.808286,-4.5E-02));
#7922 = VECTOR('',#7923,1.);
#7923 = DIRECTION('',(0.,0.,1.));
#7924 = ORIENTED_EDGE('',*,*,#4113,.F.);
#7925 = ORIENTED_EDGE('',*,*,#7919,.F.);
#7926 = CYLINDRICAL_SURFACE('',#7927,0.95);
#7927 = AXIS2_PLACEMENT_3D('',#7928,#7929,#7930);
#7928 = CARTESIAN_POINT('',(77.372937,-70.858286,-4.5E-02));
#7929 = DIRECTION('',(-0.,-0.,-1.));
#7930 = DIRECTION('',(-1.495879443705E-14,-1.,0.));
#7931 = ADVANCED_FACE('',(#7932),#7943,.F.);
#7932 = FACE_BOUND('',#7933,.T.);
#7933 = EDGE_LOOP('',(#7934,#7935,#7941,#7942));
#7934 = ORIENTED_EDGE('',*,*,#948,.T.);
#7935 = ORIENTED_EDGE('',*,*,#7936,.T.);
#7936 = EDGE_CURVE('',#949,#4125,#7937,.T.);
#7937 = LINE('',#7938,#7939);
#7938 = CARTESIAN_POINT('',(69.322937,-65.521786,-4.5E-02));
#7939 = VECTOR('',#7940,1.);
#7940 = DIRECTION('',(0.,0.,1.));
#7941 = ORIENTED_EDGE('',*,*,#4124,.F.);
#7942 = ORIENTED_EDGE('',*,*,#7936,.F.);
#7943 = CYLINDRICAL_SURFACE('',#7944,0.95);
#7944 = AXIS2_PLACEMENT_3D('',#7945,#7946,#7947);
#7945 = CARTESIAN_POINT('',(69.322937,-64.571786,-4.5E-02));
#7946 = DIRECTION('',(-0.,-0.,-1.));
#7947 = DIRECTION('',(-0.,-1.,0.));
#7948 = ADVANCED_FACE('',(#7949),#7960,.F.);
#7949 = FACE_BOUND('',#7950,.T.);
#7950 = EDGE_LOOP('',(#7951,#7952,#7958,#7959));
#7951 = ORIENTED_EDGE('',*,*,#959,.T.);
#7952 = ORIENTED_EDGE('',*,*,#7953,.T.);
#7953 = EDGE_CURVE('',#960,#4136,#7954,.T.);
#7954 = LINE('',#7955,#7956);
#7955 = CARTESIAN_POINT('',(77.872937,-68.608286,-4.5E-02));
#7956 = VECTOR('',#7957,1.);
#7957 = DIRECTION('',(0.,0.,1.));
#7958 = ORIENTED_EDGE('',*,*,#4135,.F.);
#7959 = ORIENTED_EDGE('',*,*,#7953,.F.);
#7960 = CYLINDRICAL_SURFACE('',#7961,1.5);
#7961 = AXIS2_PLACEMENT_3D('',#7962,#7963,#7964);
#7962 = CARTESIAN_POINT('',(77.872937,-67.108286,-4.5E-02));
#7963 = DIRECTION('',(-0.,-0.,-1.));
#7964 = DIRECTION('',(-0.,-1.,0.));
#7965 = ADVANCED_FACE('',(#7966),#7977,.F.);
#7966 = FACE_BOUND('',#7967,.T.);
#7967 = EDGE_LOOP('',(#7968,#7969,#7975,#7976));
#7968 = ORIENTED_EDGE('',*,*,#970,.T.);
#7969 = ORIENTED_EDGE('',*,*,#7970,.T.);
#7970 = EDGE_CURVE('',#971,#4147,#7971,.T.);
#7971 = LINE('',#7972,#7973);
#7972 = CARTESIAN_POINT('',(84.897937,-97.153786,-4.5E-02));
#7973 = VECTOR('',#7974,1.);
#7974 = DIRECTION('',(0.,0.,1.));
#7975 = ORIENTED_EDGE('',*,*,#4146,.F.);
#7976 = ORIENTED_EDGE('',*,*,#7970,.F.);
#7977 = CYLINDRICAL_SURFACE('',#7978,0.15);
#7978 = AXIS2_PLACEMENT_3D('',#7979,#7980,#7981);
#7979 = CARTESIAN_POINT('',(84.897937,-97.003786,-4.5E-02));
#7980 = DIRECTION('',(-0.,-0.,-1.));
#7981 = DIRECTION('',(-0.,-1.,0.));
#7982 = ADVANCED_FACE('',(#7983),#7994,.F.);
#7983 = FACE_BOUND('',#7984,.T.);
#7984 = EDGE_LOOP('',(#7985,#7986,#7992,#7993));
#7985 = ORIENTED_EDGE('',*,*,#981,.T.);
#7986 = ORIENTED_EDGE('',*,*,#7987,.T.);
#7987 = EDGE_CURVE('',#982,#4158,#7988,.T.);
#7988 = LINE('',#7989,#7990);
#7989 = CARTESIAN_POINT('',(87.397937,-97.953786,-4.5E-02));
#7990 = VECTOR('',#7991,1.);
#7991 = DIRECTION('',(0.,0.,1.));
#7992 = ORIENTED_EDGE('',*,*,#4157,.F.);
#7993 = ORIENTED_EDGE('',*,*,#7987,.F.);
#7994 = CYLINDRICAL_SURFACE('',#7995,0.8);
#7995 = AXIS2_PLACEMENT_3D('',#7996,#7997,#7998);
#7996 = CARTESIAN_POINT('',(87.397937,-97.153786,-4.5E-02));
#7997 = DIRECTION('',(-0.,-0.,-1.));
#7998 = DIRECTION('',(-0.,-1.,0.));
#7999 = ADVANCED_FACE('',(#8000),#8011,.F.);
#8000 = FACE_BOUND('',#8001,.T.);
#8001 = EDGE_LOOP('',(#8002,#8003,#8009,#8010));
#8002 = ORIENTED_EDGE('',*,*,#992,.T.);
#8003 = ORIENTED_EDGE('',*,*,#8004,.T.);
#8004 = EDGE_CURVE('',#993,#4169,#8005,.T.);
#8005 = LINE('',#8006,#8007);
#8006 = CARTESIAN_POINT('',(97.397937,-97.953786,-4.5E-02));
#8007 = VECTOR('',#8008,1.);
#8008 = DIRECTION('',(0.,0.,1.));
#8009 = ORIENTED_EDGE('',*,*,#4168,.F.);
#8010 = ORIENTED_EDGE('',*,*,#8004,.F.);
#8011 = CYLINDRICAL_SURFACE('',#8012,0.8);
#8012 = AXIS2_PLACEMENT_3D('',#8013,#8014,#8015);
#8013 = CARTESIAN_POINT('',(97.397937,-97.153786,-4.5E-02));
#8014 = DIRECTION('',(-0.,-0.,-1.));
#8015 = DIRECTION('',(-0.,-1.,0.));
#8016 = ADVANCED_FACE('',(#8017),#8028,.F.);
#8017 = FACE_BOUND('',#8018,.T.);
#8018 = EDGE_LOOP('',(#8019,#8020,#8026,#8027));
#8019 = ORIENTED_EDGE('',*,*,#1003,.T.);
#8020 = ORIENTED_EDGE('',*,*,#8021,.T.);
#8021 = EDGE_CURVE('',#1004,#4180,#8022,.T.);
#8022 = LINE('',#8023,#8024);
#8023 = CARTESIAN_POINT('',(106.958695,-98.670968,-4.5E-02));
#8024 = VECTOR('',#8025,1.);
#8025 = DIRECTION('',(0.,0.,1.));
#8026 = ORIENTED_EDGE('',*,*,#4179,.F.);
#8027 = ORIENTED_EDGE('',*,*,#8021,.F.);
#8028 = CYLINDRICAL_SURFACE('',#8029,0.8);
#8029 = AXIS2_PLACEMENT_3D('',#8030,#8031,#8032);
#8030 = CARTESIAN_POINT('',(106.958695,-97.870968,-4.5E-02));
#8031 = DIRECTION('',(-0.,-0.,-1.));
#8032 = DIRECTION('',(-0.,-1.,0.));
#8033 = ADVANCED_FACE('',(#8034),#8045,.F.);
#8034 = FACE_BOUND('',#8035,.T.);
#8035 = EDGE_LOOP('',(#8036,#8037,#8043,#8044));
#8036 = ORIENTED_EDGE('',*,*,#1014,.T.);
#8037 = ORIENTED_EDGE('',*,*,#8038,.T.);
#8038 = EDGE_CURVE('',#1015,#4191,#8039,.T.);
#8039 = LINE('',#8040,#8041);
#8040 = CARTESIAN_POINT('',(104.517983,-97.459341,-4.5E-02));
#8041 = VECTOR('',#8042,1.);
#8042 = DIRECTION('',(0.,0.,1.));
#8043 = ORIENTED_EDGE('',*,*,#4190,.F.);
#8044 = ORIENTED_EDGE('',*,*,#8038,.F.);
#8045 = CYLINDRICAL_SURFACE('',#8046,0.15);
#8046 = AXIS2_PLACEMENT_3D('',#8047,#8048,#8049);
#8047 = CARTESIAN_POINT('',(104.517983,-97.309341,-4.5E-02));
#8048 = DIRECTION('',(-0.,-0.,-1.));
#8049 = DIRECTION('',(-0.,-1.,0.));
#8050 = ADVANCED_FACE('',(#8051),#8062,.F.);
#8051 = FACE_BOUND('',#8052,.T.);
#8052 = EDGE_LOOP('',(#8053,#8054,#8060,#8061));
#8053 = ORIENTED_EDGE('',*,*,#1025,.T.);
#8054 = ORIENTED_EDGE('',*,*,#8055,.T.);
#8055 = EDGE_CURVE('',#1026,#4202,#8056,.T.);
#8056 = LINE('',#8057,#8058);
#8057 = CARTESIAN_POINT('',(84.897937,-94.353786,-4.5E-02));
#8058 = VECTOR('',#8059,1.);
#8059 = DIRECTION('',(0.,0.,1.));
#8060 = ORIENTED_EDGE('',*,*,#4201,.F.);
#8061 = ORIENTED_EDGE('',*,*,#8055,.F.);
#8062 = CYLINDRICAL_SURFACE('',#8063,0.15);
#8063 = AXIS2_PLACEMENT_3D('',#8064,#8065,#8066);
#8064 = CARTESIAN_POINT('',(84.897937,-94.203786,-4.5E-02));
#8065 = DIRECTION('',(-0.,-0.,-1.));
#8066 = DIRECTION('',(-0.,-1.,0.));
#8067 = ADVANCED_FACE('',(#8068),#8079,.F.);
#8068 = FACE_BOUND('',#8069,.T.);
#8069 = EDGE_LOOP('',(#8070,#8071,#8077,#8078));
#8070 = ORIENTED_EDGE('',*,*,#1036,.T.);
#8071 = ORIENTED_EDGE('',*,*,#8072,.T.);
#8072 = EDGE_CURVE('',#1037,#4213,#8073,.T.);
#8073 = LINE('',#8074,#8075);
#8074 = CARTESIAN_POINT('',(86.897937,-92.953786,-4.5E-02));
#8075 = VECTOR('',#8076,1.);
#8076 = DIRECTION('',(0.,0.,1.));
#8077 = ORIENTED_EDGE('',*,*,#4212,.F.);
#8078 = ORIENTED_EDGE('',*,*,#8072,.F.);
#8079 = CYLINDRICAL_SURFACE('',#8080,0.95);
#8080 = AXIS2_PLACEMENT_3D('',#8081,#8082,#8083);
#8081 = CARTESIAN_POINT('',(86.897937,-92.003786,-4.5E-02));
#8082 = DIRECTION('',(-0.,-0.,-1.));
#8083 = DIRECTION('',(-0.,-1.,0.));
#8084 = ADVANCED_FACE('',(#8085),#8096,.F.);
#8085 = FACE_BOUND('',#8086,.T.);
#8086 = EDGE_LOOP('',(#8087,#8088,#8094,#8095));
#8087 = ORIENTED_EDGE('',*,*,#1047,.T.);
#8088 = ORIENTED_EDGE('',*,*,#8089,.T.);
#8089 = EDGE_CURVE('',#1048,#4224,#8090,.T.);
#8090 = LINE('',#8091,#8092);
#8091 = CARTESIAN_POINT('',(92.397937,-94.503786,-4.5E-02));
#8092 = VECTOR('',#8093,1.);
#8093 = DIRECTION('',(0.,0.,1.));
#8094 = ORIENTED_EDGE('',*,*,#4223,.F.);
#8095 = ORIENTED_EDGE('',*,*,#8089,.F.);
#8096 = CYLINDRICAL_SURFACE('',#8097,2.5);
#8097 = AXIS2_PLACEMENT_3D('',#8098,#8099,#8100);
#8098 = CARTESIAN_POINT('',(92.397937,-92.003786,-4.5E-02));
#8099 = DIRECTION('',(-0.,-0.,-1.));
#8100 = DIRECTION('',(-0.,-1.,0.));
#8101 = ADVANCED_FACE('',(#8102),#8113,.F.);
#8102 = FACE_BOUND('',#8103,.T.);
#8103 = EDGE_LOOP('',(#8104,#8105,#8111,#8112));
#8104 = ORIENTED_EDGE('',*,*,#1058,.T.);
#8105 = ORIENTED_EDGE('',*,*,#8106,.T.);
#8106 = EDGE_CURVE('',#1059,#4235,#8107,.T.);
#8107 = LINE('',#8108,#8109);
#8108 = CARTESIAN_POINT('',(87.397937,-89.753786,-4.5E-02));
#8109 = VECTOR('',#8110,1.);
#8110 = DIRECTION('',(0.,0.,1.));
#8111 = ORIENTED_EDGE('',*,*,#4234,.F.);
#8112 = ORIENTED_EDGE('',*,*,#8106,.F.);
#8113 = CYLINDRICAL_SURFACE('',#8114,1.5);
#8114 = AXIS2_PLACEMENT_3D('',#8115,#8116,#8117);
#8115 = CARTESIAN_POINT('',(87.397937,-88.253786,-4.5E-02));
#8116 = DIRECTION('',(-0.,-0.,-1.));
#8117 = DIRECTION('',(-0.,-1.,0.));
#8118 = ADVANCED_FACE('',(#8119),#8130,.F.);
#8119 = FACE_BOUND('',#8120,.T.);
#8120 = EDGE_LOOP('',(#8121,#8122,#8128,#8129));
#8121 = ORIENTED_EDGE('',*,*,#1069,.T.);
#8122 = ORIENTED_EDGE('',*,*,#8123,.T.);
#8123 = EDGE_CURVE('',#1070,#4246,#8124,.T.);
#8124 = LINE('',#8125,#8126);
#8125 = CARTESIAN_POINT('',(92.397937,-87.553786,-4.5E-02));
#8126 = VECTOR('',#8127,1.);
#8127 = DIRECTION('',(0.,0.,1.));
#8128 = ORIENTED_EDGE('',*,*,#4245,.F.);
#8129 = ORIENTED_EDGE('',*,*,#8123,.F.);
#8130 = CYLINDRICAL_SURFACE('',#8131,1.5);
#8131 = AXIS2_PLACEMENT_3D('',#8132,#8133,#8134);
#8132 = CARTESIAN_POINT('',(92.397937,-86.053786,-4.5E-02));
#8133 = DIRECTION('',(-0.,-0.,-1.));
#8134 = DIRECTION('',(-0.,-1.,0.));
#8135 = ADVANCED_FACE('',(#8136),#8147,.F.);
#8136 = FACE_BOUND('',#8137,.T.);
#8137 = EDGE_LOOP('',(#8138,#8139,#8145,#8146));
#8138 = ORIENTED_EDGE('',*,*,#1080,.T.);
#8139 = ORIENTED_EDGE('',*,*,#8140,.T.);
#8140 = EDGE_CURVE('',#1081,#4257,#8141,.T.);
#8141 = LINE('',#8142,#8143);
#8142 = CARTESIAN_POINT('',(97.897937,-92.953786,-4.5E-02));
#8143 = VECTOR('',#8144,1.);
#8144 = DIRECTION('',(0.,0.,1.));
#8145 = ORIENTED_EDGE('',*,*,#4256,.F.);
#8146 = ORIENTED_EDGE('',*,*,#8140,.F.);
#8147 = CYLINDRICAL_SURFACE('',#8148,0.95);
#8148 = AXIS2_PLACEMENT_3D('',#8149,#8150,#8151);
#8149 = CARTESIAN_POINT('',(97.897937,-92.003786,-4.5E-02));
#8150 = DIRECTION('',(-0.,-0.,-1.));
#8151 = DIRECTION('',(-0.,-1.,0.));
#8152 = ADVANCED_FACE('',(#8153),#8164,.F.);
#8153 = FACE_BOUND('',#8154,.T.);
#8154 = EDGE_LOOP('',(#8155,#8156,#8162,#8163));
#8155 = ORIENTED_EDGE('',*,*,#1091,.T.);
#8156 = ORIENTED_EDGE('',*,*,#8157,.T.);
#8157 = EDGE_CURVE('',#1092,#4268,#8158,.T.);
#8158 = LINE('',#8159,#8160);
#8159 = CARTESIAN_POINT('',(104.981321,-94.697943,-4.5E-02));
#8160 = VECTOR('',#8161,1.);
#8161 = DIRECTION('',(0.,0.,1.));
#8162 = ORIENTED_EDGE('',*,*,#4267,.F.);
#8163 = ORIENTED_EDGE('',*,*,#8157,.F.);
#8164 = CYLINDRICAL_SURFACE('',#8165,0.15);
#8165 = AXIS2_PLACEMENT_3D('',#8166,#8167,#8168);
#8166 = CARTESIAN_POINT('',(104.981321,-94.547943,-4.5E-02));
#8167 = DIRECTION('',(-0.,-0.,-1.));
#8168 = DIRECTION('',(-9.473903143468E-14,-1.,0.));
#8169 = ADVANCED_FACE('',(#8170),#8181,.F.);
#8170 = FACE_BOUND('',#8171,.T.);
#8171 = EDGE_LOOP('',(#8172,#8173,#8179,#8180));
#8172 = ORIENTED_EDGE('',*,*,#1102,.T.);
#8173 = ORIENTED_EDGE('',*,*,#8174,.T.);
#8174 = EDGE_CURVE('',#1103,#4279,#8175,.T.);
#8175 = LINE('',#8176,#8177);
#8176 = CARTESIAN_POINT('',(107.3178,-93.659229,-4.5E-02));
#8177 = VECTOR('',#8178,1.);
#8178 = DIRECTION('',(0.,0.,1.));
#8179 = ORIENTED_EDGE('',*,*,#4278,.F.);
#8180 = ORIENTED_EDGE('',*,*,#8174,.F.);
#8181 = CYLINDRICAL_SURFACE('',#8182,0.95);
#8182 = AXIS2_PLACEMENT_3D('',#8183,#8184,#8185);
#8183 = CARTESIAN_POINT('',(107.3178,-92.709229,-4.5E-02));
#8184 = DIRECTION('',(-0.,-0.,-1.));
#8185 = DIRECTION('',(-0.,-1.,0.));
#8186 = ADVANCED_FACE('',(#8187),#8198,.F.);
#8187 = FACE_BOUND('',#8188,.T.);
#8188 = EDGE_LOOP('',(#8189,#8190,#8196,#8197));
#8189 = ORIENTED_EDGE('',*,*,#1113,.T.);
#8190 = ORIENTED_EDGE('',*,*,#8191,.T.);
#8191 = EDGE_CURVE('',#1114,#4290,#8192,.T.);
#8192 = LINE('',#8193,#8194);
#8193 = CARTESIAN_POINT('',(97.397937,-89.753786,-4.5E-02));
#8194 = VECTOR('',#8195,1.);
#8195 = DIRECTION('',(0.,0.,1.));
#8196 = ORIENTED_EDGE('',*,*,#4289,.F.);
#8197 = ORIENTED_EDGE('',*,*,#8191,.F.);
#8198 = CYLINDRICAL_SURFACE('',#8199,1.5);
#8199 = AXIS2_PLACEMENT_3D('',#8200,#8201,#8202);
#8200 = CARTESIAN_POINT('',(97.397937,-88.253786,-4.5E-02));
#8201 = DIRECTION('',(-0.,-0.,-1.));
#8202 = DIRECTION('',(-0.,-1.,0.));
#8203 = ADVANCED_FACE('',(#8204),#8215,.F.);
#8204 = FACE_BOUND('',#8205,.T.);
#8205 = EDGE_LOOP('',(#8206,#8207,#8213,#8214));
#8206 = ORIENTED_EDGE('',*,*,#1124,.T.);
#8207 = ORIENTED_EDGE('',*,*,#8208,.T.);
#8208 = EDGE_CURVE('',#1125,#4301,#8209,.T.);
#8209 = LINE('',#8210,#8211);
#8210 = CARTESIAN_POINT('',(108.431449,-90.593668,-4.5E-02));
#8211 = VECTOR('',#8212,1.);
#8212 = DIRECTION('',(0.,0.,1.));
#8213 = ORIENTED_EDGE('',*,*,#4300,.F.);
#8214 = ORIENTED_EDGE('',*,*,#8208,.F.);
#8215 = CYLINDRICAL_SURFACE('',#8216,1.5);
#8216 = AXIS2_PLACEMENT_3D('',#8217,#8218,#8219);
#8217 = CARTESIAN_POINT('',(108.431449,-89.093668,-4.5E-02));
#8218 = DIRECTION('',(-0.,-0.,-1.));
#8219 = DIRECTION('',(-0.,-1.,0.));
#8220 = ADVANCED_FACE('',(#8221),#8232,.F.);
#8221 = FACE_BOUND('',#8222,.T.);
#8222 = EDGE_LOOP('',(#8223,#8224,#8230,#8231));
#8223 = ORIENTED_EDGE('',*,*,#1135,.T.);
#8224 = ORIENTED_EDGE('',*,*,#8225,.T.);
#8225 = EDGE_CURVE('',#1136,#4312,#8226,.T.);
#8226 = LINE('',#8227,#8228);
#8227 = CARTESIAN_POINT('',(123.954633,-101.107711,-4.5E-02));
#8228 = VECTOR('',#8229,1.);
#8229 = DIRECTION('',(0.,0.,1.));
#8230 = ORIENTED_EDGE('',*,*,#4311,.F.);
#8231 = ORIENTED_EDGE('',*,*,#8225,.F.);
#8232 = CYLINDRICAL_SURFACE('',#8233,0.15);
#8233 = AXIS2_PLACEMENT_3D('',#8234,#8235,#8236);
#8234 = CARTESIAN_POINT('',(123.954633,-100.957711,-4.5E-02));
#8235 = DIRECTION('',(-0.,-0.,-1.));
#8236 = DIRECTION('',(-0.,-1.,0.));
#8237 = ADVANCED_FACE('',(#8238),#8249,.F.);
#8238 = FACE_BOUND('',#8239,.T.);
#8239 = EDGE_LOOP('',(#8240,#8241,#8247,#8248));
#8240 = ORIENTED_EDGE('',*,*,#1146,.T.);
#8241 = ORIENTED_EDGE('',*,*,#8242,.T.);
#8242 = EDGE_CURVE('',#1147,#4323,#8243,.T.);
#8243 = LINE('',#8244,#8245);
#8244 = CARTESIAN_POINT('',(116.82083,-100.325747,-4.5E-02));
#8245 = VECTOR('',#8246,1.);
#8246 = DIRECTION('',(0.,0.,1.));
#8247 = ORIENTED_EDGE('',*,*,#4322,.F.);
#8248 = ORIENTED_EDGE('',*,*,#8242,.F.);
#8249 = CYLINDRICAL_SURFACE('',#8250,0.8);
#8250 = AXIS2_PLACEMENT_3D('',#8251,#8252,#8253);
#8251 = CARTESIAN_POINT('',(116.82083,-99.525747,-4.5E-02));
#8252 = DIRECTION('',(-0.,-0.,-1.));
#8253 = DIRECTION('',(-0.,-1.,0.));
#8254 = ADVANCED_FACE('',(#8255),#8266,.F.);
#8255 = FACE_BOUND('',#8256,.T.);
#8256 = EDGE_LOOP('',(#8257,#8258,#8264,#8265));
#8257 = ORIENTED_EDGE('',*,*,#1157,.T.);
#8258 = ORIENTED_EDGE('',*,*,#8259,.T.);
#8259 = EDGE_CURVE('',#1158,#4334,#8260,.T.);
#8260 = LINE('',#8261,#8262);
#8261 = CARTESIAN_POINT('',(124.868533,-98.461055,-4.5E-02));
#8262 = VECTOR('',#8263,1.);
#8263 = DIRECTION('',(0.,0.,1.));
#8264 = ORIENTED_EDGE('',*,*,#4333,.F.);
#8265 = ORIENTED_EDGE('',*,*,#8259,.F.);
#8266 = CYLINDRICAL_SURFACE('',#8267,0.15);
#8267 = AXIS2_PLACEMENT_3D('',#8268,#8269,#8270);
#8268 = CARTESIAN_POINT('',(124.868533,-98.311055,-4.5E-02));
#8269 = DIRECTION('',(-0.,-0.,-1.));
#8270 = DIRECTION('',(-0.,-1.,0.));
#8271 = ADVANCED_FACE('',(#8272),#8283,.F.);
#8272 = FACE_BOUND('',#8273,.T.);
#8273 = EDGE_LOOP('',(#8274,#8275,#8281,#8282));
#8274 = ORIENTED_EDGE('',*,*,#1168,.T.);
#8275 = ORIENTED_EDGE('',*,*,#8276,.T.);
#8276 = EDGE_CURVE('',#1169,#4345,#8277,.T.);
#8277 = LINE('',#8278,#8279);
#8278 = CARTESIAN_POINT('',(126.268759,-102.715478,-4.5E-02));
#8279 = VECTOR('',#8280,1.);
#8280 = DIRECTION('',(0.,0.,1.));
#8281 = ORIENTED_EDGE('',*,*,#4344,.F.);
#8282 = ORIENTED_EDGE('',*,*,#8276,.F.);
#8283 = CYLINDRICAL_SURFACE('',#8284,0.8);
#8284 = AXIS2_PLACEMENT_3D('',#8285,#8286,#8287);
#8285 = CARTESIAN_POINT('',(126.268759,-101.915478,-4.5E-02));
#8286 = DIRECTION('',(-0.,-0.,-1.));
#8287 = DIRECTION('',(-0.,-1.,0.));
#8288 = ADVANCED_FACE('',(#8289),#8300,.F.);
#8289 = FACE_BOUND('',#8290,.T.);
#8290 = EDGE_LOOP('',(#8291,#8292,#8298,#8299));
#8291 = ORIENTED_EDGE('',*,*,#1179,.T.);
#8292 = ORIENTED_EDGE('',*,*,#8293,.T.);
#8293 = EDGE_CURVE('',#1180,#4356,#8294,.T.);
#8294 = LINE('',#8295,#8296);
#8295 = CARTESIAN_POINT('',(135.7211,-105.979409,-4.5E-02));
#8296 = VECTOR('',#8297,1.);
#8297 = DIRECTION('',(0.,0.,1.));
#8298 = ORIENTED_EDGE('',*,*,#4355,.F.);
#8299 = ORIENTED_EDGE('',*,*,#8293,.F.);
#8300 = CYLINDRICAL_SURFACE('',#8301,0.8);
#8301 = AXIS2_PLACEMENT_3D('',#8302,#8303,#8304);
#8302 = CARTESIAN_POINT('',(135.7211,-105.179409,-4.5E-02));
#8303 = DIRECTION('',(-0.,0.,-1.));
#8304 = DIRECTION('',(3.5527136788E-14,-1.,-0.));
#8305 = ADVANCED_FACE('',(#8306),#8317,.F.);
#8306 = FACE_BOUND('',#8307,.T.);
#8307 = EDGE_LOOP('',(#8308,#8309,#8315,#8316));
#8308 = ORIENTED_EDGE('',*,*,#1190,.T.);
#8309 = ORIENTED_EDGE('',*,*,#8310,.T.);
#8310 = EDGE_CURVE('',#1191,#4367,#8311,.T.);
#8311 = LINE('',#8312,#8313);
#8312 = CARTESIAN_POINT('',(127.477066,-97.834326,-4.5E-02));
#8313 = VECTOR('',#8314,1.);
#8314 = DIRECTION('',(0.,0.,1.));
#8315 = ORIENTED_EDGE('',*,*,#4366,.F.);
#8316 = ORIENTED_EDGE('',*,*,#8310,.F.);
#8317 = CYLINDRICAL_SURFACE('',#8318,0.95);
#8318 = AXIS2_PLACEMENT_3D('',#8319,#8320,#8321);
#8319 = CARTESIAN_POINT('',(127.477066,-96.884326,-4.5E-02));
#8320 = DIRECTION('',(-0.,-0.,-1.));
#8321 = DIRECTION('',(-1.495879443705E-14,-1.,0.));
#8322 = ADVANCED_FACE('',(#8323),#8334,.F.);
#8323 = FACE_BOUND('',#8324,.T.);
#8324 = EDGE_LOOP('',(#8325,#8326,#8332,#8333));
#8325 = ORIENTED_EDGE('',*,*,#1201,.T.);
#8326 = ORIENTED_EDGE('',*,*,#8327,.T.);
#8327 = EDGE_CURVE('',#1202,#4378,#8328,.T.);
#8328 = LINE('',#8329,#8330);
#8329 = CARTESIAN_POINT('',(132.675854,-101.179488,-4.5E-02));
#8330 = VECTOR('',#8331,1.);
#8331 = DIRECTION('',(0.,0.,1.));
#8332 = ORIENTED_EDGE('',*,*,#4377,.F.);
#8333 = ORIENTED_EDGE('',*,*,#8327,.F.);
#8334 = CYLINDRICAL_SURFACE('',#8335,2.5);
#8335 = AXIS2_PLACEMENT_3D('',#8336,#8337,#8338);
#8336 = CARTESIAN_POINT('',(132.675854,-98.679488,-4.5E-02));
#8337 = DIRECTION('',(-0.,-0.,-1.));
#8338 = DIRECTION('',(-0.,-1.,0.));
#8339 = ADVANCED_FACE('',(#8340),#8351,.F.);
#8340 = FACE_BOUND('',#8341,.T.);
#8341 = EDGE_LOOP('',(#8342,#8343,#8349,#8350));
#8342 = ORIENTED_EDGE('',*,*,#1212,.T.);
#8343 = ORIENTED_EDGE('',*,*,#8344,.T.);
#8344 = EDGE_CURVE('',#1213,#4389,#8345,.T.);
#8345 = LINE('',#8346,#8347);
#8346 = CARTESIAN_POINT('',(137.874642,-101.42465,-4.5E-02));
#8347 = VECTOR('',#8348,1.);
#8348 = DIRECTION('',(0.,0.,1.));
#8349 = ORIENTED_EDGE('',*,*,#4388,.F.);
#8350 = ORIENTED_EDGE('',*,*,#8344,.F.);
#8351 = CYLINDRICAL_SURFACE('',#8352,0.95);
#8352 = AXIS2_PLACEMENT_3D('',#8353,#8354,#8355);
#8353 = CARTESIAN_POINT('',(137.874642,-100.47465,-4.5E-02));
#8354 = DIRECTION('',(-0.,-0.,-1.));
#8355 = DIRECTION('',(-0.,-1.,0.));
#8356 = ADVANCED_FACE('',(#8357),#8368,.F.);
#8357 = FACE_BOUND('',#8358,.T.);
#8358 = EDGE_LOOP('',(#8359,#8360,#8366,#8367));
#8359 = ORIENTED_EDGE('',*,*,#1223,.T.);
#8360 = ORIENTED_EDGE('',*,*,#8361,.T.);
#8361 = EDGE_CURVE('',#1224,#4400,#8362,.T.);
#8362 = LINE('',#8363,#8364);
#8363 = CARTESIAN_POINT('',(138.625999,-98.266826,-4.5E-02));
#8364 = VECTOR('',#8365,1.);
#8365 = DIRECTION('',(0.,0.,1.));
#8366 = ORIENTED_EDGE('',*,*,#4399,.F.);
#8367 = ORIENTED_EDGE('',*,*,#8361,.F.);
#8368 = CYLINDRICAL_SURFACE('',#8369,1.5);
#8369 = AXIS2_PLACEMENT_3D('',#8370,#8371,#8372);
#8370 = CARTESIAN_POINT('',(138.625999,-96.766826,-4.5E-02));
#8371 = DIRECTION('',(-0.,-0.,-1.));
#8372 = DIRECTION('',(-0.,-1.,0.));
#8373 = ADVANCED_FACE('',(#8374),#8385,.F.);
#8374 = FACE_BOUND('',#8375,.T.);
#8375 = EDGE_LOOP('',(#8376,#8377,#8383,#8384));
#8376 = ORIENTED_EDGE('',*,*,#1234,.T.);
#8377 = ORIENTED_EDGE('',*,*,#8378,.T.);
#8378 = EDGE_CURVE('',#1235,#4411,#8379,.T.);
#8379 = LINE('',#8380,#8381);
#8380 = CARTESIAN_POINT('',(112.741974,-96.119358,-4.5E-02));
#8381 = VECTOR('',#8382,1.);
#8382 = DIRECTION('',(0.,0.,1.));
#8383 = ORIENTED_EDGE('',*,*,#4410,.F.);
#8384 = ORIENTED_EDGE('',*,*,#8378,.F.);
#8385 = CYLINDRICAL_SURFACE('',#8386,2.5);
#8386 = AXIS2_PLACEMENT_3D('',#8387,#8388,#8389);
#8387 = CARTESIAN_POINT('',(112.741974,-93.619358,-4.5E-02));
#8388 = DIRECTION('',(-0.,-0.,-1.));
#8389 = DIRECTION('',(-0.,-1.,0.));
#8390 = ADVANCED_FACE('',(#8391),#8402,.F.);
#8391 = FACE_BOUND('',#8392,.T.);
#8392 = EDGE_LOOP('',(#8393,#8394,#8400,#8401));
#8393 = ORIENTED_EDGE('',*,*,#1245,.T.);
#8394 = ORIENTED_EDGE('',*,*,#8395,.T.);
#8395 = EDGE_CURVE('',#1246,#4422,#8396,.T.);
#8396 = LINE('',#8397,#8398);
#8397 = CARTESIAN_POINT('',(118.166148,-95.479487,-4.5E-02));
#8398 = VECTOR('',#8399,1.);
#8399 = DIRECTION('',(0.,0.,1.));
#8400 = ORIENTED_EDGE('',*,*,#4421,.F.);
#8401 = ORIENTED_EDGE('',*,*,#8395,.F.);
#8402 = CYLINDRICAL_SURFACE('',#8403,0.95);
#8403 = AXIS2_PLACEMENT_3D('',#8404,#8405,#8406);
#8404 = CARTESIAN_POINT('',(118.166148,-94.529487,-4.5E-02));
#8405 = DIRECTION('',(-0.,0.,-1.));
#8406 = DIRECTION('',(1.495879443705E-14,-1.,-0.));
#8407 = ADVANCED_FACE('',(#8408),#8419,.F.);
#8408 = FACE_BOUND('',#8409,.T.);
#8409 = EDGE_LOOP('',(#8410,#8411,#8417,#8418));
#8410 = ORIENTED_EDGE('',*,*,#1256,.T.);
#8411 = ORIENTED_EDGE('',*,*,#8412,.T.);
#8412 = EDGE_CURVE('',#1257,#4433,#8413,.T.);
#8413 = LINE('',#8414,#8415);
#8414 = CARTESIAN_POINT('',(118.293584,-92.248447,-4.5E-02));
#8415 = VECTOR('',#8416,1.);
#8416 = DIRECTION('',(0.,0.,1.));
#8417 = ORIENTED_EDGE('',*,*,#4432,.F.);
#8418 = ORIENTED_EDGE('',*,*,#8412,.F.);
#8419 = CYLINDRICAL_SURFACE('',#8420,1.5);
#8420 = AXIS2_PLACEMENT_3D('',#8421,#8422,#8423);
#8421 = CARTESIAN_POINT('',(118.293584,-90.748447,-4.5E-02));
#8422 = DIRECTION('',(-0.,-0.,-1.));
#8423 = DIRECTION('',(-0.,-1.,0.));
#8424 = ADVANCED_FACE('',(#8425),#8436,.F.);
#8425 = FACE_BOUND('',#8426,.T.);
#8426 = EDGE_LOOP('',(#8427,#8428,#8434,#8435));
#8427 = ORIENTED_EDGE('',*,*,#1267,.T.);
#8428 = ORIENTED_EDGE('',*,*,#8429,.T.);
#8429 = EDGE_CURVE('',#1268,#4444,#8430,.T.);
#8430 = LINE('',#8431,#8432);
#8431 = CARTESIAN_POINT('',(113.726568,-89.251388,-4.5E-02));
#8432 = VECTOR('',#8433,1.);
#8433 = DIRECTION('',(0.,0.,1.));
#8434 = ORIENTED_EDGE('',*,*,#4443,.F.);
#8435 = ORIENTED_EDGE('',*,*,#8429,.F.);
#8436 = CYLINDRICAL_SURFACE('',#8437,1.5);
#8437 = AXIS2_PLACEMENT_3D('',#8438,#8439,#8440);
#8438 = CARTESIAN_POINT('',(113.726568,-87.751388,-4.5E-02));
#8439 = DIRECTION('',(-0.,-0.,-1.));
#8440 = DIRECTION('',(-0.,-1.,0.));
#8441 = ADVANCED_FACE('',(#8442),#8453,.F.);
#8442 = FACE_BOUND('',#8443,.T.);
#8443 = EDGE_LOOP('',(#8444,#8445,#8451,#8452));
#8444 = ORIENTED_EDGE('',*,*,#1278,.T.);
#8445 = ORIENTED_EDGE('',*,*,#8446,.T.);
#8446 = EDGE_CURVE('',#1279,#4455,#8447,.T.);
#8447 = LINE('',#8448,#8449);
#8448 = CARTESIAN_POINT('',(129.173658,-95.002894,-4.5E-02));
#8449 = VECTOR('',#8450,1.);
#8450 = DIRECTION('',(0.,0.,1.));
#8451 = ORIENTED_EDGE('',*,*,#4454,.F.);
#8452 = ORIENTED_EDGE('',*,*,#8446,.F.);
#8453 = CYLINDRICAL_SURFACE('',#8454,1.5);
#8454 = AXIS2_PLACEMENT_3D('',#8455,#8456,#8457);
#8455 = CARTESIAN_POINT('',(129.173658,-93.502894,-4.5E-02));
#8456 = DIRECTION('',(-0.,-0.,-1.));
#8457 = DIRECTION('',(-0.,-1.,0.));
#8458 = ADVANCED_FACE('',(#8459),#8470,.F.);
#8459 = FACE_BOUND('',#8460,.T.);
#8460 = EDGE_LOOP('',(#8461,#8462,#8468,#8469));
#8461 = ORIENTED_EDGE('',*,*,#1289,.T.);
#8462 = ORIENTED_EDGE('',*,*,#8463,.T.);
#8463 = EDGE_CURVE('',#1290,#4466,#8464,.T.);
#8464 = LINE('',#8465,#8466);
#8465 = CARTESIAN_POINT('',(134.617893,-94.555345,-4.5E-02));
#8466 = VECTOR('',#8467,1.);
#8467 = DIRECTION('',(0.,0.,1.));
#8468 = ORIENTED_EDGE('',*,*,#4465,.F.);
#8469 = ORIENTED_EDGE('',*,*,#8463,.F.);
#8470 = CYLINDRICAL_SURFACE('',#8471,1.5);
#8471 = AXIS2_PLACEMENT_3D('',#8472,#8473,#8474);
#8472 = CARTESIAN_POINT('',(134.617893,-93.055345,-4.5E-02));
#8473 = DIRECTION('',(-0.,-0.,-1.));
#8474 = DIRECTION('',(-0.,-1.,0.));
#8475 = ADVANCED_FACE('',(#8476),#8487,.F.);
#8476 = FACE_BOUND('',#8477,.T.);
#8477 = EDGE_LOOP('',(#8478,#8479,#8485,#8486));
#8478 = ORIENTED_EDGE('',*,*,#1300,.T.);
#8479 = ORIENTED_EDGE('',*,*,#8480,.T.);
#8480 = EDGE_CURVE('',#1301,#4477,#8481,.T.);
#8481 = LINE('',#8482,#8483);
#8482 = CARTESIAN_POINT('',(87.872937,-76.808286,-4.5E-02));
#8483 = VECTOR('',#8484,1.);
#8484 = DIRECTION('',(0.,0.,1.));
#8485 = ORIENTED_EDGE('',*,*,#4476,.F.);
#8486 = ORIENTED_EDGE('',*,*,#8480,.F.);
#8487 = CYLINDRICAL_SURFACE('',#8488,0.8);
#8488 = AXIS2_PLACEMENT_3D('',#8489,#8490,#8491);
#8489 = CARTESIAN_POINT('',(87.872937,-76.008286,-4.5E-02));
#8490 = DIRECTION('',(-0.,-0.,-1.));
#8491 = DIRECTION('',(-1.7763568394E-14,-1.,0.));
#8492 = ADVANCED_FACE('',(#8493),#8504,.F.);
#8493 = FACE_BOUND('',#8494,.T.);
#8494 = EDGE_LOOP('',(#8495,#8496,#8502,#8503));
#8495 = ORIENTED_EDGE('',*,*,#1311,.T.);
#8496 = ORIENTED_EDGE('',*,*,#8497,.T.);
#8497 = EDGE_CURVE('',#1312,#4488,#8498,.T.);
#8498 = LINE('',#8499,#8500);
#8499 = CARTESIAN_POINT('',(94.422937,-78.103786,-4.5E-02));
#8500 = VECTOR('',#8501,1.);
#8501 = DIRECTION('',(0.,0.,1.));
#8502 = ORIENTED_EDGE('',*,*,#4487,.F.);
#8503 = ORIENTED_EDGE('',*,*,#8497,.F.);
#8504 = CYLINDRICAL_SURFACE('',#8505,0.15);
#8505 = AXIS2_PLACEMENT_3D('',#8506,#8507,#8508);
#8506 = CARTESIAN_POINT('',(94.422937,-77.953786,-4.5E-02));
#8507 = DIRECTION('',(-0.,0.,-1.));
#8508 = DIRECTION('',(9.473903143467E-14,-1.,-0.));
#8509 = ADVANCED_FACE('',(#8510),#8521,.F.);
#8510 = FACE_BOUND('',#8511,.T.);
#8511 = EDGE_LOOP('',(#8512,#8513,#8519,#8520));
#8512 = ORIENTED_EDGE('',*,*,#1322,.T.);
#8513 = ORIENTED_EDGE('',*,*,#8514,.T.);
#8514 = EDGE_CURVE('',#1323,#4499,#8515,.T.);
#8515 = LINE('',#8516,#8517);
#8516 = CARTESIAN_POINT('',(96.922937,-78.903786,-4.5E-02));
#8517 = VECTOR('',#8518,1.);
#8518 = DIRECTION('',(0.,0.,1.));
#8519 = ORIENTED_EDGE('',*,*,#4498,.F.);
#8520 = ORIENTED_EDGE('',*,*,#8514,.F.);
#8521 = CYLINDRICAL_SURFACE('',#8522,0.8);
#8522 = AXIS2_PLACEMENT_3D('',#8523,#8524,#8525);
#8523 = CARTESIAN_POINT('',(96.922937,-78.103786,-4.5E-02));
#8524 = DIRECTION('',(-0.,0.,-1.));
#8525 = DIRECTION('',(1.7763568394E-14,-1.,-0.));
#8526 = ADVANCED_FACE('',(#8527),#8538,.F.);
#8527 = FACE_BOUND('',#8528,.T.);
#8528 = EDGE_LOOP('',(#8529,#8530,#8536,#8537));
#8529 = ORIENTED_EDGE('',*,*,#1333,.T.);
#8530 = ORIENTED_EDGE('',*,*,#8531,.T.);
#8531 = EDGE_CURVE('',#1334,#4510,#8532,.T.);
#8532 = LINE('',#8533,#8534);
#8533 = CARTESIAN_POINT('',(94.422937,-75.303786,-4.5E-02));
#8534 = VECTOR('',#8535,1.);
#8535 = DIRECTION('',(0.,0.,1.));
#8536 = ORIENTED_EDGE('',*,*,#4509,.F.);
#8537 = ORIENTED_EDGE('',*,*,#8531,.F.);
#8538 = CYLINDRICAL_SURFACE('',#8539,0.15);
#8539 = AXIS2_PLACEMENT_3D('',#8540,#8541,#8542);
#8540 = CARTESIAN_POINT('',(94.422937,-75.153786,-4.5E-02));
#8541 = DIRECTION('',(-0.,0.,-1.));
#8542 = DIRECTION('',(9.473903143467E-14,-1.,-0.));
#8543 = ADVANCED_FACE('',(#8544),#8555,.F.);
#8544 = FACE_BOUND('',#8545,.T.);
#8545 = EDGE_LOOP('',(#8546,#8547,#8553,#8554));
#8546 = ORIENTED_EDGE('',*,*,#1344,.T.);
#8547 = ORIENTED_EDGE('',*,*,#8548,.T.);
#8548 = EDGE_CURVE('',#1345,#4521,#8549,.T.);
#8549 = LINE('',#8550,#8551);
#8550 = CARTESIAN_POINT('',(106.922937,-78.903786,-4.5E-02));
#8551 = VECTOR('',#8552,1.);
#8552 = DIRECTION('',(0.,0.,1.));
#8553 = ORIENTED_EDGE('',*,*,#4520,.F.);
#8554 = ORIENTED_EDGE('',*,*,#8548,.F.);
#8555 = CYLINDRICAL_SURFACE('',#8556,0.8);
#8556 = AXIS2_PLACEMENT_3D('',#8557,#8558,#8559);
#8557 = CARTESIAN_POINT('',(106.922937,-78.103786,-4.5E-02));
#8558 = DIRECTION('',(-0.,0.,-1.));
#8559 = DIRECTION('',(1.7763568394E-14,-1.,-0.));
#8560 = ADVANCED_FACE('',(#8561),#8572,.F.);
#8561 = FACE_BOUND('',#8562,.T.);
#8562 = EDGE_LOOP('',(#8563,#8564,#8570,#8571));
#8563 = ORIENTED_EDGE('',*,*,#1355,.T.);
#8564 = ORIENTED_EDGE('',*,*,#8565,.T.);
#8565 = EDGE_CURVE('',#1356,#4532,#8566,.T.);
#8566 = LINE('',#8567,#8568);
#8567 = CARTESIAN_POINT('',(82.872937,-73.358286,-4.5E-02));
#8568 = VECTOR('',#8569,1.);
#8569 = DIRECTION('',(0.,0.,1.));
#8570 = ORIENTED_EDGE('',*,*,#4531,.F.);
#8571 = ORIENTED_EDGE('',*,*,#8565,.F.);
#8572 = CYLINDRICAL_SURFACE('',#8573,2.5);
#8573 = AXIS2_PLACEMENT_3D('',#8574,#8575,#8576);
#8574 = CARTESIAN_POINT('',(82.872937,-70.858286,-4.5E-02));
#8575 = DIRECTION('',(-0.,-0.,-1.));
#8576 = DIRECTION('',(-0.,-1.,0.));
#8577 = ADVANCED_FACE('',(#8578),#8589,.F.);
#8578 = FACE_BOUND('',#8579,.T.);
#8579 = EDGE_LOOP('',(#8580,#8581,#8587,#8588));
#8580 = ORIENTED_EDGE('',*,*,#1366,.T.);
#8581 = ORIENTED_EDGE('',*,*,#8582,.T.);
#8582 = EDGE_CURVE('',#1367,#4543,#8583,.T.);
#8583 = LINE('',#8584,#8585);
#8584 = CARTESIAN_POINT('',(88.372937,-71.808286,-4.5E-02));
#8585 = VECTOR('',#8586,1.);
#8586 = DIRECTION('',(0.,0.,1.));
#8587 = ORIENTED_EDGE('',*,*,#4542,.F.);
#8588 = ORIENTED_EDGE('',*,*,#8582,.F.);
#8589 = CYLINDRICAL_SURFACE('',#8590,0.95);
#8590 = AXIS2_PLACEMENT_3D('',#8591,#8592,#8593);
#8591 = CARTESIAN_POINT('',(88.372937,-70.858286,-4.5E-02));
#8592 = DIRECTION('',(-0.,-0.,-1.));
#8593 = DIRECTION('',(-1.495879443705E-14,-1.,0.));
#8594 = ADVANCED_FACE('',(#8595),#8606,.F.);
#8595 = FACE_BOUND('',#8596,.T.);
#8596 = EDGE_LOOP('',(#8597,#8598,#8604,#8605));
#8597 = ORIENTED_EDGE('',*,*,#1377,.T.);
#8598 = ORIENTED_EDGE('',*,*,#8599,.T.);
#8599 = EDGE_CURVE('',#1378,#4554,#8600,.T.);
#8600 = LINE('',#8601,#8602);
#8601 = CARTESIAN_POINT('',(82.872937,-66.408286,-4.5E-02));
#8602 = VECTOR('',#8603,1.);
#8603 = DIRECTION('',(0.,0.,1.));
#8604 = ORIENTED_EDGE('',*,*,#4553,.F.);
#8605 = ORIENTED_EDGE('',*,*,#8599,.F.);
#8606 = CYLINDRICAL_SURFACE('',#8607,1.5);
#8607 = AXIS2_PLACEMENT_3D('',#8608,#8609,#8610);
#8608 = CARTESIAN_POINT('',(82.872937,-64.908286,-4.5E-02));
#8609 = DIRECTION('',(-0.,-0.,-1.));
#8610 = DIRECTION('',(-0.,-1.,0.));
#8611 = ADVANCED_FACE('',(#8612),#8623,.F.);
#8612 = FACE_BOUND('',#8613,.T.);
#8613 = EDGE_LOOP('',(#8614,#8615,#8621,#8622));
#8614 = ORIENTED_EDGE('',*,*,#1388,.T.);
#8615 = ORIENTED_EDGE('',*,*,#8616,.T.);
#8616 = EDGE_CURVE('',#1389,#4565,#8617,.T.);
#8617 = LINE('',#8618,#8619);
#8618 = CARTESIAN_POINT('',(87.872937,-68.608286,-4.5E-02));
#8619 = VECTOR('',#8620,1.);
#8620 = DIRECTION('',(0.,0.,1.));
#8621 = ORIENTED_EDGE('',*,*,#4564,.F.);
#8622 = ORIENTED_EDGE('',*,*,#8616,.F.);
#8623 = CYLINDRICAL_SURFACE('',#8624,1.5);
#8624 = AXIS2_PLACEMENT_3D('',#8625,#8626,#8627);
#8625 = CARTESIAN_POINT('',(87.872937,-67.108286,-4.5E-02));
#8626 = DIRECTION('',(-0.,-0.,-1.));
#8627 = DIRECTION('',(-0.,-1.,0.));
#8628 = ADVANCED_FACE('',(#8629),#8640,.F.);
#8629 = FACE_BOUND('',#8630,.T.);
#8630 = EDGE_LOOP('',(#8631,#8632,#8638,#8639));
#8631 = ORIENTED_EDGE('',*,*,#1399,.T.);
#8632 = ORIENTED_EDGE('',*,*,#8633,.T.);
#8633 = EDGE_CURVE('',#1400,#4576,#8634,.T.);
#8634 = LINE('',#8635,#8636);
#8635 = CARTESIAN_POINT('',(96.422937,-73.903786,-4.5E-02));
#8636 = VECTOR('',#8637,1.);
#8637 = DIRECTION('',(0.,0.,1.));
#8638 = ORIENTED_EDGE('',*,*,#4575,.F.);
#8639 = ORIENTED_EDGE('',*,*,#8633,.F.);
#8640 = CYLINDRICAL_SURFACE('',#8641,0.95);
#8641 = AXIS2_PLACEMENT_3D('',#8642,#8643,#8644);
#8642 = CARTESIAN_POINT('',(96.422937,-72.953786,-4.5E-02));
#8643 = DIRECTION('',(-0.,0.,-1.));
#8644 = DIRECTION('',(1.495879443705E-14,-1.,-0.));
#8645 = ADVANCED_FACE('',(#8646),#8657,.F.);
#8646 = FACE_BOUND('',#8647,.T.);
#8647 = EDGE_LOOP('',(#8648,#8649,#8655,#8656));
#8648 = ORIENTED_EDGE('',*,*,#1410,.T.);
#8649 = ORIENTED_EDGE('',*,*,#8650,.T.);
#8650 = EDGE_CURVE('',#1411,#4587,#8651,.T.);
#8651 = LINE('',#8652,#8653);
#8652 = CARTESIAN_POINT('',(101.922937,-75.453786,-4.5E-02));
#8653 = VECTOR('',#8654,1.);
#8654 = DIRECTION('',(0.,0.,1.));
#8655 = ORIENTED_EDGE('',*,*,#4586,.F.);
#8656 = ORIENTED_EDGE('',*,*,#8650,.F.);
#8657 = CYLINDRICAL_SURFACE('',#8658,2.5);
#8658 = AXIS2_PLACEMENT_3D('',#8659,#8660,#8661);
#8659 = CARTESIAN_POINT('',(101.922937,-72.953786,-4.5E-02));
#8660 = DIRECTION('',(-0.,-0.,-1.));
#8661 = DIRECTION('',(-0.,-1.,0.));
#8662 = ADVANCED_FACE('',(#8663),#8674,.F.);
#8663 = FACE_BOUND('',#8664,.T.);
#8664 = EDGE_LOOP('',(#8665,#8666,#8672,#8673));
#8665 = ORIENTED_EDGE('',*,*,#1421,.T.);
#8666 = ORIENTED_EDGE('',*,*,#8667,.T.);
#8667 = EDGE_CURVE('',#1422,#4598,#8668,.T.);
#8668 = LINE('',#8669,#8670);
#8669 = CARTESIAN_POINT('',(96.922937,-70.703786,-4.5E-02));
#8670 = VECTOR('',#8671,1.);
#8671 = DIRECTION('',(0.,0.,1.));
#8672 = ORIENTED_EDGE('',*,*,#4597,.F.);
#8673 = ORIENTED_EDGE('',*,*,#8667,.F.);
#8674 = CYLINDRICAL_SURFACE('',#8675,1.5);
#8675 = AXIS2_PLACEMENT_3D('',#8676,#8677,#8678);
#8676 = CARTESIAN_POINT('',(96.922937,-69.203786,-4.5E-02));
#8677 = DIRECTION('',(-0.,-0.,-1.));
#8678 = DIRECTION('',(-0.,-1.,0.));
#8679 = ADVANCED_FACE('',(#8680),#8691,.F.);
#8680 = FACE_BOUND('',#8681,.T.);
#8681 = EDGE_LOOP('',(#8682,#8683,#8689,#8690));
#8682 = ORIENTED_EDGE('',*,*,#1432,.T.);
#8683 = ORIENTED_EDGE('',*,*,#8684,.T.);
#8684 = EDGE_CURVE('',#1433,#4609,#8685,.T.);
#8685 = LINE('',#8686,#8687);
#8686 = CARTESIAN_POINT('',(107.422937,-73.903786,-4.5E-02));
#8687 = VECTOR('',#8688,1.);
#8688 = DIRECTION('',(0.,0.,1.));
#8689 = ORIENTED_EDGE('',*,*,#4608,.F.);
#8690 = ORIENTED_EDGE('',*,*,#8684,.F.);
#8691 = CYLINDRICAL_SURFACE('',#8692,0.95);
#8692 = AXIS2_PLACEMENT_3D('',#8693,#8694,#8695);
#8693 = CARTESIAN_POINT('',(107.422937,-72.953786,-4.5E-02));
#8694 = DIRECTION('',(-0.,0.,-1.));
#8695 = DIRECTION('',(1.495879443705E-14,-1.,-0.));
#8696 = ADVANCED_FACE('',(#8697),#8708,.F.);
#8697 = FACE_BOUND('',#8698,.T.);
#8698 = EDGE_LOOP('',(#8699,#8700,#8706,#8707));
#8699 = ORIENTED_EDGE('',*,*,#1443,.T.);
#8700 = ORIENTED_EDGE('',*,*,#8701,.T.);
#8701 = EDGE_CURVE('',#1444,#4620,#8702,.T.);
#8702 = LINE('',#8703,#8704);
#8703 = CARTESIAN_POINT('',(106.922937,-70.703786,-4.5E-02));
#8704 = VECTOR('',#8705,1.);
#8705 = DIRECTION('',(0.,0.,1.));
#8706 = ORIENTED_EDGE('',*,*,#4619,.F.);
#8707 = ORIENTED_EDGE('',*,*,#8701,.F.);
#8708 = CYLINDRICAL_SURFACE('',#8709,1.5);
#8709 = AXIS2_PLACEMENT_3D('',#8710,#8711,#8712);
#8710 = CARTESIAN_POINT('',(106.922937,-69.203786,-4.5E-02));
#8711 = DIRECTION('',(-0.,-0.,-1.));
#8712 = DIRECTION('',(-0.,-1.,0.));
#8713 = ADVANCED_FACE('',(#8714),#8725,.F.);
#8714 = FACE_BOUND('',#8715,.T.);
#8715 = EDGE_LOOP('',(#8716,#8717,#8723,#8724));
#8716 = ORIENTED_EDGE('',*,*,#1454,.T.);
#8717 = ORIENTED_EDGE('',*,*,#8718,.T.);
#8718 = EDGE_CURVE('',#1455,#4631,#8719,.T.);
#8719 = LINE('',#8720,#8721);
#8720 = CARTESIAN_POINT('',(101.922937,-68.503786,-4.5E-02));
#8721 = VECTOR('',#8722,1.);
#8722 = DIRECTION('',(0.,0.,1.));
#8723 = ORIENTED_EDGE('',*,*,#4630,.F.);
#8724 = ORIENTED_EDGE('',*,*,#8718,.F.);
#8725 = CYLINDRICAL_SURFACE('',#8726,1.5);
#8726 = AXIS2_PLACEMENT_3D('',#8727,#8728,#8729);
#8727 = CARTESIAN_POINT('',(101.922937,-67.003786,-4.5E-02));
#8728 = DIRECTION('',(-0.,-0.,-1.));
#8729 = DIRECTION('',(-0.,-1.,0.));
#8730 = ADVANCED_FACE('',(#8731),#8742,.F.);
#8731 = FACE_BOUND('',#8732,.T.);
#8732 = EDGE_LOOP('',(#8733,#8734,#8740,#8741));
#8733 = ORIENTED_EDGE('',*,*,#1465,.T.);
#8734 = ORIENTED_EDGE('',*,*,#8735,.T.);
#8735 = EDGE_CURVE('',#1466,#4642,#8736,.T.);
#8736 = LINE('',#8737,#8738);
#8737 = CARTESIAN_POINT('',(131.922937,-81.328786,-4.5E-02));
#8738 = VECTOR('',#8739,1.);
#8739 = DIRECTION('',(0.,0.,1.));
#8740 = ORIENTED_EDGE('',*,*,#4641,.F.);
#8741 = ORIENTED_EDGE('',*,*,#8735,.F.);
#8742 = CYLINDRICAL_SURFACE('',#8743,0.375);
#8743 = AXIS2_PLACEMENT_3D('',#8744,#8745,#8746);
#8744 = CARTESIAN_POINT('',(131.922937,-80.953786,-4.5E-02));
#8745 = DIRECTION('',(-0.,-0.,-1.));
#8746 = DIRECTION('',(-0.,-1.,0.));
#8747 = ADVANCED_FACE('',(#8748),#8759,.F.);
#8748 = FACE_BOUND('',#8749,.T.);
#8749 = EDGE_LOOP('',(#8750,#8751,#8757,#8758));
#8750 = ORIENTED_EDGE('',*,*,#1476,.T.);
#8751 = ORIENTED_EDGE('',*,*,#8752,.T.);
#8752 = EDGE_CURVE('',#1477,#4653,#8753,.T.);
#8753 = LINE('',#8754,#8755);
#8754 = CARTESIAN_POINT('',(131.922937,-79.328786,-4.5E-02));
#8755 = VECTOR('',#8756,1.);
#8756 = DIRECTION('',(0.,0.,1.));
#8757 = ORIENTED_EDGE('',*,*,#4652,.F.);
#8758 = ORIENTED_EDGE('',*,*,#8752,.F.);
#8759 = CYLINDRICAL_SURFACE('',#8760,0.375);
#8760 = AXIS2_PLACEMENT_3D('',#8761,#8762,#8763);
#8761 = CARTESIAN_POINT('',(131.922937,-78.953786,-4.5E-02));
#8762 = DIRECTION('',(-0.,-0.,-1.));
#8763 = DIRECTION('',(-0.,-1.,0.));
#8764 = ADVANCED_FACE('',(#8765),#8776,.F.);
#8765 = FACE_BOUND('',#8766,.T.);
#8766 = EDGE_LOOP('',(#8767,#8768,#8774,#8775));
#8767 = ORIENTED_EDGE('',*,*,#1487,.T.);
#8768 = ORIENTED_EDGE('',*,*,#8769,.T.);
#8769 = EDGE_CURVE('',#1488,#4664,#8770,.T.);
#8770 = LINE('',#8771,#8772);
#8771 = CARTESIAN_POINT('',(114.922937,-74.053786,-4.5E-02));
#8772 = VECTOR('',#8773,1.);
#8773 = DIRECTION('',(0.,0.,1.));
#8774 = ORIENTED_EDGE('',*,*,#4663,.F.);
#8775 = ORIENTED_EDGE('',*,*,#8769,.F.);
#8776 = CYLINDRICAL_SURFACE('',#8777,1.1);
#8777 = AXIS2_PLACEMENT_3D('',#8778,#8779,#8780);
#8778 = CARTESIAN_POINT('',(114.922937,-72.953786,-4.5E-02));
#8779 = DIRECTION('',(-0.,0.,-1.));
#8780 = DIRECTION('',(1.2918958832E-14,-1.,-0.));
#8781 = ADVANCED_FACE('',(#8782),#8793,.F.);
#8782 = FACE_BOUND('',#8783,.T.);
#8783 = EDGE_LOOP('',(#8784,#8785,#8791,#8792));
#8784 = ORIENTED_EDGE('',*,*,#1498,.T.);
#8785 = ORIENTED_EDGE('',*,*,#8786,.T.);
#8786 = EDGE_CURVE('',#1499,#4675,#8787,.T.);
#8787 = LINE('',#8788,#8789);
#8788 = CARTESIAN_POINT('',(120.112937,-73.103786,-4.5E-02));
#8789 = VECTOR('',#8790,1.);
#8790 = DIRECTION('',(0.,0.,1.));
#8791 = ORIENTED_EDGE('',*,*,#4674,.F.);
#8792 = ORIENTED_EDGE('',*,*,#8786,.F.);
#8793 = CYLINDRICAL_SURFACE('',#8794,0.5);
#8794 = AXIS2_PLACEMENT_3D('',#8795,#8796,#8797);
#8795 = CARTESIAN_POINT('',(120.112937,-72.603786,-4.5E-02));
#8796 = DIRECTION('',(-0.,-0.,-1.));
#8797 = DIRECTION('',(-0.,-1.,0.));
#8798 = ADVANCED_FACE('',(#8799),#8810,.F.);
#8799 = FACE_BOUND('',#8800,.T.);
#8800 = EDGE_LOOP('',(#8801,#8802,#8808,#8809));
#8801 = ORIENTED_EDGE('',*,*,#1509,.T.);
#8802 = ORIENTED_EDGE('',*,*,#8803,.T.);
#8803 = EDGE_CURVE('',#1510,#4686,#8804,.T.);
#8804 = LINE('',#8805,#8806);
#8805 = CARTESIAN_POINT('',(122.652937,-73.103786,-4.5E-02));
#8806 = VECTOR('',#8807,1.);
#8807 = DIRECTION('',(0.,0.,1.));
#8808 = ORIENTED_EDGE('',*,*,#4685,.F.);
#8809 = ORIENTED_EDGE('',*,*,#8803,.F.);
#8810 = CYLINDRICAL_SURFACE('',#8811,0.5);
#8811 = AXIS2_PLACEMENT_3D('',#8812,#8813,#8814);
#8812 = CARTESIAN_POINT('',(122.652937,-72.603786,-4.5E-02));
#8813 = DIRECTION('',(-0.,-0.,-1.));
#8814 = DIRECTION('',(-0.,-1.,0.));
#8815 = ADVANCED_FACE('',(#8816),#8827,.F.);
#8816 = FACE_BOUND('',#8817,.T.);
#8817 = EDGE_LOOP('',(#8818,#8819,#8825,#8826));
#8818 = ORIENTED_EDGE('',*,*,#1520,.T.);
#8819 = ORIENTED_EDGE('',*,*,#8820,.T.);
#8820 = EDGE_CURVE('',#1521,#4697,#8821,.T.);
#8821 = LINE('',#8822,#8823);
#8822 = CARTESIAN_POINT('',(116.302937,-65.413786,-4.5E-02));
#8823 = VECTOR('',#8824,1.);
#8824 = DIRECTION('',(0.,0.,1.));
#8825 = ORIENTED_EDGE('',*,*,#4696,.F.);
#8826 = ORIENTED_EDGE('',*,*,#8820,.F.);
#8827 = CYLINDRICAL_SURFACE('',#8828,0.5);
#8828 = AXIS2_PLACEMENT_3D('',#8829,#8830,#8831);
#8829 = CARTESIAN_POINT('',(116.302937,-64.913786,-4.5E-02));
#8830 = DIRECTION('',(-0.,-0.,-1.));
#8831 = DIRECTION('',(-0.,-1.,0.));
#8832 = ADVANCED_FACE('',(#8833),#8844,.F.);
#8833 = FACE_BOUND('',#8834,.T.);
#8834 = EDGE_LOOP('',(#8835,#8836,#8842,#8843));
#8835 = ORIENTED_EDGE('',*,*,#1531,.T.);
#8836 = ORIENTED_EDGE('',*,*,#8837,.T.);
#8837 = EDGE_CURVE('',#1532,#4708,#8838,.T.);
#8838 = LINE('',#8839,#8840);
#8839 = CARTESIAN_POINT('',(120.660937,-65.113786,-4.5E-02));
#8840 = VECTOR('',#8841,1.);
#8841 = DIRECTION('',(0.,0.,1.));
#8842 = ORIENTED_EDGE('',*,*,#4707,.F.);
#8843 = ORIENTED_EDGE('',*,*,#8837,.F.);
#8844 = CYLINDRICAL_SURFACE('',#8845,0.2);
#8845 = AXIS2_PLACEMENT_3D('',#8846,#8847,#8848);
#8846 = CARTESIAN_POINT('',(120.660937,-64.913786,-4.5E-02));
#8847 = DIRECTION('',(-0.,-0.,-1.));
#8848 = DIRECTION('',(-0.,-1.,0.));
#8849 = ADVANCED_FACE('',(#8850),#8861,.F.);
#8850 = FACE_BOUND('',#8851,.T.);
#8851 = EDGE_LOOP('',(#8852,#8853,#8859,#8860));
#8852 = ORIENTED_EDGE('',*,*,#1542,.T.);
#8853 = ORIENTED_EDGE('',*,*,#8854,.T.);
#8854 = EDGE_CURVE('',#1543,#4719,#8855,.T.);
#8855 = LINE('',#8856,#8857);
#8856 = CARTESIAN_POINT('',(125.192937,-73.103786,-4.5E-02));
#8857 = VECTOR('',#8858,1.);
#8858 = DIRECTION('',(0.,0.,1.));
#8859 = ORIENTED_EDGE('',*,*,#4718,.F.);
#8860 = ORIENTED_EDGE('',*,*,#8854,.F.);
#8861 = CYLINDRICAL_SURFACE('',#8862,0.5);
#8862 = AXIS2_PLACEMENT_3D('',#8863,#8864,#8865);
#8863 = CARTESIAN_POINT('',(125.192937,-72.603786,-4.5E-02));
#8864 = DIRECTION('',(-0.,-0.,-1.));
#8865 = DIRECTION('',(-0.,-1.,0.));
#8866 = ADVANCED_FACE('',(#8867),#8878,.F.);
#8867 = FACE_BOUND('',#8868,.T.);
#8868 = EDGE_LOOP('',(#8869,#8870,#8876,#8877));
#8869 = ORIENTED_EDGE('',*,*,#1553,.T.);
#8870 = ORIENTED_EDGE('',*,*,#8871,.T.);
#8871 = EDGE_CURVE('',#1554,#4730,#8872,.T.);
#8872 = LINE('',#8873,#8874);
#8873 = CARTESIAN_POINT('',(127.732937,-73.103786,-4.5E-02));
#8874 = VECTOR('',#8875,1.);
#8875 = DIRECTION('',(0.,0.,1.));
#8876 = ORIENTED_EDGE('',*,*,#4729,.F.);
#8877 = ORIENTED_EDGE('',*,*,#8871,.F.);
#8878 = CYLINDRICAL_SURFACE('',#8879,0.5);
#8879 = AXIS2_PLACEMENT_3D('',#8880,#8881,#8882);
#8880 = CARTESIAN_POINT('',(127.732937,-72.603786,-4.5E-02));
#8881 = DIRECTION('',(-0.,0.,-1.));
#8882 = DIRECTION('',(2.84217094304E-14,-1.,-0.));
#8883 = ADVANCED_FACE('',(#8884),#8895,.F.);
#8884 = FACE_BOUND('',#8885,.T.);
#8885 = EDGE_LOOP('',(#8886,#8887,#8893,#8894));
#8886 = ORIENTED_EDGE('',*,*,#1564,.T.);
#8887 = ORIENTED_EDGE('',*,*,#8888,.T.);
#8888 = EDGE_CURVE('',#1565,#4741,#8889,.T.);
#8889 = LINE('',#8890,#8891);
#8890 = CARTESIAN_POINT('',(132.922937,-74.053786,-4.5E-02));
#8891 = VECTOR('',#8892,1.);
#8892 = DIRECTION('',(0.,0.,1.));
#8893 = ORIENTED_EDGE('',*,*,#4740,.F.);
#8894 = ORIENTED_EDGE('',*,*,#8888,.F.);
#8895 = CYLINDRICAL_SURFACE('',#8896,1.1);
#8896 = AXIS2_PLACEMENT_3D('',#8897,#8898,#8899);
#8897 = CARTESIAN_POINT('',(132.922937,-72.953786,-4.5E-02));
#8898 = DIRECTION('',(-0.,-0.,-1.));
#8899 = DIRECTION('',(-0.,-1.,0.));
#8900 = ADVANCED_FACE('',(#8901),#8912,.F.);
#8901 = FACE_BOUND('',#8902,.T.);
#8902 = EDGE_LOOP('',(#8903,#8904,#8910,#8911));
#8903 = ORIENTED_EDGE('',*,*,#1575,.T.);
#8904 = ORIENTED_EDGE('',*,*,#8905,.T.);
#8905 = EDGE_CURVE('',#1576,#4752,#8906,.T.);
#8906 = LINE('',#8907,#8908);
#8907 = CARTESIAN_POINT('',(127.184937,-65.113786,-4.5E-02));
#8908 = VECTOR('',#8909,1.);
#8909 = DIRECTION('',(0.,0.,1.));
#8910 = ORIENTED_EDGE('',*,*,#4751,.F.);
#8911 = ORIENTED_EDGE('',*,*,#8905,.F.);
#8912 = CYLINDRICAL_SURFACE('',#8913,0.2);
#8913 = AXIS2_PLACEMENT_3D('',#8914,#8915,#8916);
#8914 = CARTESIAN_POINT('',(127.184937,-64.913786,-4.5E-02));
#8915 = DIRECTION('',(-0.,0.,-1.));
#8916 = DIRECTION('',(7.105427357601E-14,-1.,-0.));
#8917 = ADVANCED_FACE('',(#8918),#8929,.F.);
#8918 = FACE_BOUND('',#8919,.T.);
#8919 = EDGE_LOOP('',(#8920,#8921,#8927,#8928));
#8920 = ORIENTED_EDGE('',*,*,#1586,.T.);
#8921 = ORIENTED_EDGE('',*,*,#8922,.T.);
#8922 = EDGE_CURVE('',#1587,#4763,#8923,.T.);
#8923 = LINE('',#8924,#8925);
#8924 = CARTESIAN_POINT('',(131.542937,-65.413786,-4.5E-02));
#8925 = VECTOR('',#8926,1.);
#8926 = DIRECTION('',(0.,0.,1.));
#8927 = ORIENTED_EDGE('',*,*,#4762,.F.);
#8928 = ORIENTED_EDGE('',*,*,#8922,.F.);
#8929 = CYLINDRICAL_SURFACE('',#8930,0.5);
#8930 = AXIS2_PLACEMENT_3D('',#8931,#8932,#8933);
#8931 = CARTESIAN_POINT('',(131.542937,-64.913786,-4.5E-02));
#8932 = DIRECTION('',(-0.,-0.,-1.));
#8933 = DIRECTION('',(-0.,-1.,0.));
#8934 = ADVANCED_FACE('',(#8935),#8946,.F.);
#8935 = FACE_BOUND('',#8936,.T.);
#8936 = EDGE_LOOP('',(#8937,#8938,#8944,#8945));
#8937 = ORIENTED_EDGE('',*,*,#1597,.T.);
#8938 = ORIENTED_EDGE('',*,*,#8939,.T.);
#8939 = EDGE_CURVE('',#1598,#4774,#8940,.T.);
#8940 = LINE('',#8941,#8942);
#8941 = CARTESIAN_POINT('',(18.222937,-60.825786,-4.5E-02));
#8942 = VECTOR('',#8943,1.);
#8943 = DIRECTION('',(0.,0.,1.));
#8944 = ORIENTED_EDGE('',*,*,#4773,.F.);
#8945 = ORIENTED_EDGE('',*,*,#8939,.F.);
#8946 = CYLINDRICAL_SURFACE('',#8947,0.15);
#8947 = AXIS2_PLACEMENT_3D('',#8948,#8949,#8950);
#8948 = CARTESIAN_POINT('',(18.222937,-60.675786,-4.5E-02));
#8949 = DIRECTION('',(-0.,-0.,-1.));
#8950 = DIRECTION('',(-0.,-1.,0.));
#8951 = ADVANCED_FACE('',(#8952),#8963,.F.);
#8952 = FACE_BOUND('',#8953,.T.);
#8953 = EDGE_LOOP('',(#8954,#8955,#8961,#8962));
#8954 = ORIENTED_EDGE('',*,*,#1608,.T.);
#8955 = ORIENTED_EDGE('',*,*,#8956,.T.);
#8956 = EDGE_CURVE('',#1609,#4785,#8957,.T.);
#8957 = LINE('',#8958,#8959);
#8958 = CARTESIAN_POINT('',(20.222937,-59.425786,-4.5E-02));
#8959 = VECTOR('',#8960,1.);
#8960 = DIRECTION('',(0.,0.,1.));
#8961 = ORIENTED_EDGE('',*,*,#4784,.F.);
#8962 = ORIENTED_EDGE('',*,*,#8956,.F.);
#8963 = CYLINDRICAL_SURFACE('',#8964,0.95);
#8964 = AXIS2_PLACEMENT_3D('',#8965,#8966,#8967);
#8965 = CARTESIAN_POINT('',(20.222937,-58.475786,-4.5E-02));
#8966 = DIRECTION('',(-0.,-0.,-1.));
#8967 = DIRECTION('',(-0.,-1.,0.));
#8968 = ADVANCED_FACE('',(#8969),#8980,.F.);
#8969 = FACE_BOUND('',#8970,.T.);
#8970 = EDGE_LOOP('',(#8971,#8972,#8978,#8979));
#8971 = ORIENTED_EDGE('',*,*,#1619,.T.);
#8972 = ORIENTED_EDGE('',*,*,#8973,.T.);
#8973 = EDGE_CURVE('',#1620,#4796,#8974,.T.);
#8974 = LINE('',#8975,#8976);
#8975 = CARTESIAN_POINT('',(25.722937,-60.975786,-4.5E-02));
#8976 = VECTOR('',#8977,1.);
#8977 = DIRECTION('',(0.,0.,1.));
#8978 = ORIENTED_EDGE('',*,*,#4795,.F.);
#8979 = ORIENTED_EDGE('',*,*,#8973,.F.);
#8980 = CYLINDRICAL_SURFACE('',#8981,2.5);
#8981 = AXIS2_PLACEMENT_3D('',#8982,#8983,#8984);
#8982 = CARTESIAN_POINT('',(25.722937,-58.475786,-4.5E-02));
#8983 = DIRECTION('',(-0.,-0.,-1.));
#8984 = DIRECTION('',(-0.,-1.,0.));
#8985 = ADVANCED_FACE('',(#8986),#8997,.F.);
#8986 = FACE_BOUND('',#8987,.T.);
#8987 = EDGE_LOOP('',(#8988,#8989,#8995,#8996));
#8988 = ORIENTED_EDGE('',*,*,#1630,.T.);
#8989 = ORIENTED_EDGE('',*,*,#8990,.T.);
#8990 = EDGE_CURVE('',#1631,#4807,#8991,.T.);
#8991 = LINE('',#8992,#8993);
#8992 = CARTESIAN_POINT('',(31.222937,-59.425786,-4.5E-02));
#8993 = VECTOR('',#8994,1.);
#8994 = DIRECTION('',(0.,0.,1.));
#8995 = ORIENTED_EDGE('',*,*,#4806,.F.);
#8996 = ORIENTED_EDGE('',*,*,#8990,.F.);
#8997 = CYLINDRICAL_SURFACE('',#8998,0.95);
#8998 = AXIS2_PLACEMENT_3D('',#8999,#9000,#9001);
#8999 = CARTESIAN_POINT('',(31.222937,-58.475786,-4.5E-02));
#9000 = DIRECTION('',(-0.,0.,-1.));
#9001 = DIRECTION('',(3.739698609264E-15,-1.,-0.));
#9002 = ADVANCED_FACE('',(#9003),#9014,.F.);
#9003 = FACE_BOUND('',#9004,.T.);
#9004 = EDGE_LOOP('',(#9005,#9006,#9012,#9013));
#9005 = ORIENTED_EDGE('',*,*,#1641,.T.);
#9006 = ORIENTED_EDGE('',*,*,#9007,.T.);
#9007 = EDGE_CURVE('',#1642,#4818,#9008,.T.);
#9008 = LINE('',#9009,#9010);
#9009 = CARTESIAN_POINT('',(20.722937,-56.225786,-4.5E-02));
#9010 = VECTOR('',#9011,1.);
#9011 = DIRECTION('',(0.,0.,1.));
#9012 = ORIENTED_EDGE('',*,*,#4817,.F.);
#9013 = ORIENTED_EDGE('',*,*,#9007,.F.);
#9014 = CYLINDRICAL_SURFACE('',#9015,1.5);
#9015 = AXIS2_PLACEMENT_3D('',#9016,#9017,#9018);
#9016 = CARTESIAN_POINT('',(20.722937,-54.725786,-4.5E-02));
#9017 = DIRECTION('',(-0.,-0.,-1.));
#9018 = DIRECTION('',(-0.,-1.,0.));
#9019 = ADVANCED_FACE('',(#9020),#9031,.F.);
#9020 = FACE_BOUND('',#9021,.T.);
#9021 = EDGE_LOOP('',(#9022,#9023,#9029,#9030));
#9022 = ORIENTED_EDGE('',*,*,#1652,.T.);
#9023 = ORIENTED_EDGE('',*,*,#9024,.T.);
#9024 = EDGE_CURVE('',#1653,#4829,#9025,.T.);
#9025 = LINE('',#9026,#9027);
#9026 = CARTESIAN_POINT('',(30.722937,-56.225786,-4.5E-02));
#9027 = VECTOR('',#9028,1.);
#9028 = DIRECTION('',(0.,0.,1.));
#9029 = ORIENTED_EDGE('',*,*,#4828,.F.);
#9030 = ORIENTED_EDGE('',*,*,#9024,.F.);
#9031 = CYLINDRICAL_SURFACE('',#9032,1.5);
#9032 = AXIS2_PLACEMENT_3D('',#9033,#9034,#9035);
#9033 = CARTESIAN_POINT('',(30.722937,-54.725786,-4.5E-02));
#9034 = DIRECTION('',(-0.,-0.,-1.));
#9035 = DIRECTION('',(-0.,-1.,0.));
#9036 = ADVANCED_FACE('',(#9037),#9048,.F.);
#9037 = FACE_BOUND('',#9038,.T.);
#9038 = EDGE_LOOP('',(#9039,#9040,#9046,#9047));
#9039 = ORIENTED_EDGE('',*,*,#1663,.T.);
#9040 = ORIENTED_EDGE('',*,*,#9041,.T.);
#9041 = EDGE_CURVE('',#1664,#4840,#9042,.T.);
#9042 = LINE('',#9043,#9044);
#9043 = CARTESIAN_POINT('',(25.722937,-54.025786,-4.5E-02));
#9044 = VECTOR('',#9045,1.);
#9045 = DIRECTION('',(0.,0.,1.));
#9046 = ORIENTED_EDGE('',*,*,#4839,.F.);
#9047 = ORIENTED_EDGE('',*,*,#9041,.F.);
#9048 = CYLINDRICAL_SURFACE('',#9049,1.5);
#9049 = AXIS2_PLACEMENT_3D('',#9050,#9051,#9052);
#9050 = CARTESIAN_POINT('',(25.722937,-52.525786,-4.5E-02));
#9051 = DIRECTION('',(-0.,-0.,-1.));
#9052 = DIRECTION('',(-0.,-1.,0.));
#9053 = ADVANCED_FACE('',(#9054),#9065,.F.);
#9054 = FACE_BOUND('',#9055,.T.);
#9055 = EDGE_LOOP('',(#9056,#9057,#9063,#9064));
#9056 = ORIENTED_EDGE('',*,*,#1674,.T.);
#9057 = ORIENTED_EDGE('',*,*,#9058,.T.);
#9058 = EDGE_CURVE('',#1675,#4851,#9059,.T.);
#9059 = LINE('',#9060,#9061);
#9060 = CARTESIAN_POINT('',(35.922937,-61.345786,-4.5E-02));
#9061 = VECTOR('',#9062,1.);
#9062 = DIRECTION('',(0.,0.,1.));
#9063 = ORIENTED_EDGE('',*,*,#4850,.F.);
#9064 = ORIENTED_EDGE('',*,*,#9058,.F.);
#9065 = CYLINDRICAL_SURFACE('',#9066,1.1);
#9066 = AXIS2_PLACEMENT_3D('',#9067,#9068,#9069);
#9067 = CARTESIAN_POINT('',(35.922937,-60.245786,-4.5E-02));
#9068 = DIRECTION('',(-0.,-0.,-1.));
#9069 = DIRECTION('',(-6.459479416001E-15,-1.,0.));
#9070 = ADVANCED_FACE('',(#9071),#9082,.F.);
#9071 = FACE_BOUND('',#9072,.T.);
#9072 = EDGE_LOOP('',(#9073,#9074,#9080,#9081));
#9073 = ORIENTED_EDGE('',*,*,#1685,.T.);
#9074 = ORIENTED_EDGE('',*,*,#9075,.T.);
#9075 = EDGE_CURVE('',#1686,#4862,#9076,.T.);
#9076 = LINE('',#9077,#9078);
#9077 = CARTESIAN_POINT('',(37.272937,-56.005786,-4.5E-02));
#9078 = VECTOR('',#9079,1.);
#9079 = DIRECTION('',(0.,0.,1.));
#9080 = ORIENTED_EDGE('',*,*,#4861,.F.);
#9081 = ORIENTED_EDGE('',*,*,#9075,.F.);
#9082 = CYLINDRICAL_SURFACE('',#9083,0.15);
#9083 = AXIS2_PLACEMENT_3D('',#9084,#9085,#9086);
#9084 = CARTESIAN_POINT('',(37.272937,-55.855786,-4.5E-02));
#9085 = DIRECTION('',(-0.,-0.,-1.));
#9086 = DIRECTION('',(-0.,-1.,0.));
#9087 = ADVANCED_FACE('',(#9088),#9099,.F.);
#9088 = FACE_BOUND('',#9089,.T.);
#9089 = EDGE_LOOP('',(#9090,#9091,#9097,#9098));
#9090 = ORIENTED_EDGE('',*,*,#1696,.T.);
#9091 = ORIENTED_EDGE('',*,*,#9092,.T.);
#9092 = EDGE_CURVE('',#1697,#4873,#9093,.T.);
#9093 = LINE('',#9094,#9095);
#9094 = CARTESIAN_POINT('',(39.772937,-56.805786,-4.5E-02));
#9095 = VECTOR('',#9096,1.);
#9096 = DIRECTION('',(0.,0.,1.));
#9097 = ORIENTED_EDGE('',*,*,#4872,.F.);
#9098 = ORIENTED_EDGE('',*,*,#9092,.F.);
#9099 = CYLINDRICAL_SURFACE('',#9100,0.8);
#9100 = AXIS2_PLACEMENT_3D('',#9101,#9102,#9103);
#9101 = CARTESIAN_POINT('',(39.772937,-56.005786,-4.5E-02));
#9102 = DIRECTION('',(-0.,-0.,-1.));
#9103 = DIRECTION('',(-0.,-1.,0.));
#9104 = ADVANCED_FACE('',(#9105),#9116,.F.);
#9105 = FACE_BOUND('',#9106,.T.);
#9106 = EDGE_LOOP('',(#9107,#9108,#9114,#9115));
#9107 = ORIENTED_EDGE('',*,*,#1707,.T.);
#9108 = ORIENTED_EDGE('',*,*,#9109,.T.);
#9109 = EDGE_CURVE('',#1708,#4884,#9110,.T.);
#9110 = LINE('',#9111,#9112);
#9111 = CARTESIAN_POINT('',(37.272937,-53.205786,-4.5E-02));
#9112 = VECTOR('',#9113,1.);
#9113 = DIRECTION('',(0.,0.,1.));
#9114 = ORIENTED_EDGE('',*,*,#4883,.F.);
#9115 = ORIENTED_EDGE('',*,*,#9109,.F.);
#9116 = CYLINDRICAL_SURFACE('',#9117,0.15);
#9117 = AXIS2_PLACEMENT_3D('',#9118,#9119,#9120);
#9118 = CARTESIAN_POINT('',(37.272937,-53.055786,-4.5E-02));
#9119 = DIRECTION('',(-0.,-0.,-1.));
#9120 = DIRECTION('',(-0.,-1.,0.));
#9121 = ADVANCED_FACE('',(#9122),#9133,.F.);
#9122 = FACE_BOUND('',#9123,.T.);
#9123 = EDGE_LOOP('',(#9124,#9125,#9131,#9132));
#9124 = ORIENTED_EDGE('',*,*,#1718,.T.);
#9125 = ORIENTED_EDGE('',*,*,#9126,.T.);
#9126 = EDGE_CURVE('',#1719,#4895,#9127,.T.);
#9127 = LINE('',#9128,#9129);
#9128 = CARTESIAN_POINT('',(18.222937,-44.575786,-4.5E-02));
#9129 = VECTOR('',#9130,1.);
#9130 = DIRECTION('',(0.,0.,1.));
#9131 = ORIENTED_EDGE('',*,*,#4894,.F.);
#9132 = ORIENTED_EDGE('',*,*,#9126,.F.);
#9133 = CYLINDRICAL_SURFACE('',#9134,0.15);
#9134 = AXIS2_PLACEMENT_3D('',#9135,#9136,#9137);
#9135 = CARTESIAN_POINT('',(18.222937,-44.425786,-4.5E-02));
#9136 = DIRECTION('',(-0.,-0.,-1.));
#9137 = DIRECTION('',(-0.,-1.,0.));
#9138 = ADVANCED_FACE('',(#9139),#9150,.F.);
#9139 = FACE_BOUND('',#9140,.T.);
#9140 = EDGE_LOOP('',(#9141,#9142,#9148,#9149));
#9141 = ORIENTED_EDGE('',*,*,#1729,.T.);
#9142 = ORIENTED_EDGE('',*,*,#9143,.T.);
#9143 = EDGE_CURVE('',#1730,#4906,#9144,.T.);
#9144 = LINE('',#9145,#9146);
#9145 = CARTESIAN_POINT('',(20.722937,-45.375786,-4.5E-02));
#9146 = VECTOR('',#9147,1.);
#9147 = DIRECTION('',(0.,0.,1.));
#9148 = ORIENTED_EDGE('',*,*,#4905,.F.);
#9149 = ORIENTED_EDGE('',*,*,#9143,.F.);
#9150 = CYLINDRICAL_SURFACE('',#9151,0.8);
#9151 = AXIS2_PLACEMENT_3D('',#9152,#9153,#9154);
#9152 = CARTESIAN_POINT('',(20.722937,-44.575786,-4.5E-02));
#9153 = DIRECTION('',(-0.,-0.,-1.));
#9154 = DIRECTION('',(-0.,-1.,0.));
#9155 = ADVANCED_FACE('',(#9156),#9167,.F.);
#9156 = FACE_BOUND('',#9157,.T.);
#9157 = EDGE_LOOP('',(#9158,#9159,#9165,#9166));
#9158 = ORIENTED_EDGE('',*,*,#1740,.T.);
#9159 = ORIENTED_EDGE('',*,*,#9160,.T.);
#9160 = EDGE_CURVE('',#1741,#4917,#9161,.T.);
#9161 = LINE('',#9162,#9163);
#9162 = CARTESIAN_POINT('',(18.222937,-41.775786,-4.5E-02));
#9163 = VECTOR('',#9164,1.);
#9164 = DIRECTION('',(0.,0.,1.));
#9165 = ORIENTED_EDGE('',*,*,#4916,.F.);
#9166 = ORIENTED_EDGE('',*,*,#9160,.F.);
#9167 = CYLINDRICAL_SURFACE('',#9168,0.15);
#9168 = AXIS2_PLACEMENT_3D('',#9169,#9170,#9171);
#9169 = CARTESIAN_POINT('',(18.222937,-41.625786,-4.5E-02));
#9170 = DIRECTION('',(-0.,-0.,-1.));
#9171 = DIRECTION('',(-0.,-1.,0.));
#9172 = ADVANCED_FACE('',(#9173),#9184,.F.);
#9173 = FACE_BOUND('',#9174,.T.);
#9174 = EDGE_LOOP('',(#9175,#9176,#9182,#9183));
#9175 = ORIENTED_EDGE('',*,*,#1751,.T.);
#9176 = ORIENTED_EDGE('',*,*,#9177,.T.);
#9177 = EDGE_CURVE('',#1752,#4928,#9178,.T.);
#9178 = LINE('',#9179,#9180);
#9179 = CARTESIAN_POINT('',(30.722937,-45.375786,-4.5E-02));
#9180 = VECTOR('',#9181,1.);
#9181 = DIRECTION('',(0.,0.,1.));
#9182 = ORIENTED_EDGE('',*,*,#4927,.F.);
#9183 = ORIENTED_EDGE('',*,*,#9177,.F.);
#9184 = CYLINDRICAL_SURFACE('',#9185,0.8);
#9185 = AXIS2_PLACEMENT_3D('',#9186,#9187,#9188);
#9186 = CARTESIAN_POINT('',(30.722937,-44.575786,-4.5E-02));
#9187 = DIRECTION('',(-0.,-0.,-1.));
#9188 = DIRECTION('',(-0.,-1.,0.));
#9189 = ADVANCED_FACE('',(#9190),#9201,.F.);
#9190 = FACE_BOUND('',#9191,.T.);
#9191 = EDGE_LOOP('',(#9192,#9193,#9199,#9200));
#9192 = ORIENTED_EDGE('',*,*,#1762,.T.);
#9193 = ORIENTED_EDGE('',*,*,#9194,.T.);
#9194 = EDGE_CURVE('',#1763,#4939,#9195,.T.);
#9195 = LINE('',#9196,#9197);
#9196 = CARTESIAN_POINT('',(39.272937,-51.805786,-4.5E-02));
#9197 = VECTOR('',#9198,1.);
#9198 = DIRECTION('',(0.,0.,1.));
#9199 = ORIENTED_EDGE('',*,*,#4938,.F.);
#9200 = ORIENTED_EDGE('',*,*,#9194,.F.);
#9201 = CYLINDRICAL_SURFACE('',#9202,0.95);
#9202 = AXIS2_PLACEMENT_3D('',#9203,#9204,#9205);
#9203 = CARTESIAN_POINT('',(39.272937,-50.855786,-4.5E-02));
#9204 = DIRECTION('',(-0.,-0.,-1.));
#9205 = DIRECTION('',(-0.,-1.,0.));
#9206 = ADVANCED_FACE('',(#9207),#9218,.F.);
#9207 = FACE_BOUND('',#9208,.T.);
#9208 = EDGE_LOOP('',(#9209,#9210,#9216,#9217));
#9209 = ORIENTED_EDGE('',*,*,#1773,.T.);
#9210 = ORIENTED_EDGE('',*,*,#9211,.T.);
#9211 = EDGE_CURVE('',#1774,#4950,#9212,.T.);
#9212 = LINE('',#9213,#9214);
#9213 = CARTESIAN_POINT('',(39.772937,-48.605786,-4.5E-02));
#9214 = VECTOR('',#9215,1.);
#9215 = DIRECTION('',(0.,0.,1.));
#9216 = ORIENTED_EDGE('',*,*,#4949,.F.);
#9217 = ORIENTED_EDGE('',*,*,#9211,.F.);
#9218 = CYLINDRICAL_SURFACE('',#9219,1.5);
#9219 = AXIS2_PLACEMENT_3D('',#9220,#9221,#9222);
#9220 = CARTESIAN_POINT('',(39.772937,-47.105786,-4.5E-02));
#9221 = DIRECTION('',(-0.,-0.,-1.));
#9222 = DIRECTION('',(-0.,-1.,0.));
#9223 = ADVANCED_FACE('',(#9224),#9235,.F.);
#9224 = FACE_BOUND('',#9225,.T.);
#9225 = EDGE_LOOP('',(#9226,#9227,#9233,#9234));
#9226 = ORIENTED_EDGE('',*,*,#1784,.T.);
#9227 = ORIENTED_EDGE('',*,*,#9228,.T.);
#9228 = EDGE_CURVE('',#1785,#4961,#9229,.T.);
#9229 = LINE('',#9230,#9231);
#9230 = CARTESIAN_POINT('',(44.772937,-53.355786,-4.5E-02));
#9231 = VECTOR('',#9232,1.);
#9232 = DIRECTION('',(0.,0.,1.));
#9233 = ORIENTED_EDGE('',*,*,#4960,.F.);
#9234 = ORIENTED_EDGE('',*,*,#9228,.F.);
#9235 = CYLINDRICAL_SURFACE('',#9236,2.5);
#9236 = AXIS2_PLACEMENT_3D('',#9237,#9238,#9239);
#9237 = CARTESIAN_POINT('',(44.772937,-50.855786,-4.5E-02));
#9238 = DIRECTION('',(-0.,-0.,-1.));
#9239 = DIRECTION('',(-0.,-1.,0.));
#9240 = ADVANCED_FACE('',(#9241),#9252,.F.);
#9241 = FACE_BOUND('',#9242,.T.);
#9242 = EDGE_LOOP('',(#9243,#9244,#9250,#9251));
#9243 = ORIENTED_EDGE('',*,*,#1795,.T.);
#9244 = ORIENTED_EDGE('',*,*,#9245,.T.);
#9245 = EDGE_CURVE('',#1796,#4972,#9246,.T.);
#9246 = LINE('',#9247,#9248);
#9247 = CARTESIAN_POINT('',(35.922937,-42.295786,-4.5E-02));
#9248 = VECTOR('',#9249,1.);
#9249 = DIRECTION('',(0.,0.,1.));
#9250 = ORIENTED_EDGE('',*,*,#4971,.F.);
#9251 = ORIENTED_EDGE('',*,*,#9245,.F.);
#9252 = CYLINDRICAL_SURFACE('',#9253,1.1);
#9253 = AXIS2_PLACEMENT_3D('',#9254,#9255,#9256);
#9254 = CARTESIAN_POINT('',(35.922937,-41.195786,-4.5E-02));
#9255 = DIRECTION('',(-0.,-0.,-1.));
#9256 = DIRECTION('',(-6.459479416001E-15,-1.,0.));
#9257 = ADVANCED_FACE('',(#9258),#9269,.F.);
#9258 = FACE_BOUND('',#9259,.T.);
#9259 = EDGE_LOOP('',(#9260,#9261,#9267,#9268));
#9260 = ORIENTED_EDGE('',*,*,#1806,.T.);
#9261 = ORIENTED_EDGE('',*,*,#9262,.T.);
#9262 = EDGE_CURVE('',#1807,#4983,#9263,.T.);
#9263 = LINE('',#9264,#9265);
#9264 = CARTESIAN_POINT('',(44.772937,-46.405786,-4.5E-02));
#9265 = VECTOR('',#9266,1.);
#9266 = DIRECTION('',(0.,0.,1.));
#9267 = ORIENTED_EDGE('',*,*,#4982,.F.);
#9268 = ORIENTED_EDGE('',*,*,#9262,.F.);
#9269 = CYLINDRICAL_SURFACE('',#9270,1.5);
#9270 = AXIS2_PLACEMENT_3D('',#9271,#9272,#9273);
#9271 = CARTESIAN_POINT('',(44.772937,-44.905786,-4.5E-02));
#9272 = DIRECTION('',(-0.,-0.,-1.));
#9273 = DIRECTION('',(-0.,-1.,0.));
#9274 = ADVANCED_FACE('',(#9275),#9286,.F.);
#9275 = FACE_BOUND('',#9276,.T.);
#9276 = EDGE_LOOP('',(#9277,#9278,#9284,#9285));
#9277 = ORIENTED_EDGE('',*,*,#1817,.T.);
#9278 = ORIENTED_EDGE('',*,*,#9279,.T.);
#9279 = EDGE_CURVE('',#1818,#4994,#9280,.T.);
#9280 = LINE('',#9281,#9282);
#9281 = CARTESIAN_POINT('',(58.822937,-62.321786,-4.5E-02));
#9282 = VECTOR('',#9283,1.);
#9283 = DIRECTION('',(0.,0.,1.));
#9284 = ORIENTED_EDGE('',*,*,#4993,.F.);
#9285 = ORIENTED_EDGE('',*,*,#9279,.F.);
#9286 = CYLINDRICAL_SURFACE('',#9287,1.5);
#9287 = AXIS2_PLACEMENT_3D('',#9288,#9289,#9290);
#9288 = CARTESIAN_POINT('',(58.822937,-60.821786,-4.5E-02));
#9289 = DIRECTION('',(-0.,-0.,-1.));
#9290 = DIRECTION('',(-0.,-1.,0.));
#9291 = ADVANCED_FACE('',(#9292),#9303,.F.);
#9292 = FACE_BOUND('',#9293,.T.);
#9293 = EDGE_LOOP('',(#9294,#9295,#9301,#9302));
#9294 = ORIENTED_EDGE('',*,*,#1828,.T.);
#9295 = ORIENTED_EDGE('',*,*,#9296,.T.);
#9296 = EDGE_CURVE('',#1829,#5005,#9297,.T.);
#9297 = LINE('',#9298,#9299);
#9298 = CARTESIAN_POINT('',(63.822937,-60.121786,-4.5E-02));
#9299 = VECTOR('',#9300,1.);
#9300 = DIRECTION('',(0.,0.,1.));
#9301 = ORIENTED_EDGE('',*,*,#5004,.F.);
#9302 = ORIENTED_EDGE('',*,*,#9296,.F.);
#9303 = CYLINDRICAL_SURFACE('',#9304,1.5);
#9304 = AXIS2_PLACEMENT_3D('',#9305,#9306,#9307);
#9305 = CARTESIAN_POINT('',(63.822937,-58.621786,-4.5E-02));
#9306 = DIRECTION('',(-0.,0.,-1.));
#9307 = DIRECTION('',(4.736951571734E-15,-1.,-0.));
#9308 = ADVANCED_FACE('',(#9309),#9320,.F.);
#9309 = FACE_BOUND('',#9310,.T.);
#9310 = EDGE_LOOP('',(#9311,#9312,#9318,#9319));
#9311 = ORIENTED_EDGE('',*,*,#1839,.T.);
#9312 = ORIENTED_EDGE('',*,*,#9313,.T.);
#9313 = EDGE_CURVE('',#1840,#5016,#9314,.T.);
#9314 = LINE('',#9315,#9316);
#9315 = CARTESIAN_POINT('',(49.772937,-56.805786,-4.5E-02));
#9316 = VECTOR('',#9317,1.);
#9317 = DIRECTION('',(0.,0.,1.));
#9318 = ORIENTED_EDGE('',*,*,#5015,.F.);
#9319 = ORIENTED_EDGE('',*,*,#9313,.F.);
#9320 = CYLINDRICAL_SURFACE('',#9321,0.8);
#9321 = AXIS2_PLACEMENT_3D('',#9322,#9323,#9324);
#9322 = CARTESIAN_POINT('',(49.772937,-56.005786,-4.5E-02));
#9323 = DIRECTION('',(-0.,-0.,-1.));
#9324 = DIRECTION('',(-0.,-1.,0.));
#9325 = ADVANCED_FACE('',(#9326),#9337,.F.);
#9326 = FACE_BOUND('',#9327,.T.);
#9327 = EDGE_LOOP('',(#9328,#9329,#9335,#9336));
#9328 = ORIENTED_EDGE('',*,*,#1850,.T.);
#9329 = ORIENTED_EDGE('',*,*,#9330,.T.);
#9330 = EDGE_CURVE('',#1851,#5027,#9331,.T.);
#9331 = LINE('',#9332,#9333);
#9332 = CARTESIAN_POINT('',(68.822937,-62.321786,-4.5E-02));
#9333 = VECTOR('',#9334,1.);
#9334 = DIRECTION('',(0.,0.,1.));
#9335 = ORIENTED_EDGE('',*,*,#5026,.F.);
#9336 = ORIENTED_EDGE('',*,*,#9330,.F.);
#9337 = CYLINDRICAL_SURFACE('',#9338,1.5);
#9338 = AXIS2_PLACEMENT_3D('',#9339,#9340,#9341);
#9339 = CARTESIAN_POINT('',(68.822937,-60.821786,-4.5E-02));
#9340 = DIRECTION('',(-0.,-0.,-1.));
#9341 = DIRECTION('',(-0.,-1.,0.));
#9342 = ADVANCED_FACE('',(#9343),#9354,.F.);
#9343 = FACE_BOUND('',#9344,.T.);
#9344 = EDGE_LOOP('',(#9345,#9346,#9352,#9353));
#9345 = ORIENTED_EDGE('',*,*,#1861,.T.);
#9346 = ORIENTED_EDGE('',*,*,#9347,.T.);
#9347 = EDGE_CURVE('',#1862,#5038,#9348,.T.);
#9348 = LINE('',#9349,#9350);
#9349 = CARTESIAN_POINT('',(75.372937,-56.958286,-4.5E-02));
#9350 = VECTOR('',#9351,1.);
#9351 = DIRECTION('',(0.,0.,1.));
#9352 = ORIENTED_EDGE('',*,*,#5037,.F.);
#9353 = ORIENTED_EDGE('',*,*,#9347,.F.);
#9354 = CYLINDRICAL_SURFACE('',#9355,0.15);
#9355 = AXIS2_PLACEMENT_3D('',#9356,#9357,#9358);
#9356 = CARTESIAN_POINT('',(75.372937,-56.808286,-4.5E-02));
#9357 = DIRECTION('',(-0.,-0.,-1.));
#9358 = DIRECTION('',(-9.473903143468E-14,-1.,0.));
#9359 = ADVANCED_FACE('',(#9360),#9371,.F.);
#9360 = FACE_BOUND('',#9361,.T.);
#9361 = EDGE_LOOP('',(#9362,#9363,#9369,#9370));
#9362 = ORIENTED_EDGE('',*,*,#1872,.T.);
#9363 = ORIENTED_EDGE('',*,*,#9364,.T.);
#9364 = EDGE_CURVE('',#1873,#5049,#9365,.T.);
#9365 = LINE('',#9366,#9367);
#9366 = CARTESIAN_POINT('',(77.872937,-57.758286,-4.5E-02));
#9367 = VECTOR('',#9368,1.);
#9368 = DIRECTION('',(0.,0.,1.));
#9369 = ORIENTED_EDGE('',*,*,#5048,.F.);
#9370 = ORIENTED_EDGE('',*,*,#9364,.F.);
#9371 = CYLINDRICAL_SURFACE('',#9372,0.8);
#9372 = AXIS2_PLACEMENT_3D('',#9373,#9374,#9375);
#9373 = CARTESIAN_POINT('',(77.872937,-56.958286,-4.5E-02));
#9374 = DIRECTION('',(-0.,-0.,-1.));
#9375 = DIRECTION('',(-1.7763568394E-14,-1.,0.));
#9376 = ADVANCED_FACE('',(#9377),#9388,.F.);
#9377 = FACE_BOUND('',#9378,.T.);
#9378 = EDGE_LOOP('',(#9379,#9380,#9386,#9387));
#9379 = ORIENTED_EDGE('',*,*,#1883,.T.);
#9380 = ORIENTED_EDGE('',*,*,#9381,.T.);
#9381 = EDGE_CURVE('',#1884,#5060,#9382,.T.);
#9382 = LINE('',#9383,#9384);
#9383 = CARTESIAN_POINT('',(75.372937,-54.158286,-4.5E-02));
#9384 = VECTOR('',#9385,1.);
#9385 = DIRECTION('',(0.,0.,1.));
#9386 = ORIENTED_EDGE('',*,*,#5059,.F.);
#9387 = ORIENTED_EDGE('',*,*,#9381,.F.);
#9388 = CYLINDRICAL_SURFACE('',#9389,0.15);
#9389 = AXIS2_PLACEMENT_3D('',#9390,#9391,#9392);
#9390 = CARTESIAN_POINT('',(75.372937,-54.008286,-4.5E-02));
#9391 = DIRECTION('',(-0.,-0.,-1.));
#9392 = DIRECTION('',(-9.473903143469E-14,-1.,0.));
#9393 = ADVANCED_FACE('',(#9394),#9405,.F.);
#9394 = FACE_BOUND('',#9395,.T.);
#9395 = EDGE_LOOP('',(#9396,#9397,#9403,#9404));
#9396 = ORIENTED_EDGE('',*,*,#1894,.T.);
#9397 = ORIENTED_EDGE('',*,*,#9398,.T.);
#9398 = EDGE_CURVE('',#1895,#5071,#9399,.T.);
#9399 = LINE('',#9400,#9401);
#9400 = CARTESIAN_POINT('',(77.372937,-52.758286,-4.5E-02));
#9401 = VECTOR('',#9402,1.);
#9402 = DIRECTION('',(0.,0.,1.));
#9403 = ORIENTED_EDGE('',*,*,#5070,.F.);
#9404 = ORIENTED_EDGE('',*,*,#9398,.F.);
#9405 = CYLINDRICAL_SURFACE('',#9406,0.95);
#9406 = AXIS2_PLACEMENT_3D('',#9407,#9408,#9409);
#9407 = CARTESIAN_POINT('',(77.372937,-51.808286,-4.5E-02));
#9408 = DIRECTION('',(-0.,-0.,-1.));
#9409 = DIRECTION('',(-1.495879443705E-14,-1.,0.));
#9410 = ADVANCED_FACE('',(#9411),#9422,.F.);
#9411 = FACE_BOUND('',#9412,.T.);
#9412 = EDGE_LOOP('',(#9413,#9414,#9420,#9421));
#9413 = ORIENTED_EDGE('',*,*,#1905,.T.);
#9414 = ORIENTED_EDGE('',*,*,#9415,.T.);
#9415 = EDGE_CURVE('',#1906,#5082,#9416,.T.);
#9416 = LINE('',#9417,#9418);
#9417 = CARTESIAN_POINT('',(50.272937,-51.805786,-4.5E-02));
#9418 = VECTOR('',#9419,1.);
#9419 = DIRECTION('',(0.,0.,1.));
#9420 = ORIENTED_EDGE('',*,*,#5081,.F.);
#9421 = ORIENTED_EDGE('',*,*,#9415,.F.);
#9422 = CYLINDRICAL_SURFACE('',#9423,0.95);
#9423 = AXIS2_PLACEMENT_3D('',#9424,#9425,#9426);
#9424 = CARTESIAN_POINT('',(50.272937,-50.855786,-4.5E-02));
#9425 = DIRECTION('',(-0.,-0.,-1.));
#9426 = DIRECTION('',(-0.,-1.,0.));
#9427 = ADVANCED_FACE('',(#9428),#9439,.F.);
#9428 = FACE_BOUND('',#9429,.T.);
#9429 = EDGE_LOOP('',(#9430,#9431,#9437,#9438));
#9430 = ORIENTED_EDGE('',*,*,#1916,.T.);
#9431 = ORIENTED_EDGE('',*,*,#9432,.T.);
#9432 = EDGE_CURVE('',#1917,#5093,#9433,.T.);
#9433 = LINE('',#9434,#9435);
#9434 = CARTESIAN_POINT('',(49.772937,-48.605786,-4.5E-02));
#9435 = VECTOR('',#9436,1.);
#9436 = DIRECTION('',(0.,0.,1.));
#9437 = ORIENTED_EDGE('',*,*,#5092,.F.);
#9438 = ORIENTED_EDGE('',*,*,#9432,.F.);
#9439 = CYLINDRICAL_SURFACE('',#9440,1.5);
#9440 = AXIS2_PLACEMENT_3D('',#9441,#9442,#9443);
#9441 = CARTESIAN_POINT('',(49.772937,-47.105786,-4.5E-02));
#9442 = DIRECTION('',(-0.,-0.,-1.));
#9443 = DIRECTION('',(-0.,-1.,0.));
#9444 = ADVANCED_FACE('',(#9445),#9456,.F.);
#9445 = FACE_BOUND('',#9446,.T.);
#9446 = EDGE_LOOP('',(#9447,#9448,#9454,#9455));
#9447 = ORIENTED_EDGE('',*,*,#1927,.T.);
#9448 = ORIENTED_EDGE('',*,*,#9449,.T.);
#9449 = EDGE_CURVE('',#1928,#5104,#9450,.T.);
#9450 = LINE('',#9451,#9452);
#9451 = CARTESIAN_POINT('',(56.322937,-50.671786,-4.5E-02));
#9452 = VECTOR('',#9453,1.);
#9453 = DIRECTION('',(0.,0.,1.));
#9454 = ORIENTED_EDGE('',*,*,#5103,.F.);
#9455 = ORIENTED_EDGE('',*,*,#9449,.F.);
#9456 = CYLINDRICAL_SURFACE('',#9457,0.15);
#9457 = AXIS2_PLACEMENT_3D('',#9458,#9459,#9460);
#9458 = CARTESIAN_POINT('',(56.322937,-50.521786,-4.5E-02));
#9459 = DIRECTION('',(-0.,0.,-1.));
#9460 = DIRECTION('',(4.736951571734E-14,-1.,-0.));
#9461 = ADVANCED_FACE('',(#9462),#9473,.F.);
#9462 = FACE_BOUND('',#9463,.T.);
#9463 = EDGE_LOOP('',(#9464,#9465,#9471,#9472));
#9464 = ORIENTED_EDGE('',*,*,#1938,.T.);
#9465 = ORIENTED_EDGE('',*,*,#9466,.T.);
#9466 = EDGE_CURVE('',#1939,#5115,#9467,.T.);
#9467 = LINE('',#9468,#9469);
#9468 = CARTESIAN_POINT('',(58.822937,-51.471786,-4.5E-02));
#9469 = VECTOR('',#9470,1.);
#9470 = DIRECTION('',(0.,0.,1.));
#9471 = ORIENTED_EDGE('',*,*,#5114,.F.);
#9472 = ORIENTED_EDGE('',*,*,#9466,.F.);
#9473 = CYLINDRICAL_SURFACE('',#9474,0.8);
#9474 = AXIS2_PLACEMENT_3D('',#9475,#9476,#9477);
#9475 = CARTESIAN_POINT('',(58.822937,-50.671786,-4.5E-02));
#9476 = DIRECTION('',(-0.,0.,-1.));
#9477 = DIRECTION('',(8.881784197001E-15,-1.,-0.));
#9478 = ADVANCED_FACE('',(#9479),#9490,.F.);
#9479 = FACE_BOUND('',#9480,.T.);
#9480 = EDGE_LOOP('',(#9481,#9482,#9488,#9489));
#9481 = ORIENTED_EDGE('',*,*,#1949,.T.);
#9482 = ORIENTED_EDGE('',*,*,#9483,.T.);
#9483 = EDGE_CURVE('',#1950,#5126,#9484,.T.);
#9484 = LINE('',#9485,#9486);
#9485 = CARTESIAN_POINT('',(56.322937,-47.871786,-4.5E-02));
#9486 = VECTOR('',#9487,1.);
#9487 = DIRECTION('',(0.,0.,1.));
#9488 = ORIENTED_EDGE('',*,*,#5125,.F.);
#9489 = ORIENTED_EDGE('',*,*,#9483,.F.);
#9490 = CYLINDRICAL_SURFACE('',#9491,0.15);
#9491 = AXIS2_PLACEMENT_3D('',#9492,#9493,#9494);
#9492 = CARTESIAN_POINT('',(56.322937,-47.721786,-4.5E-02));
#9493 = DIRECTION('',(-0.,0.,-1.));
#9494 = DIRECTION('',(4.736951571734E-14,-1.,-0.));
#9495 = ADVANCED_FACE('',(#9496),#9507,.F.);
#9496 = FACE_BOUND('',#9497,.T.);
#9497 = EDGE_LOOP('',(#9498,#9499,#9505,#9506));
#9498 = ORIENTED_EDGE('',*,*,#1960,.T.);
#9499 = ORIENTED_EDGE('',*,*,#9500,.T.);
#9500 = EDGE_CURVE('',#1961,#5137,#9501,.T.);
#9501 = LINE('',#9502,#9503);
#9502 = CARTESIAN_POINT('',(58.322937,-46.471786,-4.5E-02));
#9503 = VECTOR('',#9504,1.);
#9504 = DIRECTION('',(0.,0.,1.));
#9505 = ORIENTED_EDGE('',*,*,#5136,.F.);
#9506 = ORIENTED_EDGE('',*,*,#9500,.F.);
#9507 = CYLINDRICAL_SURFACE('',#9508,0.95);
#9508 = AXIS2_PLACEMENT_3D('',#9509,#9510,#9511);
#9509 = CARTESIAN_POINT('',(58.322937,-45.521786,-4.5E-02));
#9510 = DIRECTION('',(-0.,0.,-1.));
#9511 = DIRECTION('',(7.479397218527E-15,-1.,-0.));
#9512 = ADVANCED_FACE('',(#9513),#9524,.F.);
#9513 = FACE_BOUND('',#9514,.T.);
#9514 = EDGE_LOOP('',(#9515,#9516,#9522,#9523));
#9515 = ORIENTED_EDGE('',*,*,#1971,.T.);
#9516 = ORIENTED_EDGE('',*,*,#9517,.T.);
#9517 = EDGE_CURVE('',#1972,#5148,#9518,.T.);
#9518 = LINE('',#9519,#9520);
#9519 = CARTESIAN_POINT('',(63.822937,-48.021786,-4.5E-02));
#9520 = VECTOR('',#9521,1.);
#9521 = DIRECTION('',(0.,0.,1.));
#9522 = ORIENTED_EDGE('',*,*,#5147,.F.);
#9523 = ORIENTED_EDGE('',*,*,#9517,.F.);
#9524 = CYLINDRICAL_SURFACE('',#9525,2.5);
#9525 = AXIS2_PLACEMENT_3D('',#9526,#9527,#9528);
#9526 = CARTESIAN_POINT('',(63.822937,-45.521786,-4.5E-02));
#9527 = DIRECTION('',(-0.,0.,-1.));
#9528 = DIRECTION('',(2.84217094304E-15,-1.,-0.));
#9529 = ADVANCED_FACE('',(#9530),#9541,.F.);
#9530 = FACE_BOUND('',#9531,.T.);
#9531 = EDGE_LOOP('',(#9532,#9533,#9539,#9540));
#9532 = ORIENTED_EDGE('',*,*,#1982,.T.);
#9533 = ORIENTED_EDGE('',*,*,#9534,.T.);
#9534 = EDGE_CURVE('',#1983,#5159,#9535,.T.);
#9535 = LINE('',#9536,#9537);
#9536 = CARTESIAN_POINT('',(58.822937,-43.271786,-4.5E-02));
#9537 = VECTOR('',#9538,1.);
#9538 = DIRECTION('',(0.,0.,1.));
#9539 = ORIENTED_EDGE('',*,*,#5158,.F.);
#9540 = ORIENTED_EDGE('',*,*,#9534,.F.);
#9541 = CYLINDRICAL_SURFACE('',#9542,1.5);
#9542 = AXIS2_PLACEMENT_3D('',#9543,#9544,#9545);
#9543 = CARTESIAN_POINT('',(58.822937,-41.771786,-4.5E-02));
#9544 = DIRECTION('',(-0.,-0.,-1.));
#9545 = DIRECTION('',(-0.,-1.,0.));
#9546 = ADVANCED_FACE('',(#9547),#9558,.F.);
#9547 = FACE_BOUND('',#9548,.T.);
#9548 = EDGE_LOOP('',(#9549,#9550,#9556,#9557));
#9549 = ORIENTED_EDGE('',*,*,#1993,.T.);
#9550 = ORIENTED_EDGE('',*,*,#9551,.T.);
#9551 = EDGE_CURVE('',#1994,#5170,#9552,.T.);
#9552 = LINE('',#9553,#9554);
#9553 = CARTESIAN_POINT('',(68.822937,-51.471786,-4.5E-02));
#9554 = VECTOR('',#9555,1.);
#9555 = DIRECTION('',(0.,0.,1.));
#9556 = ORIENTED_EDGE('',*,*,#5169,.F.);
#9557 = ORIENTED_EDGE('',*,*,#9551,.F.);
#9558 = CYLINDRICAL_SURFACE('',#9559,0.8);
#9559 = AXIS2_PLACEMENT_3D('',#9560,#9561,#9562);
#9560 = CARTESIAN_POINT('',(68.822937,-50.671786,-4.5E-02));
#9561 = DIRECTION('',(-0.,-0.,-1.));
#9562 = DIRECTION('',(-0.,-1.,0.));
#9563 = ADVANCED_FACE('',(#9564),#9575,.F.);
#9564 = FACE_BOUND('',#9565,.T.);
#9565 = EDGE_LOOP('',(#9566,#9567,#9573,#9574));
#9566 = ORIENTED_EDGE('',*,*,#2004,.T.);
#9567 = ORIENTED_EDGE('',*,*,#9568,.T.);
#9568 = EDGE_CURVE('',#2005,#5181,#9569,.T.);
#9569 = LINE('',#9570,#9571);
#9570 = CARTESIAN_POINT('',(77.872937,-49.558286,-4.5E-02));
#9571 = VECTOR('',#9572,1.);
#9572 = DIRECTION('',(0.,0.,1.));
#9573 = ORIENTED_EDGE('',*,*,#5180,.F.);
#9574 = ORIENTED_EDGE('',*,*,#9568,.F.);
#9575 = CYLINDRICAL_SURFACE('',#9576,1.5);
#9576 = AXIS2_PLACEMENT_3D('',#9577,#9578,#9579);
#9577 = CARTESIAN_POINT('',(77.872937,-48.058286,-4.5E-02));
#9578 = DIRECTION('',(-0.,-0.,-1.));
#9579 = DIRECTION('',(-0.,-1.,0.));
#9580 = ADVANCED_FACE('',(#9581),#9592,.F.);
#9581 = FACE_BOUND('',#9582,.T.);
#9582 = EDGE_LOOP('',(#9583,#9584,#9590,#9591));
#9583 = ORIENTED_EDGE('',*,*,#2015,.T.);
#9584 = ORIENTED_EDGE('',*,*,#9585,.T.);
#9585 = EDGE_CURVE('',#2016,#5192,#9586,.T.);
#9586 = LINE('',#9587,#9588);
#9587 = CARTESIAN_POINT('',(69.322937,-46.471786,-4.5E-02));
#9588 = VECTOR('',#9589,1.);
#9589 = DIRECTION('',(0.,0.,1.));
#9590 = ORIENTED_EDGE('',*,*,#5191,.F.);
#9591 = ORIENTED_EDGE('',*,*,#9585,.F.);
#9592 = CYLINDRICAL_SURFACE('',#9593,0.95);
#9593 = AXIS2_PLACEMENT_3D('',#9594,#9595,#9596);
#9594 = CARTESIAN_POINT('',(69.322937,-45.521786,-4.5E-02));
#9595 = DIRECTION('',(-0.,-0.,-1.));
#9596 = DIRECTION('',(-0.,-1.,0.));
#9597 = ADVANCED_FACE('',(#9598),#9609,.F.);
#9598 = FACE_BOUND('',#9599,.T.);
#9599 = EDGE_LOOP('',(#9600,#9601,#9607,#9608));
#9600 = ORIENTED_EDGE('',*,*,#2026,.T.);
#9601 = ORIENTED_EDGE('',*,*,#9602,.T.);
#9602 = EDGE_CURVE('',#2027,#5203,#9603,.T.);
#9603 = LINE('',#9604,#9605);
#9604 = CARTESIAN_POINT('',(68.822937,-43.271786,-4.5E-02));
#9605 = VECTOR('',#9606,1.);
#9606 = DIRECTION('',(0.,0.,1.));
#9607 = ORIENTED_EDGE('',*,*,#5202,.F.);
#9608 = ORIENTED_EDGE('',*,*,#9602,.F.);
#9609 = CYLINDRICAL_SURFACE('',#9610,1.5);
#9610 = AXIS2_PLACEMENT_3D('',#9611,#9612,#9613);
#9611 = CARTESIAN_POINT('',(68.822937,-41.771786,-4.5E-02));
#9612 = DIRECTION('',(-0.,-0.,-1.));
#9613 = DIRECTION('',(-0.,-1.,0.));
#9614 = ADVANCED_FACE('',(#9615),#9626,.F.);
#9615 = FACE_BOUND('',#9616,.T.);
#9616 = EDGE_LOOP('',(#9617,#9618,#9624,#9625));
#9617 = ORIENTED_EDGE('',*,*,#2037,.T.);
#9618 = ORIENTED_EDGE('',*,*,#9619,.T.);
#9619 = EDGE_CURVE('',#2038,#5214,#9620,.T.);
#9620 = LINE('',#9621,#9622);
#9621 = CARTESIAN_POINT('',(20.222937,-40.375786,-4.5E-02));
#9622 = VECTOR('',#9623,1.);
#9623 = DIRECTION('',(0.,0.,1.));
#9624 = ORIENTED_EDGE('',*,*,#5213,.F.);
#9625 = ORIENTED_EDGE('',*,*,#9619,.F.);
#9626 = CYLINDRICAL_SURFACE('',#9627,0.95);
#9627 = AXIS2_PLACEMENT_3D('',#9628,#9629,#9630);
#9628 = CARTESIAN_POINT('',(20.222937,-39.425786,-4.5E-02));
#9629 = DIRECTION('',(-0.,-0.,-1.));
#9630 = DIRECTION('',(-0.,-1.,0.));
#9631 = ADVANCED_FACE('',(#9632),#9643,.F.);
#9632 = FACE_BOUND('',#9633,.T.);
#9633 = EDGE_LOOP('',(#9634,#9635,#9641,#9642));
#9634 = ORIENTED_EDGE('',*,*,#2048,.T.);
#9635 = ORIENTED_EDGE('',*,*,#9636,.T.);
#9636 = EDGE_CURVE('',#2049,#5225,#9637,.T.);
#9637 = LINE('',#9638,#9639);
#9638 = CARTESIAN_POINT('',(20.722937,-37.175786,-4.5E-02));
#9639 = VECTOR('',#9640,1.);
#9640 = DIRECTION('',(0.,0.,1.));
#9641 = ORIENTED_EDGE('',*,*,#5224,.F.);
#9642 = ORIENTED_EDGE('',*,*,#9636,.F.);
#9643 = CYLINDRICAL_SURFACE('',#9644,1.5);
#9644 = AXIS2_PLACEMENT_3D('',#9645,#9646,#9647);
#9645 = CARTESIAN_POINT('',(20.722937,-35.675786,-4.5E-02));
#9646 = DIRECTION('',(-0.,-0.,-1.));
#9647 = DIRECTION('',(-0.,-1.,0.));
#9648 = ADVANCED_FACE('',(#9649),#9660,.F.);
#9649 = FACE_BOUND('',#9650,.T.);
#9650 = EDGE_LOOP('',(#9651,#9652,#9658,#9659));
#9651 = ORIENTED_EDGE('',*,*,#2059,.T.);
#9652 = ORIENTED_EDGE('',*,*,#9653,.T.);
#9653 = EDGE_CURVE('',#2060,#5236,#9654,.T.);
#9654 = LINE('',#9655,#9656);
#9655 = CARTESIAN_POINT('',(25.722937,-41.925786,-4.5E-02));
#9656 = VECTOR('',#9657,1.);
#9657 = DIRECTION('',(0.,0.,1.));
#9658 = ORIENTED_EDGE('',*,*,#5235,.F.);
#9659 = ORIENTED_EDGE('',*,*,#9653,.F.);
#9660 = CYLINDRICAL_SURFACE('',#9661,2.5);
#9661 = AXIS2_PLACEMENT_3D('',#9662,#9663,#9664);
#9662 = CARTESIAN_POINT('',(25.722937,-39.425786,-4.5E-02));
#9663 = DIRECTION('',(-0.,-0.,-1.));
#9664 = DIRECTION('',(-0.,-1.,0.));
#9665 = ADVANCED_FACE('',(#9666),#9677,.F.);
#9666 = FACE_BOUND('',#9667,.T.);
#9667 = EDGE_LOOP('',(#9668,#9669,#9675,#9676));
#9668 = ORIENTED_EDGE('',*,*,#2070,.T.);
#9669 = ORIENTED_EDGE('',*,*,#9670,.T.);
#9670 = EDGE_CURVE('',#2071,#5247,#9671,.T.);
#9671 = LINE('',#9672,#9673);
#9672 = CARTESIAN_POINT('',(31.222937,-40.375786,-4.5E-02));
#9673 = VECTOR('',#9674,1.);
#9674 = DIRECTION('',(0.,0.,1.));
#9675 = ORIENTED_EDGE('',*,*,#5246,.F.);
#9676 = ORIENTED_EDGE('',*,*,#9670,.F.);
#9677 = CYLINDRICAL_SURFACE('',#9678,0.95);
#9678 = AXIS2_PLACEMENT_3D('',#9679,#9680,#9681);
#9679 = CARTESIAN_POINT('',(31.222937,-39.425786,-4.5E-02));
#9680 = DIRECTION('',(-0.,0.,-1.));
#9681 = DIRECTION('',(3.739698609264E-15,-1.,-0.));
#9682 = ADVANCED_FACE('',(#9683),#9694,.F.);
#9683 = FACE_BOUND('',#9684,.T.);
#9684 = EDGE_LOOP('',(#9685,#9686,#9692,#9693));
#9685 = ORIENTED_EDGE('',*,*,#2081,.T.);
#9686 = ORIENTED_EDGE('',*,*,#9687,.T.);
#9687 = EDGE_CURVE('',#2082,#5258,#9688,.T.);
#9688 = LINE('',#9689,#9690);
#9689 = CARTESIAN_POINT('',(30.722937,-37.175786,-4.5E-02));
#9690 = VECTOR('',#9691,1.);
#9691 = DIRECTION('',(0.,0.,1.));
#9692 = ORIENTED_EDGE('',*,*,#5257,.F.);
#9693 = ORIENTED_EDGE('',*,*,#9687,.F.);
#9694 = CYLINDRICAL_SURFACE('',#9695,1.5);
#9695 = AXIS2_PLACEMENT_3D('',#9696,#9697,#9698);
#9696 = CARTESIAN_POINT('',(30.722937,-35.675786,-4.5E-02));
#9697 = DIRECTION('',(-0.,-0.,-1.));
#9698 = DIRECTION('',(-0.,-1.,0.));
#9699 = ADVANCED_FACE('',(#9700),#9711,.F.);
#9700 = FACE_BOUND('',#9701,.T.);
#9701 = EDGE_LOOP('',(#9702,#9703,#9709,#9710));
#9702 = ORIENTED_EDGE('',*,*,#2092,.T.);
#9703 = ORIENTED_EDGE('',*,*,#9704,.T.);
#9704 = EDGE_CURVE('',#2093,#5269,#9705,.T.);
#9705 = LINE('',#9706,#9707);
#9706 = CARTESIAN_POINT('',(25.722937,-34.975786,-4.5E-02));
#9707 = VECTOR('',#9708,1.);
#9708 = DIRECTION('',(0.,0.,1.));
#9709 = ORIENTED_EDGE('',*,*,#5268,.F.);
#9710 = ORIENTED_EDGE('',*,*,#9704,.F.);
#9711 = CYLINDRICAL_SURFACE('',#9712,1.5);
#9712 = AXIS2_PLACEMENT_3D('',#9713,#9714,#9715);
#9713 = CARTESIAN_POINT('',(25.722937,-33.475786,-4.5E-02));
#9714 = DIRECTION('',(-0.,-0.,-1.));
#9715 = DIRECTION('',(-0.,-1.,0.));
#9716 = ADVANCED_FACE('',(#9717),#9728,.F.);
#9717 = FACE_BOUND('',#9718,.T.);
#9718 = EDGE_LOOP('',(#9719,#9720,#9726,#9727));
#9719 = ORIENTED_EDGE('',*,*,#2103,.T.);
#9720 = ORIENTED_EDGE('',*,*,#9721,.T.);
#9721 = EDGE_CURVE('',#2104,#5280,#9722,.T.);
#9722 = LINE('',#9723,#9724);
#9723 = CARTESIAN_POINT('',(37.272937,-36.955786,-4.5E-02));
#9724 = VECTOR('',#9725,1.);
#9725 = DIRECTION('',(0.,0.,1.));
#9726 = ORIENTED_EDGE('',*,*,#5279,.F.);
#9727 = ORIENTED_EDGE('',*,*,#9721,.F.);
#9728 = CYLINDRICAL_SURFACE('',#9729,0.15);
#9729 = AXIS2_PLACEMENT_3D('',#9730,#9731,#9732);
#9730 = CARTESIAN_POINT('',(37.272937,-36.805786,-4.5E-02));
#9731 = DIRECTION('',(-0.,-0.,-1.));
#9732 = DIRECTION('',(-0.,-1.,0.));
#9733 = ADVANCED_FACE('',(#9734),#9745,.F.);
#9734 = FACE_BOUND('',#9735,.T.);
#9735 = EDGE_LOOP('',(#9736,#9737,#9743,#9744));
#9736 = ORIENTED_EDGE('',*,*,#2114,.T.);
#9737 = ORIENTED_EDGE('',*,*,#9738,.T.);
#9738 = EDGE_CURVE('',#2115,#5291,#9739,.T.);
#9739 = LINE('',#9740,#9741);
#9740 = CARTESIAN_POINT('',(39.772937,-37.755786,-4.5E-02));
#9741 = VECTOR('',#9742,1.);
#9742 = DIRECTION('',(0.,0.,1.));
#9743 = ORIENTED_EDGE('',*,*,#5290,.F.);
#9744 = ORIENTED_EDGE('',*,*,#9738,.F.);
#9745 = CYLINDRICAL_SURFACE('',#9746,0.8);
#9746 = AXIS2_PLACEMENT_3D('',#9747,#9748,#9749);
#9747 = CARTESIAN_POINT('',(39.772937,-36.955786,-4.5E-02));
#9748 = DIRECTION('',(-0.,-0.,-1.));
#9749 = DIRECTION('',(-0.,-1.,0.));
#9750 = ADVANCED_FACE('',(#9751),#9762,.F.);
#9751 = FACE_BOUND('',#9752,.T.);
#9752 = EDGE_LOOP('',(#9753,#9754,#9760,#9761));
#9753 = ORIENTED_EDGE('',*,*,#2125,.T.);
#9754 = ORIENTED_EDGE('',*,*,#9755,.T.);
#9755 = EDGE_CURVE('',#2126,#5302,#9756,.T.);
#9756 = LINE('',#9757,#9758);
#9757 = CARTESIAN_POINT('',(37.272937,-34.155786,-4.5E-02));
#9758 = VECTOR('',#9759,1.);
#9759 = DIRECTION('',(0.,0.,1.));
#9760 = ORIENTED_EDGE('',*,*,#5301,.F.);
#9761 = ORIENTED_EDGE('',*,*,#9755,.F.);
#9762 = CYLINDRICAL_SURFACE('',#9763,0.15);
#9763 = AXIS2_PLACEMENT_3D('',#9764,#9765,#9766);
#9764 = CARTESIAN_POINT('',(37.272937,-34.005786,-4.5E-02));
#9765 = DIRECTION('',(-0.,-0.,-1.));
#9766 = DIRECTION('',(-0.,-1.,0.));
#9767 = ADVANCED_FACE('',(#9768),#9779,.F.);
#9768 = FACE_BOUND('',#9769,.T.);
#9769 = EDGE_LOOP('',(#9770,#9771,#9777,#9778));
#9770 = ORIENTED_EDGE('',*,*,#2136,.T.);
#9771 = ORIENTED_EDGE('',*,*,#9772,.T.);
#9772 = EDGE_CURVE('',#2137,#5313,#9773,.T.);
#9773 = LINE('',#9774,#9775);
#9774 = CARTESIAN_POINT('',(39.272937,-32.755786,-4.5E-02));
#9775 = VECTOR('',#9776,1.);
#9776 = DIRECTION('',(0.,0.,1.));
#9777 = ORIENTED_EDGE('',*,*,#5312,.F.);
#9778 = ORIENTED_EDGE('',*,*,#9772,.F.);
#9779 = CYLINDRICAL_SURFACE('',#9780,0.95);
#9780 = AXIS2_PLACEMENT_3D('',#9781,#9782,#9783);
#9781 = CARTESIAN_POINT('',(39.272937,-31.805786,-4.5E-02));
#9782 = DIRECTION('',(-0.,-0.,-1.));
#9783 = DIRECTION('',(-0.,-1.,0.));
#9784 = ADVANCED_FACE('',(#9785),#9796,.F.);
#9785 = FACE_BOUND('',#9786,.T.);
#9786 = EDGE_LOOP('',(#9787,#9788,#9794,#9795));
#9787 = ORIENTED_EDGE('',*,*,#2147,.T.);
#9788 = ORIENTED_EDGE('',*,*,#9789,.T.);
#9789 = EDGE_CURVE('',#2148,#5324,#9790,.T.);
#9790 = LINE('',#9791,#9792);
#9791 = CARTESIAN_POINT('',(44.772937,-34.305786,-4.5E-02));
#9792 = VECTOR('',#9793,1.);
#9793 = DIRECTION('',(0.,0.,1.));
#9794 = ORIENTED_EDGE('',*,*,#5323,.F.);
#9795 = ORIENTED_EDGE('',*,*,#9789,.F.);
#9796 = CYLINDRICAL_SURFACE('',#9797,2.5);
#9797 = AXIS2_PLACEMENT_3D('',#9798,#9799,#9800);
#9798 = CARTESIAN_POINT('',(44.772937,-31.805786,-4.5E-02));
#9799 = DIRECTION('',(-0.,-0.,-1.));
#9800 = DIRECTION('',(-0.,-1.,0.));
#9801 = ADVANCED_FACE('',(#9802),#9813,.F.);
#9802 = FACE_BOUND('',#9803,.T.);
#9803 = EDGE_LOOP('',(#9804,#9805,#9811,#9812));
#9804 = ORIENTED_EDGE('',*,*,#2158,.T.);
#9805 = ORIENTED_EDGE('',*,*,#9806,.T.);
#9806 = EDGE_CURVE('',#2159,#5335,#9807,.T.);
#9807 = LINE('',#9808,#9809);
#9808 = CARTESIAN_POINT('',(39.772937,-29.555786,-4.5E-02));
#9809 = VECTOR('',#9810,1.);
#9810 = DIRECTION('',(0.,0.,1.));
#9811 = ORIENTED_EDGE('',*,*,#5334,.F.);
#9812 = ORIENTED_EDGE('',*,*,#9806,.F.);
#9813 = CYLINDRICAL_SURFACE('',#9814,1.5);
#9814 = AXIS2_PLACEMENT_3D('',#9815,#9816,#9817);
#9815 = CARTESIAN_POINT('',(39.772937,-28.055786,-4.5E-02));
#9816 = DIRECTION('',(-0.,-0.,-1.));
#9817 = DIRECTION('',(-0.,-1.,0.));
#9818 = ADVANCED_FACE('',(#9819),#9830,.F.);
#9819 = FACE_BOUND('',#9820,.T.);
#9820 = EDGE_LOOP('',(#9821,#9822,#9828,#9829));
#9821 = ORIENTED_EDGE('',*,*,#2169,.T.);
#9822 = ORIENTED_EDGE('',*,*,#9823,.T.);
#9823 = EDGE_CURVE('',#2170,#5346,#9824,.T.);
#9824 = LINE('',#9825,#9826);
#9825 = CARTESIAN_POINT('',(44.772937,-27.355786,-4.5E-02));
#9826 = VECTOR('',#9827,1.);
#9827 = DIRECTION('',(0.,0.,1.));
#9828 = ORIENTED_EDGE('',*,*,#5345,.F.);
#9829 = ORIENTED_EDGE('',*,*,#9823,.F.);
#9830 = CYLINDRICAL_SURFACE('',#9831,1.5);
#9831 = AXIS2_PLACEMENT_3D('',#9832,#9833,#9834);
#9832 = CARTESIAN_POINT('',(44.772937,-25.855786,-4.5E-02));
#9833 = DIRECTION('',(-0.,-0.,-1.));
#9834 = DIRECTION('',(-0.,-1.,0.));
#9835 = ADVANCED_FACE('',(#9836),#9847,.F.);
#9836 = FACE_BOUND('',#9837,.T.);
#9837 = EDGE_LOOP('',(#9838,#9839,#9845,#9846));
#9838 = ORIENTED_EDGE('',*,*,#2180,.T.);
#9839 = ORIENTED_EDGE('',*,*,#9840,.T.);
#9840 = EDGE_CURVE('',#2181,#5357,#9841,.T.);
#9841 = LINE('',#9842,#9843);
#9842 = CARTESIAN_POINT('',(49.772937,-37.755786,-4.5E-02));
#9843 = VECTOR('',#9844,1.);
#9844 = DIRECTION('',(0.,0.,1.));
#9845 = ORIENTED_EDGE('',*,*,#5356,.F.);
#9846 = ORIENTED_EDGE('',*,*,#9840,.F.);
#9847 = CYLINDRICAL_SURFACE('',#9848,0.8);
#9848 = AXIS2_PLACEMENT_3D('',#9849,#9850,#9851);
#9849 = CARTESIAN_POINT('',(49.772937,-36.955786,-4.5E-02));
#9850 = DIRECTION('',(-0.,-0.,-1.));
#9851 = DIRECTION('',(-0.,-1.,0.));
#9852 = ADVANCED_FACE('',(#9853),#9864,.F.);
#9853 = FACE_BOUND('',#9854,.T.);
#9854 = EDGE_LOOP('',(#9855,#9856,#9862,#9863));
#9855 = ORIENTED_EDGE('',*,*,#2191,.T.);
#9856 = ORIENTED_EDGE('',*,*,#9857,.T.);
#9857 = EDGE_CURVE('',#2192,#5368,#9858,.T.);
#9858 = LINE('',#9859,#9860);
#9859 = CARTESIAN_POINT('',(63.822937,-41.071786,-4.5E-02));
#9860 = VECTOR('',#9861,1.);
#9861 = DIRECTION('',(0.,0.,1.));
#9862 = ORIENTED_EDGE('',*,*,#5367,.F.);
#9863 = ORIENTED_EDGE('',*,*,#9857,.F.);
#9864 = CYLINDRICAL_SURFACE('',#9865,1.5);
#9865 = AXIS2_PLACEMENT_3D('',#9866,#9867,#9868);
#9866 = CARTESIAN_POINT('',(63.822937,-39.571786,-4.5E-02));
#9867 = DIRECTION('',(-0.,0.,-1.));
#9868 = DIRECTION('',(4.736951571734E-15,-1.,-0.));
#9869 = ADVANCED_FACE('',(#9870),#9881,.F.);
#9870 = FACE_BOUND('',#9871,.T.);
#9871 = EDGE_LOOP('',(#9872,#9873,#9879,#9880));
#9872 = ORIENTED_EDGE('',*,*,#2202,.T.);
#9873 = ORIENTED_EDGE('',*,*,#9874,.T.);
#9874 = EDGE_CURVE('',#2203,#5379,#9875,.T.);
#9875 = LINE('',#9876,#9877);
#9876 = CARTESIAN_POINT('',(50.272937,-32.755786,-4.5E-02));
#9877 = VECTOR('',#9878,1.);
#9878 = DIRECTION('',(0.,0.,1.));
#9879 = ORIENTED_EDGE('',*,*,#5378,.F.);
#9880 = ORIENTED_EDGE('',*,*,#9874,.F.);
#9881 = CYLINDRICAL_SURFACE('',#9882,0.95);
#9882 = AXIS2_PLACEMENT_3D('',#9883,#9884,#9885);
#9883 = CARTESIAN_POINT('',(50.272937,-31.805786,-4.5E-02));
#9884 = DIRECTION('',(-0.,-0.,-1.));
#9885 = DIRECTION('',(-0.,-1.,0.));
#9886 = ADVANCED_FACE('',(#9887),#9898,.F.);
#9887 = FACE_BOUND('',#9888,.T.);
#9888 = EDGE_LOOP('',(#9889,#9890,#9896,#9897));
#9889 = ORIENTED_EDGE('',*,*,#2213,.T.);
#9890 = ORIENTED_EDGE('',*,*,#9891,.T.);
#9891 = EDGE_CURVE('',#2214,#5390,#9892,.T.);
#9892 = LINE('',#9893,#9894);
#9893 = CARTESIAN_POINT('',(56.322937,-31.621786,-4.5E-02));
#9894 = VECTOR('',#9895,1.);
#9895 = DIRECTION('',(0.,0.,1.));
#9896 = ORIENTED_EDGE('',*,*,#5389,.F.);
#9897 = ORIENTED_EDGE('',*,*,#9891,.F.);
#9898 = CYLINDRICAL_SURFACE('',#9899,0.15);
#9899 = AXIS2_PLACEMENT_3D('',#9900,#9901,#9902);
#9900 = CARTESIAN_POINT('',(56.322937,-31.471786,-4.5E-02));
#9901 = DIRECTION('',(-0.,0.,-1.));
#9902 = DIRECTION('',(4.736951571734E-14,-1.,-0.));
#9903 = ADVANCED_FACE('',(#9904),#9915,.F.);
#9904 = FACE_BOUND('',#9905,.T.);
#9905 = EDGE_LOOP('',(#9906,#9907,#9913,#9914));
#9906 = ORIENTED_EDGE('',*,*,#2224,.T.);
#9907 = ORIENTED_EDGE('',*,*,#9908,.T.);
#9908 = EDGE_CURVE('',#2225,#5401,#9909,.T.);
#9909 = LINE('',#9910,#9911);
#9910 = CARTESIAN_POINT('',(58.822937,-32.421786,-4.5E-02));
#9911 = VECTOR('',#9912,1.);
#9912 = DIRECTION('',(0.,0.,1.));
#9913 = ORIENTED_EDGE('',*,*,#5400,.F.);
#9914 = ORIENTED_EDGE('',*,*,#9908,.F.);
#9915 = CYLINDRICAL_SURFACE('',#9916,0.8);
#9916 = AXIS2_PLACEMENT_3D('',#9917,#9918,#9919);
#9917 = CARTESIAN_POINT('',(58.822937,-31.621786,-4.5E-02));
#9918 = DIRECTION('',(-0.,0.,-1.));
#9919 = DIRECTION('',(8.881784197001E-15,-1.,-0.));
#9920 = ADVANCED_FACE('',(#9921),#9932,.F.);
#9921 = FACE_BOUND('',#9922,.T.);
#9922 = EDGE_LOOP('',(#9923,#9924,#9930,#9931));
#9923 = ORIENTED_EDGE('',*,*,#2235,.T.);
#9924 = ORIENTED_EDGE('',*,*,#9925,.T.);
#9925 = EDGE_CURVE('',#2236,#5412,#9926,.T.);
#9926 = LINE('',#9927,#9928);
#9927 = CARTESIAN_POINT('',(75.372937,-37.908286,-4.5E-02));
#9928 = VECTOR('',#9929,1.);
#9929 = DIRECTION('',(0.,0.,1.));
#9930 = ORIENTED_EDGE('',*,*,#5411,.F.);
#9931 = ORIENTED_EDGE('',*,*,#9925,.F.);
#9932 = CYLINDRICAL_SURFACE('',#9933,0.15);
#9933 = AXIS2_PLACEMENT_3D('',#9934,#9935,#9936);
#9934 = CARTESIAN_POINT('',(75.372937,-37.758286,-4.5E-02));
#9935 = DIRECTION('',(-0.,-0.,-1.));
#9936 = DIRECTION('',(-9.473903143469E-14,-1.,0.));
#9937 = ADVANCED_FACE('',(#9938),#9949,.F.);
#9938 = FACE_BOUND('',#9939,.T.);
#9939 = EDGE_LOOP('',(#9940,#9941,#9947,#9948));
#9940 = ORIENTED_EDGE('',*,*,#2246,.T.);
#9941 = ORIENTED_EDGE('',*,*,#9942,.T.);
#9942 = EDGE_CURVE('',#2247,#5423,#9943,.T.);
#9943 = LINE('',#9944,#9945);
#9944 = CARTESIAN_POINT('',(77.872937,-38.708286,-4.5E-02));
#9945 = VECTOR('',#9946,1.);
#9946 = DIRECTION('',(0.,0.,1.));
#9947 = ORIENTED_EDGE('',*,*,#5422,.F.);
#9948 = ORIENTED_EDGE('',*,*,#9942,.F.);
#9949 = CYLINDRICAL_SURFACE('',#9950,0.8);
#9950 = AXIS2_PLACEMENT_3D('',#9951,#9952,#9953);
#9951 = CARTESIAN_POINT('',(77.872937,-37.908286,-4.5E-02));
#9952 = DIRECTION('',(-0.,-0.,-1.));
#9953 = DIRECTION('',(-1.7763568394E-14,-1.,0.));
#9954 = ADVANCED_FACE('',(#9955),#9966,.F.);
#9955 = FACE_BOUND('',#9956,.T.);
#9956 = EDGE_LOOP('',(#9957,#9958,#9964,#9965));
#9957 = ORIENTED_EDGE('',*,*,#2257,.T.);
#9958 = ORIENTED_EDGE('',*,*,#9959,.T.);
#9959 = EDGE_CURVE('',#2258,#5434,#9960,.T.);
#9960 = LINE('',#9961,#9962);
#9961 = CARTESIAN_POINT('',(68.822937,-32.421786,-4.5E-02));
#9962 = VECTOR('',#9963,1.);
#9963 = DIRECTION('',(0.,0.,1.));
#9964 = ORIENTED_EDGE('',*,*,#5433,.F.);
#9965 = ORIENTED_EDGE('',*,*,#9959,.F.);
#9966 = CYLINDRICAL_SURFACE('',#9967,0.8);
#9967 = AXIS2_PLACEMENT_3D('',#9968,#9969,#9970);
#9968 = CARTESIAN_POINT('',(68.822937,-31.621786,-4.5E-02));
#9969 = DIRECTION('',(-0.,-0.,-1.));
#9970 = DIRECTION('',(-0.,-1.,0.));
#9971 = ADVANCED_FACE('',(#9972),#9983,.F.);
#9972 = FACE_BOUND('',#9973,.T.);
#9973 = EDGE_LOOP('',(#9974,#9975,#9981,#9982));
#9974 = ORIENTED_EDGE('',*,*,#2268,.T.);
#9975 = ORIENTED_EDGE('',*,*,#9976,.T.);
#9976 = EDGE_CURVE('',#2269,#5445,#9977,.T.);
#9977 = LINE('',#9978,#9979);
#9978 = CARTESIAN_POINT('',(75.372937,-35.108286,-4.5E-02));
#9979 = VECTOR('',#9980,1.);
#9980 = DIRECTION('',(0.,0.,1.));
#9981 = ORIENTED_EDGE('',*,*,#5444,.F.);
#9982 = ORIENTED_EDGE('',*,*,#9976,.F.);
#9983 = CYLINDRICAL_SURFACE('',#9984,0.15);
#9984 = AXIS2_PLACEMENT_3D('',#9985,#9986,#9987);
#9985 = CARTESIAN_POINT('',(75.372937,-34.958286,-4.5E-02));
#9986 = DIRECTION('',(-0.,-0.,-1.));
#9987 = DIRECTION('',(-9.473903143469E-14,-1.,0.));
#9988 = ADVANCED_FACE('',(#9989),#10000,.F.);
#9989 = FACE_BOUND('',#9990,.T.);
#9990 = EDGE_LOOP('',(#9991,#9992,#9998,#9999));
#9991 = ORIENTED_EDGE('',*,*,#2279,.T.);
#9992 = ORIENTED_EDGE('',*,*,#9993,.T.);
#9993 = EDGE_CURVE('',#2280,#5456,#9994,.T.);
#9994 = LINE('',#9995,#9996);
#9995 = CARTESIAN_POINT('',(77.372937,-33.708286,-4.5E-02));
#9996 = VECTOR('',#9997,1.);
#9997 = DIRECTION('',(0.,0.,1.));
#9998 = ORIENTED_EDGE('',*,*,#5455,.F.);
#9999 = ORIENTED_EDGE('',*,*,#9993,.F.);
#10000 = CYLINDRICAL_SURFACE('',#10001,0.95);
#10001 = AXIS2_PLACEMENT_3D('',#10002,#10003,#10004);
#10002 = CARTESIAN_POINT('',(77.372937,-32.758286,-4.5E-02));
#10003 = DIRECTION('',(-0.,-0.,-1.));
#10004 = DIRECTION('',(-1.495879443705E-14,-1.,0.));
#10005 = ADVANCED_FACE('',(#10006),#10017,.F.);
#10006 = FACE_BOUND('',#10007,.T.);
#10007 = EDGE_LOOP('',(#10008,#10009,#10015,#10016));
#10008 = ORIENTED_EDGE('',*,*,#2290,.T.);
#10009 = ORIENTED_EDGE('',*,*,#10010,.T.);
#10010 = EDGE_CURVE('',#2291,#5467,#10011,.T.);
#10011 = LINE('',#10012,#10013);
#10012 = CARTESIAN_POINT('',(49.772937,-29.555786,-4.5E-02));
#10013 = VECTOR('',#10014,1.);
#10014 = DIRECTION('',(0.,0.,1.));
#10015 = ORIENTED_EDGE('',*,*,#5466,.F.);
#10016 = ORIENTED_EDGE('',*,*,#10010,.F.);
#10017 = CYLINDRICAL_SURFACE('',#10018,1.5);
#10018 = AXIS2_PLACEMENT_3D('',#10019,#10020,#10021);
#10019 = CARTESIAN_POINT('',(49.772937,-28.055786,-4.5E-02));
#10020 = DIRECTION('',(-0.,-0.,-1.));
#10021 = DIRECTION('',(-0.,-1.,0.));
#10022 = ADVANCED_FACE('',(#10023),#10034,.F.);
#10023 = FACE_BOUND('',#10024,.T.);
#10024 = EDGE_LOOP('',(#10025,#10026,#10032,#10033));
#10025 = ORIENTED_EDGE('',*,*,#2301,.T.);
#10026 = ORIENTED_EDGE('',*,*,#10027,.T.);
#10027 = EDGE_CURVE('',#2302,#5478,#10028,.T.);
#10028 = LINE('',#10029,#10030);
#10029 = CARTESIAN_POINT('',(56.322937,-28.821786,-4.5E-02));
#10030 = VECTOR('',#10031,1.);
#10031 = DIRECTION('',(0.,0.,1.));
#10032 = ORIENTED_EDGE('',*,*,#5477,.F.);
#10033 = ORIENTED_EDGE('',*,*,#10027,.F.);
#10034 = CYLINDRICAL_SURFACE('',#10035,0.15);
#10035 = AXIS2_PLACEMENT_3D('',#10036,#10037,#10038);
#10036 = CARTESIAN_POINT('',(56.322937,-28.671786,-4.5E-02));
#10037 = DIRECTION('',(-0.,0.,-1.));
#10038 = DIRECTION('',(4.736951571734E-14,-1.,-0.));
#10039 = ADVANCED_FACE('',(#10040),#10051,.F.);
#10040 = FACE_BOUND('',#10041,.T.);
#10041 = EDGE_LOOP('',(#10042,#10043,#10049,#10050));
#10042 = ORIENTED_EDGE('',*,*,#2312,.T.);
#10043 = ORIENTED_EDGE('',*,*,#10044,.T.);
#10044 = EDGE_CURVE('',#2313,#5489,#10045,.T.);
#10045 = LINE('',#10046,#10047);
#10046 = CARTESIAN_POINT('',(58.322937,-27.421786,-4.5E-02));
#10047 = VECTOR('',#10048,1.);
#10048 = DIRECTION('',(0.,0.,1.));
#10049 = ORIENTED_EDGE('',*,*,#5488,.F.);
#10050 = ORIENTED_EDGE('',*,*,#10044,.F.);
#10051 = CYLINDRICAL_SURFACE('',#10052,0.95);
#10052 = AXIS2_PLACEMENT_3D('',#10053,#10054,#10055);
#10053 = CARTESIAN_POINT('',(58.322937,-26.471786,-4.5E-02));
#10054 = DIRECTION('',(-0.,0.,-1.));
#10055 = DIRECTION('',(7.479397218527E-15,-1.,-0.));
#10056 = ADVANCED_FACE('',(#10057),#10068,.F.);
#10057 = FACE_BOUND('',#10058,.T.);
#10058 = EDGE_LOOP('',(#10059,#10060,#10066,#10067));
#10059 = ORIENTED_EDGE('',*,*,#2323,.T.);
#10060 = ORIENTED_EDGE('',*,*,#10061,.T.);
#10061 = EDGE_CURVE('',#2324,#5500,#10062,.T.);
#10062 = LINE('',#10063,#10064);
#10063 = CARTESIAN_POINT('',(63.822937,-28.971786,-4.5E-02));
#10064 = VECTOR('',#10065,1.);
#10065 = DIRECTION('',(0.,0.,1.));
#10066 = ORIENTED_EDGE('',*,*,#5499,.F.);
#10067 = ORIENTED_EDGE('',*,*,#10061,.F.);
#10068 = CYLINDRICAL_SURFACE('',#10069,2.5);
#10069 = AXIS2_PLACEMENT_3D('',#10070,#10071,#10072);
#10070 = CARTESIAN_POINT('',(63.822937,-26.471786,-4.5E-02));
#10071 = DIRECTION('',(-0.,0.,-1.));
#10072 = DIRECTION('',(2.84217094304E-15,-1.,-0.));
#10073 = ADVANCED_FACE('',(#10074),#10085,.F.);
#10074 = FACE_BOUND('',#10075,.T.);
#10075 = EDGE_LOOP('',(#10076,#10077,#10083,#10084));
#10076 = ORIENTED_EDGE('',*,*,#2334,.T.);
#10077 = ORIENTED_EDGE('',*,*,#10078,.T.);
#10078 = EDGE_CURVE('',#2335,#5511,#10079,.T.);
#10079 = LINE('',#10080,#10081);
#10080 = CARTESIAN_POINT('',(58.822937,-24.221786,-4.5E-02));
#10081 = VECTOR('',#10082,1.);
#10082 = DIRECTION('',(0.,0.,1.));
#10083 = ORIENTED_EDGE('',*,*,#5510,.F.);
#10084 = ORIENTED_EDGE('',*,*,#10078,.F.);
#10085 = CYLINDRICAL_SURFACE('',#10086,1.5);
#10086 = AXIS2_PLACEMENT_3D('',#10087,#10088,#10089);
#10087 = CARTESIAN_POINT('',(58.822937,-22.721786,-4.5E-02));
#10088 = DIRECTION('',(-0.,-0.,-1.));
#10089 = DIRECTION('',(-0.,-1.,0.));
#10090 = ADVANCED_FACE('',(#10091),#10102,.F.);
#10091 = FACE_BOUND('',#10092,.T.);
#10092 = EDGE_LOOP('',(#10093,#10094,#10100,#10101));
#10093 = ORIENTED_EDGE('',*,*,#2345,.T.);
#10094 = ORIENTED_EDGE('',*,*,#10095,.T.);
#10095 = EDGE_CURVE('',#2346,#5522,#10096,.T.);
#10096 = LINE('',#10097,#10098);
#10097 = CARTESIAN_POINT('',(63.822937,-22.021786,-4.5E-02));
#10098 = VECTOR('',#10099,1.);
#10099 = DIRECTION('',(0.,0.,1.));
#10100 = ORIENTED_EDGE('',*,*,#5521,.F.);
#10101 = ORIENTED_EDGE('',*,*,#10095,.F.);
#10102 = CYLINDRICAL_SURFACE('',#10103,1.5);
#10103 = AXIS2_PLACEMENT_3D('',#10104,#10105,#10106);
#10104 = CARTESIAN_POINT('',(63.822937,-20.521786,-4.5E-02));
#10105 = DIRECTION('',(-0.,0.,-1.));
#10106 = DIRECTION('',(4.736951571734E-15,-1.,-0.));
#10107 = ADVANCED_FACE('',(#10108),#10119,.F.);
#10108 = FACE_BOUND('',#10109,.T.);
#10109 = EDGE_LOOP('',(#10110,#10111,#10117,#10118));
#10110 = ORIENTED_EDGE('',*,*,#2356,.T.);
#10111 = ORIENTED_EDGE('',*,*,#10112,.T.);
#10112 = EDGE_CURVE('',#2357,#5533,#10113,.T.);
#10113 = LINE('',#10114,#10115);
#10114 = CARTESIAN_POINT('',(69.322937,-27.421786,-4.5E-02));
#10115 = VECTOR('',#10116,1.);
#10116 = DIRECTION('',(0.,0.,1.));
#10117 = ORIENTED_EDGE('',*,*,#5532,.F.);
#10118 = ORIENTED_EDGE('',*,*,#10112,.F.);
#10119 = CYLINDRICAL_SURFACE('',#10120,0.95);
#10120 = AXIS2_PLACEMENT_3D('',#10121,#10122,#10123);
#10121 = CARTESIAN_POINT('',(69.322937,-26.471786,-4.5E-02));
#10122 = DIRECTION('',(-0.,-0.,-1.));
#10123 = DIRECTION('',(-0.,-1.,0.));
#10124 = ADVANCED_FACE('',(#10125),#10136,.F.);
#10125 = FACE_BOUND('',#10126,.T.);
#10126 = EDGE_LOOP('',(#10127,#10128,#10134,#10135));
#10127 = ORIENTED_EDGE('',*,*,#2367,.T.);
#10128 = ORIENTED_EDGE('',*,*,#10129,.T.);
#10129 = EDGE_CURVE('',#2368,#5544,#10130,.T.);
#10130 = LINE('',#10131,#10132);
#10131 = CARTESIAN_POINT('',(77.872937,-30.508286,-4.5E-02));
#10132 = VECTOR('',#10133,1.);
#10133 = DIRECTION('',(0.,0.,1.));
#10134 = ORIENTED_EDGE('',*,*,#5543,.F.);
#10135 = ORIENTED_EDGE('',*,*,#10129,.F.);
#10136 = CYLINDRICAL_SURFACE('',#10137,1.5);
#10137 = AXIS2_PLACEMENT_3D('',#10138,#10139,#10140);
#10138 = CARTESIAN_POINT('',(77.872937,-29.008286,-4.5E-02));
#10139 = DIRECTION('',(-0.,-0.,-1.));
#10140 = DIRECTION('',(-0.,-1.,0.));
#10141 = ADVANCED_FACE('',(#10142),#10153,.F.);
#10142 = FACE_BOUND('',#10143,.T.);
#10143 = EDGE_LOOP('',(#10144,#10145,#10151,#10152));
#10144 = ORIENTED_EDGE('',*,*,#2378,.T.);
#10145 = ORIENTED_EDGE('',*,*,#10146,.T.);
#10146 = EDGE_CURVE('',#2379,#5555,#10147,.T.);
#10147 = LINE('',#10148,#10149);
#10148 = CARTESIAN_POINT('',(68.822937,-24.221786,-4.5E-02));
#10149 = VECTOR('',#10150,1.);
#10150 = DIRECTION('',(0.,0.,1.));
#10151 = ORIENTED_EDGE('',*,*,#5554,.F.);
#10152 = ORIENTED_EDGE('',*,*,#10146,.F.);
#10153 = CYLINDRICAL_SURFACE('',#10154,1.5);
#10154 = AXIS2_PLACEMENT_3D('',#10155,#10156,#10157);
#10155 = CARTESIAN_POINT('',(68.822937,-22.721786,-4.5E-02));
#10156 = DIRECTION('',(-0.,-0.,-1.));
#10157 = DIRECTION('',(-0.,-1.,0.));
#10158 = ADVANCED_FACE('',(#10159),#10170,.F.);
#10159 = FACE_BOUND('',#10160,.T.);
#10160 = EDGE_LOOP('',(#10161,#10162,#10168,#10169));
#10161 = ORIENTED_EDGE('',*,*,#2389,.T.);
#10162 = ORIENTED_EDGE('',*,*,#10163,.T.);
#10163 = EDGE_CURVE('',#2390,#5566,#10164,.T.);
#10164 = LINE('',#10165,#10166);
#10165 = CARTESIAN_POINT('',(92.397937,-63.481036,-4.5E-02));
#10166 = VECTOR('',#10167,1.);
#10167 = DIRECTION('',(0.,0.,1.));
#10168 = ORIENTED_EDGE('',*,*,#5565,.F.);
#10169 = ORIENTED_EDGE('',*,*,#10163,.F.);
#10170 = CYLINDRICAL_SURFACE('',#10171,1.1);
#10171 = AXIS2_PLACEMENT_3D('',#10172,#10173,#10174);
#10172 = CARTESIAN_POINT('',(92.397937,-62.381036,-4.5E-02));
#10173 = DIRECTION('',(-0.,-0.,-1.));
#10174 = DIRECTION('',(-0.,-1.,0.));
#10175 = ADVANCED_FACE('',(#10176),#10187,.F.);
#10176 = FACE_BOUND('',#10177,.T.);
#10177 = EDGE_LOOP('',(#10178,#10179,#10185,#10186));
#10178 = ORIENTED_EDGE('',*,*,#2400,.T.);
#10179 = ORIENTED_EDGE('',*,*,#10180,.T.);
#10180 = EDGE_CURVE('',#2401,#5577,#10181,.T.);
#10181 = LINE('',#10182,#10183);
#10182 = CARTESIAN_POINT('',(82.872937,-54.308286,-4.5E-02));
#10183 = VECTOR('',#10184,1.);
#10184 = DIRECTION('',(0.,0.,1.));
#10185 = ORIENTED_EDGE('',*,*,#5576,.F.);
#10186 = ORIENTED_EDGE('',*,*,#10180,.F.);
#10187 = CYLINDRICAL_SURFACE('',#10188,2.5);
#10188 = AXIS2_PLACEMENT_3D('',#10189,#10190,#10191);
#10189 = CARTESIAN_POINT('',(82.872937,-51.808286,-4.5E-02));
#10190 = DIRECTION('',(-0.,-0.,-1.));
#10191 = DIRECTION('',(-0.,-1.,0.));
#10192 = ADVANCED_FACE('',(#10193),#10204,.F.);
#10193 = FACE_BOUND('',#10194,.T.);
#10194 = EDGE_LOOP('',(#10195,#10196,#10202,#10203));
#10195 = ORIENTED_EDGE('',*,*,#2411,.T.);
#10196 = ORIENTED_EDGE('',*,*,#10197,.T.);
#10197 = EDGE_CURVE('',#2412,#5588,#10198,.T.);
#10198 = LINE('',#10199,#10200);
#10199 = CARTESIAN_POINT('',(87.872937,-57.758286,-4.5E-02));
#10200 = VECTOR('',#10201,1.);
#10201 = DIRECTION('',(0.,0.,1.));
#10202 = ORIENTED_EDGE('',*,*,#5587,.F.);
#10203 = ORIENTED_EDGE('',*,*,#10197,.F.);
#10204 = CYLINDRICAL_SURFACE('',#10205,0.8);
#10205 = AXIS2_PLACEMENT_3D('',#10206,#10207,#10208);
#10206 = CARTESIAN_POINT('',(87.872937,-56.958286,-4.5E-02));
#10207 = DIRECTION('',(-0.,-0.,-1.));
#10208 = DIRECTION('',(-1.7763568394E-14,-1.,0.));
#10209 = ADVANCED_FACE('',(#10210),#10221,.F.);
#10210 = FACE_BOUND('',#10211,.T.);
#10211 = EDGE_LOOP('',(#10212,#10213,#10219,#10220));
#10212 = ORIENTED_EDGE('',*,*,#2422,.T.);
#10213 = ORIENTED_EDGE('',*,*,#10214,.T.);
#10214 = EDGE_CURVE('',#2423,#5599,#10215,.T.);
#10215 = LINE('',#10216,#10217);
#10216 = CARTESIAN_POINT('',(88.372937,-52.758286,-4.5E-02));
#10217 = VECTOR('',#10218,1.);
#10218 = DIRECTION('',(0.,0.,1.));
#10219 = ORIENTED_EDGE('',*,*,#5598,.F.);
#10220 = ORIENTED_EDGE('',*,*,#10214,.F.);
#10221 = CYLINDRICAL_SURFACE('',#10222,0.95);
#10222 = AXIS2_PLACEMENT_3D('',#10223,#10224,#10225);
#10223 = CARTESIAN_POINT('',(88.372937,-51.808286,-4.5E-02));
#10224 = DIRECTION('',(-0.,-0.,-1.));
#10225 = DIRECTION('',(-1.495879443705E-14,-1.,0.));
#10226 = ADVANCED_FACE('',(#10227),#10238,.F.);
#10227 = FACE_BOUND('',#10228,.T.);
#10228 = EDGE_LOOP('',(#10229,#10230,#10236,#10237));
#10229 = ORIENTED_EDGE('',*,*,#2433,.T.);
#10230 = ORIENTED_EDGE('',*,*,#10231,.T.);
#10231 = EDGE_CURVE('',#2434,#5610,#10232,.T.);
#10232 = LINE('',#10233,#10234);
#10233 = CARTESIAN_POINT('',(94.422937,-59.053786,-4.5E-02));
#10234 = VECTOR('',#10235,1.);
#10235 = DIRECTION('',(0.,0.,1.));
#10236 = ORIENTED_EDGE('',*,*,#5609,.F.);
#10237 = ORIENTED_EDGE('',*,*,#10231,.F.);
#10238 = CYLINDRICAL_SURFACE('',#10239,0.15);
#10239 = AXIS2_PLACEMENT_3D('',#10240,#10241,#10242);
#10240 = CARTESIAN_POINT('',(94.422937,-58.903786,-4.5E-02));
#10241 = DIRECTION('',(-0.,0.,-1.));
#10242 = DIRECTION('',(9.473903143467E-14,-1.,-0.));
#10243 = ADVANCED_FACE('',(#10244),#10255,.F.);
#10244 = FACE_BOUND('',#10245,.T.);
#10245 = EDGE_LOOP('',(#10246,#10247,#10253,#10254));
#10246 = ORIENTED_EDGE('',*,*,#2444,.T.);
#10247 = ORIENTED_EDGE('',*,*,#10248,.T.);
#10248 = EDGE_CURVE('',#2445,#5621,#10249,.T.);
#10249 = LINE('',#10250,#10251);
#10250 = CARTESIAN_POINT('',(96.922937,-59.853786,-4.5E-02));
#10251 = VECTOR('',#10252,1.);
#10252 = DIRECTION('',(0.,0.,1.));
#10253 = ORIENTED_EDGE('',*,*,#5620,.F.);
#10254 = ORIENTED_EDGE('',*,*,#10248,.F.);
#10255 = CYLINDRICAL_SURFACE('',#10256,0.8);
#10256 = AXIS2_PLACEMENT_3D('',#10257,#10258,#10259);
#10257 = CARTESIAN_POINT('',(96.922937,-59.053786,-4.5E-02));
#10258 = DIRECTION('',(-0.,0.,-1.));
#10259 = DIRECTION('',(1.7763568394E-14,-1.,-0.));
#10260 = ADVANCED_FACE('',(#10261),#10272,.F.);
#10261 = FACE_BOUND('',#10262,.T.);
#10262 = EDGE_LOOP('',(#10263,#10264,#10270,#10271));
#10263 = ORIENTED_EDGE('',*,*,#2455,.T.);
#10264 = ORIENTED_EDGE('',*,*,#10265,.T.);
#10265 = EDGE_CURVE('',#2456,#5632,#10266,.T.);
#10266 = LINE('',#10267,#10268);
#10267 = CARTESIAN_POINT('',(106.922937,-59.853786,-4.5E-02));
#10268 = VECTOR('',#10269,1.);
#10269 = DIRECTION('',(0.,0.,1.));
#10270 = ORIENTED_EDGE('',*,*,#5631,.F.);
#10271 = ORIENTED_EDGE('',*,*,#10265,.F.);
#10272 = CYLINDRICAL_SURFACE('',#10273,0.8);
#10273 = AXIS2_PLACEMENT_3D('',#10274,#10275,#10276);
#10274 = CARTESIAN_POINT('',(106.922937,-59.053786,-4.5E-02));
#10275 = DIRECTION('',(-0.,0.,-1.));
#10276 = DIRECTION('',(1.7763568394E-14,-1.,-0.));
#10277 = ADVANCED_FACE('',(#10278),#10289,.F.);
#10278 = FACE_BOUND('',#10279,.T.);
#10279 = EDGE_LOOP('',(#10280,#10281,#10287,#10288));
#10280 = ORIENTED_EDGE('',*,*,#2466,.T.);
#10281 = ORIENTED_EDGE('',*,*,#10282,.T.);
#10282 = EDGE_CURVE('',#2467,#5643,#10283,.T.);
#10283 = LINE('',#10284,#10285);
#10284 = CARTESIAN_POINT('',(94.422937,-56.253786,-4.5E-02));
#10285 = VECTOR('',#10286,1.);
#10286 = DIRECTION('',(0.,0.,1.));
#10287 = ORIENTED_EDGE('',*,*,#5642,.F.);
#10288 = ORIENTED_EDGE('',*,*,#10282,.F.);
#10289 = CYLINDRICAL_SURFACE('',#10290,0.15);
#10290 = AXIS2_PLACEMENT_3D('',#10291,#10292,#10293);
#10291 = CARTESIAN_POINT('',(94.422937,-56.103786,-4.5E-02));
#10292 = DIRECTION('',(-0.,0.,-1.));
#10293 = DIRECTION('',(9.473903143467E-14,-1.,-0.));
#10294 = ADVANCED_FACE('',(#10295),#10306,.F.);
#10295 = FACE_BOUND('',#10296,.T.);
#10296 = EDGE_LOOP('',(#10297,#10298,#10304,#10305));
#10297 = ORIENTED_EDGE('',*,*,#2477,.T.);
#10298 = ORIENTED_EDGE('',*,*,#10299,.T.);
#10299 = EDGE_CURVE('',#2478,#5654,#10300,.T.);
#10300 = LINE('',#10301,#10302);
#10301 = CARTESIAN_POINT('',(96.422937,-54.853786,-4.5E-02));
#10302 = VECTOR('',#10303,1.);
#10303 = DIRECTION('',(0.,0.,1.));
#10304 = ORIENTED_EDGE('',*,*,#5653,.F.);
#10305 = ORIENTED_EDGE('',*,*,#10299,.F.);
#10306 = CYLINDRICAL_SURFACE('',#10307,0.95);
#10307 = AXIS2_PLACEMENT_3D('',#10308,#10309,#10310);
#10308 = CARTESIAN_POINT('',(96.422937,-53.903786,-4.5E-02));
#10309 = DIRECTION('',(-0.,0.,-1.));
#10310 = DIRECTION('',(1.495879443705E-14,-1.,-0.));
#10311 = ADVANCED_FACE('',(#10312),#10323,.F.);
#10312 = FACE_BOUND('',#10313,.T.);
#10313 = EDGE_LOOP('',(#10314,#10315,#10321,#10322));
#10314 = ORIENTED_EDGE('',*,*,#2488,.T.);
#10315 = ORIENTED_EDGE('',*,*,#10316,.T.);
#10316 = EDGE_CURVE('',#2489,#5665,#10317,.T.);
#10317 = LINE('',#10318,#10319);
#10318 = CARTESIAN_POINT('',(101.922937,-56.403786,-4.5E-02));
#10319 = VECTOR('',#10320,1.);
#10320 = DIRECTION('',(0.,0.,1.));
#10321 = ORIENTED_EDGE('',*,*,#5664,.F.);
#10322 = ORIENTED_EDGE('',*,*,#10316,.F.);
#10323 = CYLINDRICAL_SURFACE('',#10324,2.5);
#10324 = AXIS2_PLACEMENT_3D('',#10325,#10326,#10327);
#10325 = CARTESIAN_POINT('',(101.922937,-53.903786,-4.5E-02));
#10326 = DIRECTION('',(-0.,-0.,-1.));
#10327 = DIRECTION('',(-0.,-1.,0.));
#10328 = ADVANCED_FACE('',(#10329),#10340,.F.);
#10329 = FACE_BOUND('',#10330,.T.);
#10330 = EDGE_LOOP('',(#10331,#10332,#10338,#10339));
#10331 = ORIENTED_EDGE('',*,*,#2499,.T.);
#10332 = ORIENTED_EDGE('',*,*,#10333,.T.);
#10333 = EDGE_CURVE('',#2500,#5676,#10334,.T.);
#10334 = LINE('',#10335,#10336);
#10335 = CARTESIAN_POINT('',(107.422937,-54.853786,-4.5E-02));
#10336 = VECTOR('',#10337,1.);
#10337 = DIRECTION('',(0.,0.,1.));
#10338 = ORIENTED_EDGE('',*,*,#5675,.F.);
#10339 = ORIENTED_EDGE('',*,*,#10333,.F.);
#10340 = CYLINDRICAL_SURFACE('',#10341,0.95);
#10341 = AXIS2_PLACEMENT_3D('',#10342,#10343,#10344);
#10342 = CARTESIAN_POINT('',(107.422937,-53.903786,-4.5E-02));
#10343 = DIRECTION('',(-0.,0.,-1.));
#10344 = DIRECTION('',(1.495879443705E-14,-1.,-0.));
#10345 = ADVANCED_FACE('',(#10346),#10357,.F.);
#10346 = FACE_BOUND('',#10347,.T.);
#10347 = EDGE_LOOP('',(#10348,#10349,#10355,#10356));
#10348 = ORIENTED_EDGE('',*,*,#2510,.T.);
#10349 = ORIENTED_EDGE('',*,*,#10350,.T.);
#10350 = EDGE_CURVE('',#2511,#5687,#10351,.T.);
#10351 = LINE('',#10352,#10353);
#10352 = CARTESIAN_POINT('',(87.872937,-49.558286,-4.5E-02));
#10353 = VECTOR('',#10354,1.);
#10354 = DIRECTION('',(0.,0.,1.));
#10355 = ORIENTED_EDGE('',*,*,#5686,.F.);
#10356 = ORIENTED_EDGE('',*,*,#10350,.F.);
#10357 = CYLINDRICAL_SURFACE('',#10358,1.5);
#10358 = AXIS2_PLACEMENT_3D('',#10359,#10360,#10361);
#10359 = CARTESIAN_POINT('',(87.872937,-48.058286,-4.5E-02));
#10360 = DIRECTION('',(-0.,-0.,-1.));
#10361 = DIRECTION('',(-0.,-1.,0.));
#10362 = ADVANCED_FACE('',(#10363),#10374,.F.);
#10363 = FACE_BOUND('',#10364,.T.);
#10364 = EDGE_LOOP('',(#10365,#10366,#10372,#10373));
#10365 = ORIENTED_EDGE('',*,*,#2521,.T.);
#10366 = ORIENTED_EDGE('',*,*,#10367,.T.);
#10367 = EDGE_CURVE('',#2522,#5698,#10368,.T.);
#10368 = LINE('',#10369,#10370);
#10369 = CARTESIAN_POINT('',(82.872937,-47.358286,-4.5E-02));
#10370 = VECTOR('',#10371,1.);
#10371 = DIRECTION('',(0.,0.,1.));
#10372 = ORIENTED_EDGE('',*,*,#5697,.F.);
#10373 = ORIENTED_EDGE('',*,*,#10367,.F.);
#10374 = CYLINDRICAL_SURFACE('',#10375,1.5);
#10375 = AXIS2_PLACEMENT_3D('',#10376,#10377,#10378);
#10376 = CARTESIAN_POINT('',(82.872937,-45.858286,-4.5E-02));
#10377 = DIRECTION('',(-0.,-0.,-1.));
#10378 = DIRECTION('',(-0.,-1.,0.));
#10379 = ADVANCED_FACE('',(#10380),#10391,.F.);
#10380 = FACE_BOUND('',#10381,.T.);
#10381 = EDGE_LOOP('',(#10382,#10383,#10389,#10390));
#10382 = ORIENTED_EDGE('',*,*,#2532,.T.);
#10383 = ORIENTED_EDGE('',*,*,#10384,.T.);
#10384 = EDGE_CURVE('',#2533,#5709,#10385,.T.);
#10385 = LINE('',#10386,#10387);
#10386 = CARTESIAN_POINT('',(92.397937,-44.431036,-4.5E-02));
#10387 = VECTOR('',#10388,1.);
#10388 = DIRECTION('',(0.,0.,1.));
#10389 = ORIENTED_EDGE('',*,*,#5708,.F.);
#10390 = ORIENTED_EDGE('',*,*,#10384,.F.);
#10391 = CYLINDRICAL_SURFACE('',#10392,1.1);
#10392 = AXIS2_PLACEMENT_3D('',#10393,#10394,#10395);
#10393 = CARTESIAN_POINT('',(92.397937,-43.331036,-4.5E-02));
#10394 = DIRECTION('',(-0.,-0.,-1.));
#10395 = DIRECTION('',(-0.,-1.,0.));
#10396 = ADVANCED_FACE('',(#10397),#10408,.F.);
#10397 = FACE_BOUND('',#10398,.T.);
#10398 = EDGE_LOOP('',(#10399,#10400,#10406,#10407));
#10399 = ORIENTED_EDGE('',*,*,#2543,.T.);
#10400 = ORIENTED_EDGE('',*,*,#10401,.T.);
#10401 = EDGE_CURVE('',#2544,#5720,#10402,.T.);
#10402 = LINE('',#10403,#10404);
#10403 = CARTESIAN_POINT('',(96.922937,-51.653786,-4.5E-02));
#10404 = VECTOR('',#10405,1.);
#10405 = DIRECTION('',(0.,0.,1.));
#10406 = ORIENTED_EDGE('',*,*,#5719,.F.);
#10407 = ORIENTED_EDGE('',*,*,#10401,.F.);
#10408 = CYLINDRICAL_SURFACE('',#10409,1.5);
#10409 = AXIS2_PLACEMENT_3D('',#10410,#10411,#10412);
#10410 = CARTESIAN_POINT('',(96.922937,-50.153786,-4.5E-02));
#10411 = DIRECTION('',(-0.,-0.,-1.));
#10412 = DIRECTION('',(-0.,-1.,0.));
#10413 = ADVANCED_FACE('',(#10414),#10425,.F.);
#10414 = FACE_BOUND('',#10415,.T.);
#10415 = EDGE_LOOP('',(#10416,#10417,#10423,#10424));
#10416 = ORIENTED_EDGE('',*,*,#2554,.T.);
#10417 = ORIENTED_EDGE('',*,*,#10418,.T.);
#10418 = EDGE_CURVE('',#2555,#5731,#10419,.T.);
#10419 = LINE('',#10420,#10421);
#10420 = CARTESIAN_POINT('',(101.922937,-49.453786,-4.5E-02));
#10421 = VECTOR('',#10422,1.);
#10422 = DIRECTION('',(0.,0.,1.));
#10423 = ORIENTED_EDGE('',*,*,#5730,.F.);
#10424 = ORIENTED_EDGE('',*,*,#10418,.F.);
#10425 = CYLINDRICAL_SURFACE('',#10426,1.5);
#10426 = AXIS2_PLACEMENT_3D('',#10427,#10428,#10429);
#10427 = CARTESIAN_POINT('',(101.922937,-47.953786,-4.5E-02));
#10428 = DIRECTION('',(-0.,-0.,-1.));
#10429 = DIRECTION('',(-0.,-1.,0.));
#10430 = ADVANCED_FACE('',(#10431),#10442,.F.);
#10431 = FACE_BOUND('',#10432,.T.);
#10432 = EDGE_LOOP('',(#10433,#10434,#10440,#10441));
#10433 = ORIENTED_EDGE('',*,*,#2565,.T.);
#10434 = ORIENTED_EDGE('',*,*,#10435,.T.);
#10435 = EDGE_CURVE('',#2566,#5742,#10436,.T.);
#10436 = LINE('',#10437,#10438);
#10437 = CARTESIAN_POINT('',(106.922937,-51.653786,-4.5E-02));
#10438 = VECTOR('',#10439,1.);
#10439 = DIRECTION('',(0.,0.,1.));
#10440 = ORIENTED_EDGE('',*,*,#5741,.F.);
#10441 = ORIENTED_EDGE('',*,*,#10435,.F.);
#10442 = CYLINDRICAL_SURFACE('',#10443,1.5);
#10443 = AXIS2_PLACEMENT_3D('',#10444,#10445,#10446);
#10444 = CARTESIAN_POINT('',(106.922937,-50.153786,-4.5E-02));
#10445 = DIRECTION('',(-0.,-0.,-1.));
#10446 = DIRECTION('',(-0.,-1.,0.));
#10447 = ADVANCED_FACE('',(#10448),#10459,.F.);
#10448 = FACE_BOUND('',#10449,.T.);
#10449 = EDGE_LOOP('',(#10450,#10451,#10457,#10458));
#10450 = ORIENTED_EDGE('',*,*,#2576,.T.);
#10451 = ORIENTED_EDGE('',*,*,#10452,.T.);
#10452 = EDGE_CURVE('',#2577,#5753,#10453,.T.);
#10453 = LINE('',#10454,#10455);
#10454 = CARTESIAN_POINT('',(116.302937,-62.873786,-4.5E-02));
#10455 = VECTOR('',#10456,1.);
#10456 = DIRECTION('',(0.,0.,1.));
#10457 = ORIENTED_EDGE('',*,*,#5752,.F.);
#10458 = ORIENTED_EDGE('',*,*,#10452,.F.);
#10459 = CYLINDRICAL_SURFACE('',#10460,0.5);
#10460 = AXIS2_PLACEMENT_3D('',#10461,#10462,#10463);
#10461 = CARTESIAN_POINT('',(116.302937,-62.373786,-4.5E-02));
#10462 = DIRECTION('',(-0.,-0.,-1.));
#10463 = DIRECTION('',(-0.,-1.,0.));
#10464 = ADVANCED_FACE('',(#10465),#10476,.F.);
#10465 = FACE_BOUND('',#10466,.T.);
#10466 = EDGE_LOOP('',(#10467,#10468,#10474,#10475));
#10467 = ORIENTED_EDGE('',*,*,#2587,.T.);
#10468 = ORIENTED_EDGE('',*,*,#10469,.T.);
#10469 = EDGE_CURVE('',#2588,#5764,#10470,.T.);
#10470 = LINE('',#10471,#10472);
#10471 = CARTESIAN_POINT('',(116.302937,-60.333786,-4.5E-02));
#10472 = VECTOR('',#10473,1.);
#10473 = DIRECTION('',(0.,0.,1.));
#10474 = ORIENTED_EDGE('',*,*,#5763,.F.);
#10475 = ORIENTED_EDGE('',*,*,#10469,.F.);
#10476 = CYLINDRICAL_SURFACE('',#10477,0.5);
#10477 = AXIS2_PLACEMENT_3D('',#10478,#10479,#10480);
#10478 = CARTESIAN_POINT('',(116.302937,-59.833786,-4.5E-02));
#10479 = DIRECTION('',(-0.,-0.,-1.));
#10480 = DIRECTION('',(-0.,-1.,0.));
#10481 = ADVANCED_FACE('',(#10482),#10493,.F.);
#10482 = FACE_BOUND('',#10483,.T.);
#10483 = EDGE_LOOP('',(#10484,#10485,#10491,#10492));
#10484 = ORIENTED_EDGE('',*,*,#2598,.T.);
#10485 = ORIENTED_EDGE('',*,*,#10486,.T.);
#10486 = EDGE_CURVE('',#2599,#5775,#10487,.T.);
#10487 = LINE('',#10488,#10489);
#10488 = CARTESIAN_POINT('',(116.302937,-57.793786,-4.5E-02));
#10489 = VECTOR('',#10490,1.);
#10490 = DIRECTION('',(0.,0.,1.));
#10491 = ORIENTED_EDGE('',*,*,#5774,.F.);
#10492 = ORIENTED_EDGE('',*,*,#10486,.F.);
#10493 = CYLINDRICAL_SURFACE('',#10494,0.5);
#10494 = AXIS2_PLACEMENT_3D('',#10495,#10496,#10497);
#10495 = CARTESIAN_POINT('',(116.302937,-57.293786,-4.5E-02));
#10496 = DIRECTION('',(-0.,-0.,-1.));
#10497 = DIRECTION('',(-0.,-1.,0.));
#10498 = ADVANCED_FACE('',(#10499),#10510,.F.);
#10499 = FACE_BOUND('',#10500,.T.);
#10500 = EDGE_LOOP('',(#10501,#10502,#10508,#10509));
#10501 = ORIENTED_EDGE('',*,*,#2609,.T.);
#10502 = ORIENTED_EDGE('',*,*,#10503,.T.);
#10503 = EDGE_CURVE('',#2610,#5786,#10504,.T.);
#10504 = LINE('',#10505,#10506);
#10505 = CARTESIAN_POINT('',(120.660937,-62.573786,-4.5E-02));
#10506 = VECTOR('',#10507,1.);
#10507 = DIRECTION('',(0.,0.,1.));
#10508 = ORIENTED_EDGE('',*,*,#5785,.F.);
#10509 = ORIENTED_EDGE('',*,*,#10503,.F.);
#10510 = CYLINDRICAL_SURFACE('',#10511,0.2);
#10511 = AXIS2_PLACEMENT_3D('',#10512,#10513,#10514);
#10512 = CARTESIAN_POINT('',(120.660937,-62.373786,-4.5E-02));
#10513 = DIRECTION('',(-0.,-0.,-1.));
#10514 = DIRECTION('',(-0.,-1.,0.));
#10515 = ADVANCED_FACE('',(#10516),#10527,.F.);
#10516 = FACE_BOUND('',#10517,.T.);
#10517 = EDGE_LOOP('',(#10518,#10519,#10525,#10526));
#10518 = ORIENTED_EDGE('',*,*,#2620,.T.);
#10519 = ORIENTED_EDGE('',*,*,#10520,.T.);
#10520 = EDGE_CURVE('',#2621,#5797,#10521,.T.);
#10521 = LINE('',#10522,#10523);
#10522 = CARTESIAN_POINT('',(120.660937,-60.033786,-4.5E-02));
#10523 = VECTOR('',#10524,1.);
#10524 = DIRECTION('',(0.,0.,1.));
#10525 = ORIENTED_EDGE('',*,*,#5796,.F.);
#10526 = ORIENTED_EDGE('',*,*,#10520,.F.);
#10527 = CYLINDRICAL_SURFACE('',#10528,0.2);
#10528 = AXIS2_PLACEMENT_3D('',#10529,#10530,#10531);
#10529 = CARTESIAN_POINT('',(120.660937,-59.833786,-4.5E-02));
#10530 = DIRECTION('',(-0.,-0.,-1.));
#10531 = DIRECTION('',(-0.,-1.,0.));
#10532 = ADVANCED_FACE('',(#10533),#10544,.F.);
#10533 = FACE_BOUND('',#10534,.T.);
#10534 = EDGE_LOOP('',(#10535,#10536,#10542,#10543));
#10535 = ORIENTED_EDGE('',*,*,#2631,.T.);
#10536 = ORIENTED_EDGE('',*,*,#10537,.T.);
#10537 = EDGE_CURVE('',#2632,#5808,#10538,.T.);
#10538 = LINE('',#10539,#10540);
#10539 = CARTESIAN_POINT('',(120.660937,-57.493786,-4.5E-02));
#10540 = VECTOR('',#10541,1.);
#10541 = DIRECTION('',(0.,0.,1.));
#10542 = ORIENTED_EDGE('',*,*,#5807,.F.);
#10543 = ORIENTED_EDGE('',*,*,#10537,.F.);
#10544 = CYLINDRICAL_SURFACE('',#10545,0.2);
#10545 = AXIS2_PLACEMENT_3D('',#10546,#10547,#10548);
#10546 = CARTESIAN_POINT('',(120.660937,-57.293786,-4.5E-02));
#10547 = DIRECTION('',(-0.,-0.,-1.));
#10548 = DIRECTION('',(-0.,-1.,0.));
#10549 = ADVANCED_FACE('',(#10550),#10561,.F.);
#10550 = FACE_BOUND('',#10551,.T.);
#10551 = EDGE_LOOP('',(#10552,#10553,#10559,#10560));
#10552 = ORIENTED_EDGE('',*,*,#2642,.T.);
#10553 = ORIENTED_EDGE('',*,*,#10554,.T.);
#10554 = EDGE_CURVE('',#2643,#5819,#10555,.T.);
#10555 = LINE('',#10556,#10557);
#10556 = CARTESIAN_POINT('',(116.302937,-55.253786,-4.5E-02));
#10557 = VECTOR('',#10558,1.);
#10558 = DIRECTION('',(0.,0.,1.));
#10559 = ORIENTED_EDGE('',*,*,#5818,.F.);
#10560 = ORIENTED_EDGE('',*,*,#10554,.F.);
#10561 = CYLINDRICAL_SURFACE('',#10562,0.5);
#10562 = AXIS2_PLACEMENT_3D('',#10563,#10564,#10565);
#10563 = CARTESIAN_POINT('',(116.302937,-54.753786,-4.5E-02));
#10564 = DIRECTION('',(-0.,-0.,-1.));
#10565 = DIRECTION('',(-0.,-1.,0.));
#10566 = ADVANCED_FACE('',(#10567),#10578,.F.);
#10567 = FACE_BOUND('',#10568,.T.);
#10568 = EDGE_LOOP('',(#10569,#10570,#10576,#10577));
#10569 = ORIENTED_EDGE('',*,*,#2653,.T.);
#10570 = ORIENTED_EDGE('',*,*,#10571,.T.);
#10571 = EDGE_CURVE('',#2654,#5830,#10572,.T.);
#10572 = LINE('',#10573,#10574);
#10573 = CARTESIAN_POINT('',(116.302937,-52.713786,-4.5E-02));
#10574 = VECTOR('',#10575,1.);
#10575 = DIRECTION('',(0.,0.,1.));
#10576 = ORIENTED_EDGE('',*,*,#5829,.F.);
#10577 = ORIENTED_EDGE('',*,*,#10571,.F.);
#10578 = CYLINDRICAL_SURFACE('',#10579,0.5);
#10579 = AXIS2_PLACEMENT_3D('',#10580,#10581,#10582);
#10580 = CARTESIAN_POINT('',(116.302937,-52.213786,-4.5E-02));
#10581 = DIRECTION('',(-0.,-0.,-1.));
#10582 = DIRECTION('',(-0.,-1.,0.));
#10583 = ADVANCED_FACE('',(#10584),#10595,.F.);
#10584 = FACE_BOUND('',#10585,.T.);
#10585 = EDGE_LOOP('',(#10586,#10587,#10593,#10594));
#10586 = ORIENTED_EDGE('',*,*,#2664,.T.);
#10587 = ORIENTED_EDGE('',*,*,#10588,.T.);
#10588 = EDGE_CURVE('',#2665,#5841,#10589,.T.);
#10589 = LINE('',#10590,#10591);
#10590 = CARTESIAN_POINT('',(120.660937,-54.953786,-4.5E-02));
#10591 = VECTOR('',#10592,1.);
#10592 = DIRECTION('',(0.,0.,1.));
#10593 = ORIENTED_EDGE('',*,*,#5840,.F.);
#10594 = ORIENTED_EDGE('',*,*,#10588,.F.);
#10595 = CYLINDRICAL_SURFACE('',#10596,0.2);
#10596 = AXIS2_PLACEMENT_3D('',#10597,#10598,#10599);
#10597 = CARTESIAN_POINT('',(120.660937,-54.753786,-4.5E-02));
#10598 = DIRECTION('',(-0.,-0.,-1.));
#10599 = DIRECTION('',(-0.,-1.,0.));
#10600 = ADVANCED_FACE('',(#10601),#10612,.F.);
#10601 = FACE_BOUND('',#10602,.T.);
#10602 = EDGE_LOOP('',(#10603,#10604,#10610,#10611));
#10603 = ORIENTED_EDGE('',*,*,#2675,.T.);
#10604 = ORIENTED_EDGE('',*,*,#10605,.T.);
#10605 = EDGE_CURVE('',#2676,#5852,#10606,.T.);
#10606 = LINE('',#10607,#10608);
#10607 = CARTESIAN_POINT('',(120.660937,-52.413786,-4.5E-02));
#10608 = VECTOR('',#10609,1.);
#10609 = DIRECTION('',(0.,0.,1.));
#10610 = ORIENTED_EDGE('',*,*,#5851,.F.);
#10611 = ORIENTED_EDGE('',*,*,#10605,.F.);
#10612 = CYLINDRICAL_SURFACE('',#10613,0.2);
#10613 = AXIS2_PLACEMENT_3D('',#10614,#10615,#10616);
#10614 = CARTESIAN_POINT('',(120.660937,-52.213786,-4.5E-02));
#10615 = DIRECTION('',(-0.,-0.,-1.));
#10616 = DIRECTION('',(-0.,-1.,0.));
#10617 = ADVANCED_FACE('',(#10618),#10629,.F.);
#10618 = FACE_BOUND('',#10619,.T.);
#10619 = EDGE_LOOP('',(#10620,#10621,#10627,#10628));
#10620 = ORIENTED_EDGE('',*,*,#2686,.T.);
#10621 = ORIENTED_EDGE('',*,*,#10622,.T.);
#10622 = EDGE_CURVE('',#2687,#5863,#10623,.T.);
#10623 = LINE('',#10624,#10625);
#10624 = CARTESIAN_POINT('',(127.184937,-62.573786,-4.5E-02));
#10625 = VECTOR('',#10626,1.);
#10626 = DIRECTION('',(0.,0.,1.));
#10627 = ORIENTED_EDGE('',*,*,#5862,.F.);
#10628 = ORIENTED_EDGE('',*,*,#10622,.F.);
#10629 = CYLINDRICAL_SURFACE('',#10630,0.2);
#10630 = AXIS2_PLACEMENT_3D('',#10631,#10632,#10633);
#10631 = CARTESIAN_POINT('',(127.184937,-62.373786,-4.5E-02));
#10632 = DIRECTION('',(-0.,0.,-1.));
#10633 = DIRECTION('',(7.105427357601E-14,-1.,-0.));
#10634 = ADVANCED_FACE('',(#10635),#10646,.F.);
#10635 = FACE_BOUND('',#10636,.T.);
#10636 = EDGE_LOOP('',(#10637,#10638,#10644,#10645));
#10637 = ORIENTED_EDGE('',*,*,#2697,.T.);
#10638 = ORIENTED_EDGE('',*,*,#10639,.T.);
#10639 = EDGE_CURVE('',#2698,#5874,#10640,.T.);
#10640 = LINE('',#10641,#10642);
#10641 = CARTESIAN_POINT('',(127.184937,-60.033786,-4.5E-02));
#10642 = VECTOR('',#10643,1.);
#10643 = DIRECTION('',(0.,0.,1.));
#10644 = ORIENTED_EDGE('',*,*,#5873,.F.);
#10645 = ORIENTED_EDGE('',*,*,#10639,.F.);
#10646 = CYLINDRICAL_SURFACE('',#10647,0.2);
#10647 = AXIS2_PLACEMENT_3D('',#10648,#10649,#10650);
#10648 = CARTESIAN_POINT('',(127.184937,-59.833786,-4.5E-02));
#10649 = DIRECTION('',(-0.,0.,-1.));
#10650 = DIRECTION('',(7.105427357601E-14,-1.,-0.));
#10651 = ADVANCED_FACE('',(#10652),#10663,.F.);
#10652 = FACE_BOUND('',#10653,.T.);
#10653 = EDGE_LOOP('',(#10654,#10655,#10661,#10662));
#10654 = ORIENTED_EDGE('',*,*,#2708,.T.);
#10655 = ORIENTED_EDGE('',*,*,#10656,.T.);
#10656 = EDGE_CURVE('',#2709,#5885,#10657,.T.);
#10657 = LINE('',#10658,#10659);
#10658 = CARTESIAN_POINT('',(131.542937,-62.873786,-4.5E-02));
#10659 = VECTOR('',#10660,1.);
#10660 = DIRECTION('',(0.,0.,1.));
#10661 = ORIENTED_EDGE('',*,*,#5884,.F.);
#10662 = ORIENTED_EDGE('',*,*,#10656,.F.);
#10663 = CYLINDRICAL_SURFACE('',#10664,0.5);
#10664 = AXIS2_PLACEMENT_3D('',#10665,#10666,#10667);
#10665 = CARTESIAN_POINT('',(131.542937,-62.373786,-4.5E-02));
#10666 = DIRECTION('',(-0.,-0.,-1.));
#10667 = DIRECTION('',(-0.,-1.,0.));
#10668 = ADVANCED_FACE('',(#10669),#10680,.F.);
#10669 = FACE_BOUND('',#10670,.T.);
#10670 = EDGE_LOOP('',(#10671,#10672,#10678,#10679));
#10671 = ORIENTED_EDGE('',*,*,#2719,.T.);
#10672 = ORIENTED_EDGE('',*,*,#10673,.T.);
#10673 = EDGE_CURVE('',#2720,#5896,#10674,.T.);
#10674 = LINE('',#10675,#10676);
#10675 = CARTESIAN_POINT('',(131.542937,-60.333786,-4.5E-02));
#10676 = VECTOR('',#10677,1.);
#10677 = DIRECTION('',(0.,0.,1.));
#10678 = ORIENTED_EDGE('',*,*,#5895,.F.);
#10679 = ORIENTED_EDGE('',*,*,#10673,.F.);
#10680 = CYLINDRICAL_SURFACE('',#10681,0.5);
#10681 = AXIS2_PLACEMENT_3D('',#10682,#10683,#10684);
#10682 = CARTESIAN_POINT('',(131.542937,-59.833786,-4.5E-02));
#10683 = DIRECTION('',(-0.,-0.,-1.));
#10684 = DIRECTION('',(-0.,-1.,0.));
#10685 = ADVANCED_FACE('',(#10686),#10697,.F.);
#10686 = FACE_BOUND('',#10687,.T.);
#10687 = EDGE_LOOP('',(#10688,#10689,#10695,#10696));
#10688 = ORIENTED_EDGE('',*,*,#2730,.T.);
#10689 = ORIENTED_EDGE('',*,*,#10690,.T.);
#10690 = EDGE_CURVE('',#2731,#5907,#10691,.T.);
#10691 = LINE('',#10692,#10693);
#10692 = CARTESIAN_POINT('',(127.184937,-57.493786,-4.5E-02));
#10693 = VECTOR('',#10694,1.);
#10694 = DIRECTION('',(0.,0.,1.));
#10695 = ORIENTED_EDGE('',*,*,#5906,.F.);
#10696 = ORIENTED_EDGE('',*,*,#10690,.F.);
#10697 = CYLINDRICAL_SURFACE('',#10698,0.2);
#10698 = AXIS2_PLACEMENT_3D('',#10699,#10700,#10701);
#10699 = CARTESIAN_POINT('',(127.184937,-57.293786,-4.5E-02));
#10700 = DIRECTION('',(-0.,0.,-1.));
#10701 = DIRECTION('',(7.105427357601E-14,-1.,-0.));
#10702 = ADVANCED_FACE('',(#10703),#10714,.F.);
#10703 = FACE_BOUND('',#10704,.T.);
#10704 = EDGE_LOOP('',(#10705,#10706,#10712,#10713));
#10705 = ORIENTED_EDGE('',*,*,#2741,.T.);
#10706 = ORIENTED_EDGE('',*,*,#10707,.T.);
#10707 = EDGE_CURVE('',#2742,#5918,#10708,.T.);
#10708 = LINE('',#10709,#10710);
#10709 = CARTESIAN_POINT('',(131.542937,-57.793786,-4.5E-02));
#10710 = VECTOR('',#10711,1.);
#10711 = DIRECTION('',(0.,0.,1.));
#10712 = ORIENTED_EDGE('',*,*,#5917,.F.);
#10713 = ORIENTED_EDGE('',*,*,#10707,.F.);
#10714 = CYLINDRICAL_SURFACE('',#10715,0.5);
#10715 = AXIS2_PLACEMENT_3D('',#10716,#10717,#10718);
#10716 = CARTESIAN_POINT('',(131.542937,-57.293786,-4.5E-02));
#10717 = DIRECTION('',(-0.,-0.,-1.));
#10718 = DIRECTION('',(-0.,-1.,0.));
#10719 = ADVANCED_FACE('',(#10720),#10731,.F.);
#10720 = FACE_BOUND('',#10721,.T.);
#10721 = EDGE_LOOP('',(#10722,#10723,#10729,#10730));
#10722 = ORIENTED_EDGE('',*,*,#2752,.T.);
#10723 = ORIENTED_EDGE('',*,*,#10724,.T.);
#10724 = EDGE_CURVE('',#2753,#5929,#10725,.T.);
#10725 = LINE('',#10726,#10727);
#10726 = CARTESIAN_POINT('',(127.184937,-54.953786,-4.5E-02));
#10727 = VECTOR('',#10728,1.);
#10728 = DIRECTION('',(0.,0.,1.));
#10729 = ORIENTED_EDGE('',*,*,#5928,.F.);
#10730 = ORIENTED_EDGE('',*,*,#10724,.F.);
#10731 = CYLINDRICAL_SURFACE('',#10732,0.2);
#10732 = AXIS2_PLACEMENT_3D('',#10733,#10734,#10735);
#10733 = CARTESIAN_POINT('',(127.184937,-54.753786,-4.5E-02));
#10734 = DIRECTION('',(-0.,0.,-1.));
#10735 = DIRECTION('',(7.105427357601E-14,-1.,-0.));
#10736 = ADVANCED_FACE('',(#10737),#10748,.F.);
#10737 = FACE_BOUND('',#10738,.T.);
#10738 = EDGE_LOOP('',(#10739,#10740,#10746,#10747));
#10739 = ORIENTED_EDGE('',*,*,#2763,.T.);
#10740 = ORIENTED_EDGE('',*,*,#10741,.T.);
#10741 = EDGE_CURVE('',#2764,#5940,#10742,.T.);
#10742 = LINE('',#10743,#10744);
#10743 = CARTESIAN_POINT('',(131.542937,-55.253786,-4.5E-02));
#10744 = VECTOR('',#10745,1.);
#10745 = DIRECTION('',(0.,0.,1.));
#10746 = ORIENTED_EDGE('',*,*,#5939,.F.);
#10747 = ORIENTED_EDGE('',*,*,#10741,.F.);
#10748 = CYLINDRICAL_SURFACE('',#10749,0.5);
#10749 = AXIS2_PLACEMENT_3D('',#10750,#10751,#10752);
#10750 = CARTESIAN_POINT('',(131.542937,-54.753786,-4.5E-02));
#10751 = DIRECTION('',(-0.,-0.,-1.));
#10752 = DIRECTION('',(-0.,-1.,0.));
#10753 = ADVANCED_FACE('',(#10754),#10765,.F.);
#10754 = FACE_BOUND('',#10755,.T.);
#10755 = EDGE_LOOP('',(#10756,#10757,#10763,#10764));
#10756 = ORIENTED_EDGE('',*,*,#2774,.T.);
#10757 = ORIENTED_EDGE('',*,*,#10758,.T.);
#10758 = EDGE_CURVE('',#2775,#5951,#10759,.T.);
#10759 = LINE('',#10760,#10761);
#10760 = CARTESIAN_POINT('',(127.184937,-52.413786,-4.5E-02));
#10761 = VECTOR('',#10762,1.);
#10762 = DIRECTION('',(0.,0.,1.));
#10763 = ORIENTED_EDGE('',*,*,#5950,.F.);
#10764 = ORIENTED_EDGE('',*,*,#10758,.F.);
#10765 = CYLINDRICAL_SURFACE('',#10766,0.2);
#10766 = AXIS2_PLACEMENT_3D('',#10767,#10768,#10769);
#10767 = CARTESIAN_POINT('',(127.184937,-52.213786,-4.5E-02));
#10768 = DIRECTION('',(-0.,0.,-1.));
#10769 = DIRECTION('',(7.105427357601E-14,-1.,-0.));
#10770 = ADVANCED_FACE('',(#10771),#10782,.F.);
#10771 = FACE_BOUND('',#10772,.T.);
#10772 = EDGE_LOOP('',(#10773,#10774,#10780,#10781));
#10773 = ORIENTED_EDGE('',*,*,#2785,.T.);
#10774 = ORIENTED_EDGE('',*,*,#10775,.T.);
#10775 = EDGE_CURVE('',#2786,#5962,#10776,.T.);
#10776 = LINE('',#10777,#10778);
#10777 = CARTESIAN_POINT('',(131.542937,-52.713786,-4.5E-02));
#10778 = VECTOR('',#10779,1.);
#10779 = DIRECTION('',(0.,0.,1.));
#10780 = ORIENTED_EDGE('',*,*,#5961,.F.);
#10781 = ORIENTED_EDGE('',*,*,#10775,.F.);
#10782 = CYLINDRICAL_SURFACE('',#10783,0.5);
#10783 = AXIS2_PLACEMENT_3D('',#10784,#10785,#10786);
#10784 = CARTESIAN_POINT('',(131.542937,-52.213786,-4.5E-02));
#10785 = DIRECTION('',(-0.,-0.,-1.));
#10786 = DIRECTION('',(-0.,-1.,0.));
#10787 = ADVANCED_FACE('',(#10788),#10799,.F.);
#10788 = FACE_BOUND('',#10789,.T.);
#10789 = EDGE_LOOP('',(#10790,#10791,#10797,#10798));
#10790 = ORIENTED_EDGE('',*,*,#2796,.T.);
#10791 = ORIENTED_EDGE('',*,*,#10792,.T.);
#10792 = EDGE_CURVE('',#2797,#5973,#10793,.T.);
#10793 = LINE('',#10794,#10795);
#10794 = CARTESIAN_POINT('',(116.302937,-50.173786,-4.5E-02));
#10795 = VECTOR('',#10796,1.);
#10796 = DIRECTION('',(0.,0.,1.));
#10797 = ORIENTED_EDGE('',*,*,#5972,.F.);
#10798 = ORIENTED_EDGE('',*,*,#10792,.F.);
#10799 = CYLINDRICAL_SURFACE('',#10800,0.5);
#10800 = AXIS2_PLACEMENT_3D('',#10801,#10802,#10803);
#10801 = CARTESIAN_POINT('',(116.302937,-49.673786,-4.5E-02));
#10802 = DIRECTION('',(-0.,-0.,-1.));
#10803 = DIRECTION('',(-0.,-1.,0.));
#10804 = ADVANCED_FACE('',(#10805),#10816,.F.);
#10805 = FACE_BOUND('',#10806,.T.);
#10806 = EDGE_LOOP('',(#10807,#10808,#10814,#10815));
#10807 = ORIENTED_EDGE('',*,*,#2807,.T.);
#10808 = ORIENTED_EDGE('',*,*,#10809,.T.);
#10809 = EDGE_CURVE('',#2808,#5984,#10810,.T.);
#10810 = LINE('',#10811,#10812);
#10811 = CARTESIAN_POINT('',(116.302937,-47.633786,-4.5E-02));
#10812 = VECTOR('',#10813,1.);
#10813 = DIRECTION('',(0.,0.,1.));
#10814 = ORIENTED_EDGE('',*,*,#5983,.F.);
#10815 = ORIENTED_EDGE('',*,*,#10809,.F.);
#10816 = CYLINDRICAL_SURFACE('',#10817,0.5);
#10817 = AXIS2_PLACEMENT_3D('',#10818,#10819,#10820);
#10818 = CARTESIAN_POINT('',(116.302937,-47.133786,-4.5E-02));
#10819 = DIRECTION('',(-0.,-0.,-1.));
#10820 = DIRECTION('',(-0.,-1.,0.));
#10821 = ADVANCED_FACE('',(#10822),#10833,.F.);
#10822 = FACE_BOUND('',#10823,.T.);
#10823 = EDGE_LOOP('',(#10824,#10825,#10831,#10832));
#10824 = ORIENTED_EDGE('',*,*,#2818,.T.);
#10825 = ORIENTED_EDGE('',*,*,#10826,.T.);
#10826 = EDGE_CURVE('',#2819,#5995,#10827,.T.);
#10827 = LINE('',#10828,#10829);
#10828 = CARTESIAN_POINT('',(120.660937,-49.873786,-4.5E-02));
#10829 = VECTOR('',#10830,1.);
#10830 = DIRECTION('',(0.,0.,1.));
#10831 = ORIENTED_EDGE('',*,*,#5994,.F.);
#10832 = ORIENTED_EDGE('',*,*,#10826,.F.);
#10833 = CYLINDRICAL_SURFACE('',#10834,0.2);
#10834 = AXIS2_PLACEMENT_3D('',#10835,#10836,#10837);
#10835 = CARTESIAN_POINT('',(120.660937,-49.673786,-4.5E-02));
#10836 = DIRECTION('',(-0.,-0.,-1.));
#10837 = DIRECTION('',(-0.,-1.,0.));
#10838 = ADVANCED_FACE('',(#10839),#10850,.F.);
#10839 = FACE_BOUND('',#10840,.T.);
#10840 = EDGE_LOOP('',(#10841,#10842,#10848,#10849));
#10841 = ORIENTED_EDGE('',*,*,#2829,.T.);
#10842 = ORIENTED_EDGE('',*,*,#10843,.T.);
#10843 = EDGE_CURVE('',#2830,#6006,#10844,.T.);
#10844 = LINE('',#10845,#10846);
#10845 = CARTESIAN_POINT('',(120.660937,-47.333786,-4.5E-02));
#10846 = VECTOR('',#10847,1.);
#10847 = DIRECTION('',(0.,0.,1.));
#10848 = ORIENTED_EDGE('',*,*,#6005,.F.);
#10849 = ORIENTED_EDGE('',*,*,#10843,.F.);
#10850 = CYLINDRICAL_SURFACE('',#10851,0.2);
#10851 = AXIS2_PLACEMENT_3D('',#10852,#10853,#10854);
#10852 = CARTESIAN_POINT('',(120.660937,-47.133786,-4.5E-02));
#10853 = DIRECTION('',(-0.,-0.,-1.));
#10854 = DIRECTION('',(-0.,-1.,0.));
#10855 = ADVANCED_FACE('',(#10856),#10867,.F.);
#10856 = FACE_BOUND('',#10857,.T.);
#10857 = EDGE_LOOP('',(#10858,#10859,#10865,#10866));
#10858 = ORIENTED_EDGE('',*,*,#2840,.T.);
#10859 = ORIENTED_EDGE('',*,*,#10860,.T.);
#10860 = EDGE_CURVE('',#2841,#6017,#10861,.T.);
#10861 = LINE('',#10862,#10863);
#10862 = CARTESIAN_POINT('',(116.302937,-45.093786,-4.5E-02));
#10863 = VECTOR('',#10864,1.);
#10864 = DIRECTION('',(0.,0.,1.));
#10865 = ORIENTED_EDGE('',*,*,#6016,.F.);
#10866 = ORIENTED_EDGE('',*,*,#10860,.F.);
#10867 = CYLINDRICAL_SURFACE('',#10868,0.5);
#10868 = AXIS2_PLACEMENT_3D('',#10869,#10870,#10871);
#10869 = CARTESIAN_POINT('',(116.302937,-44.593786,-4.5E-02));
#10870 = DIRECTION('',(-0.,-0.,-1.));
#10871 = DIRECTION('',(-0.,-1.,0.));
#10872 = ADVANCED_FACE('',(#10873),#10884,.F.);
#10873 = FACE_BOUND('',#10874,.T.);
#10874 = EDGE_LOOP('',(#10875,#10876,#10882,#10883));
#10875 = ORIENTED_EDGE('',*,*,#2851,.T.);
#10876 = ORIENTED_EDGE('',*,*,#10877,.T.);
#10877 = EDGE_CURVE('',#2852,#6028,#10878,.T.);
#10878 = LINE('',#10879,#10880);
#10879 = CARTESIAN_POINT('',(116.302937,-42.553786,-4.5E-02));
#10880 = VECTOR('',#10881,1.);
#10881 = DIRECTION('',(0.,0.,1.));
#10882 = ORIENTED_EDGE('',*,*,#6027,.F.);
#10883 = ORIENTED_EDGE('',*,*,#10877,.F.);
#10884 = CYLINDRICAL_SURFACE('',#10885,0.5);
#10885 = AXIS2_PLACEMENT_3D('',#10886,#10887,#10888);
#10886 = CARTESIAN_POINT('',(116.302937,-42.053786,-4.5E-02));
#10887 = DIRECTION('',(-0.,-0.,-1.));
#10888 = DIRECTION('',(-0.,-1.,0.));
#10889 = ADVANCED_FACE('',(#10890),#10901,.F.);
#10890 = FACE_BOUND('',#10891,.T.);
#10891 = EDGE_LOOP('',(#10892,#10893,#10899,#10900));
#10892 = ORIENTED_EDGE('',*,*,#2862,.T.);
#10893 = ORIENTED_EDGE('',*,*,#10894,.T.);
#10894 = EDGE_CURVE('',#2863,#6039,#10895,.T.);
#10895 = LINE('',#10896,#10897);
#10896 = CARTESIAN_POINT('',(120.660937,-44.793786,-4.5E-02));
#10897 = VECTOR('',#10898,1.);
#10898 = DIRECTION('',(0.,0.,1.));
#10899 = ORIENTED_EDGE('',*,*,#6038,.F.);
#10900 = ORIENTED_EDGE('',*,*,#10894,.F.);
#10901 = CYLINDRICAL_SURFACE('',#10902,0.2);
#10902 = AXIS2_PLACEMENT_3D('',#10903,#10904,#10905);
#10903 = CARTESIAN_POINT('',(120.660937,-44.593786,-4.5E-02));
#10904 = DIRECTION('',(-0.,-0.,-1.));
#10905 = DIRECTION('',(-0.,-1.,0.));
#10906 = ADVANCED_FACE('',(#10907),#10918,.F.);
#10907 = FACE_BOUND('',#10908,.T.);
#10908 = EDGE_LOOP('',(#10909,#10910,#10916,#10917));
#10909 = ORIENTED_EDGE('',*,*,#2873,.T.);
#10910 = ORIENTED_EDGE('',*,*,#10911,.T.);
#10911 = EDGE_CURVE('',#2874,#6050,#10912,.T.);
#10912 = LINE('',#10913,#10914);
#10913 = CARTESIAN_POINT('',(120.660937,-42.253786,-4.5E-02));
#10914 = VECTOR('',#10915,1.);
#10915 = DIRECTION('',(0.,0.,1.));
#10916 = ORIENTED_EDGE('',*,*,#6049,.F.);
#10917 = ORIENTED_EDGE('',*,*,#10911,.F.);
#10918 = CYLINDRICAL_SURFACE('',#10919,0.2);
#10919 = AXIS2_PLACEMENT_3D('',#10920,#10921,#10922);
#10920 = CARTESIAN_POINT('',(120.660937,-42.053786,-4.5E-02));
#10921 = DIRECTION('',(-0.,-0.,-1.));
#10922 = DIRECTION('',(-0.,-1.,0.));
#10923 = ADVANCED_FACE('',(#10924),#10935,.F.);
#10924 = FACE_BOUND('',#10925,.T.);
#10925 = EDGE_LOOP('',(#10926,#10927,#10933,#10934));
#10926 = ORIENTED_EDGE('',*,*,#2884,.T.);
#10927 = ORIENTED_EDGE('',*,*,#10928,.T.);
#10928 = EDGE_CURVE('',#2885,#6061,#10929,.T.);
#10929 = LINE('',#10930,#10931);
#10930 = CARTESIAN_POINT('',(127.184937,-49.873786,-4.5E-02));
#10931 = VECTOR('',#10932,1.);
#10932 = DIRECTION('',(0.,0.,1.));
#10933 = ORIENTED_EDGE('',*,*,#6060,.F.);
#10934 = ORIENTED_EDGE('',*,*,#10928,.F.);
#10935 = CYLINDRICAL_SURFACE('',#10936,0.2);
#10936 = AXIS2_PLACEMENT_3D('',#10937,#10938,#10939);
#10937 = CARTESIAN_POINT('',(127.184937,-49.673786,-4.5E-02));
#10938 = DIRECTION('',(-0.,0.,-1.));
#10939 = DIRECTION('',(7.105427357601E-14,-1.,-0.));
#10940 = ADVANCED_FACE('',(#10941),#10952,.F.);
#10941 = FACE_BOUND('',#10942,.T.);
#10942 = EDGE_LOOP('',(#10943,#10944,#10950,#10951));
#10943 = ORIENTED_EDGE('',*,*,#2895,.T.);
#10944 = ORIENTED_EDGE('',*,*,#10945,.T.);
#10945 = EDGE_CURVE('',#2896,#6072,#10946,.T.);
#10946 = LINE('',#10947,#10948);
#10947 = CARTESIAN_POINT('',(131.542937,-50.173786,-4.5E-02));
#10948 = VECTOR('',#10949,1.);
#10949 = DIRECTION('',(0.,0.,1.));
#10950 = ORIENTED_EDGE('',*,*,#6071,.F.);
#10951 = ORIENTED_EDGE('',*,*,#10945,.F.);
#10952 = CYLINDRICAL_SURFACE('',#10953,0.5);
#10953 = AXIS2_PLACEMENT_3D('',#10954,#10955,#10956);
#10954 = CARTESIAN_POINT('',(131.542937,-49.673786,-4.5E-02));
#10955 = DIRECTION('',(-0.,-0.,-1.));
#10956 = DIRECTION('',(-0.,-1.,0.));
#10957 = ADVANCED_FACE('',(#10958),#10969,.F.);
#10958 = FACE_BOUND('',#10959,.T.);
#10959 = EDGE_LOOP('',(#10960,#10961,#10967,#10968));
#10960 = ORIENTED_EDGE('',*,*,#2906,.T.);
#10961 = ORIENTED_EDGE('',*,*,#10962,.T.);
#10962 = EDGE_CURVE('',#2907,#6083,#10963,.T.);
#10963 = LINE('',#10964,#10965);
#10964 = CARTESIAN_POINT('',(127.184937,-47.333786,-4.5E-02));
#10965 = VECTOR('',#10966,1.);
#10966 = DIRECTION('',(0.,0.,1.));
#10967 = ORIENTED_EDGE('',*,*,#6082,.F.);
#10968 = ORIENTED_EDGE('',*,*,#10962,.F.);
#10969 = CYLINDRICAL_SURFACE('',#10970,0.2);
#10970 = AXIS2_PLACEMENT_3D('',#10971,#10972,#10973);
#10971 = CARTESIAN_POINT('',(127.184937,-47.133786,-4.5E-02));
#10972 = DIRECTION('',(-0.,0.,-1.));
#10973 = DIRECTION('',(7.105427357601E-14,-1.,-0.));
#10974 = ADVANCED_FACE('',(#10975),#10986,.F.);
#10975 = FACE_BOUND('',#10976,.T.);
#10976 = EDGE_LOOP('',(#10977,#10978,#10984,#10985));
#10977 = ORIENTED_EDGE('',*,*,#2917,.T.);
#10978 = ORIENTED_EDGE('',*,*,#10979,.T.);
#10979 = EDGE_CURVE('',#2918,#6094,#10980,.T.);
#10980 = LINE('',#10981,#10982);
#10981 = CARTESIAN_POINT('',(131.542937,-47.633786,-4.5E-02));
#10982 = VECTOR('',#10983,1.);
#10983 = DIRECTION('',(0.,0.,1.));
#10984 = ORIENTED_EDGE('',*,*,#6093,.F.);
#10985 = ORIENTED_EDGE('',*,*,#10979,.F.);
#10986 = CYLINDRICAL_SURFACE('',#10987,0.5);
#10987 = AXIS2_PLACEMENT_3D('',#10988,#10989,#10990);
#10988 = CARTESIAN_POINT('',(131.542937,-47.133786,-4.5E-02));
#10989 = DIRECTION('',(-0.,-0.,-1.));
#10990 = DIRECTION('',(-0.,-1.,0.));
#10991 = ADVANCED_FACE('',(#10992),#11003,.F.);
#10992 = FACE_BOUND('',#10993,.T.);
#10993 = EDGE_LOOP('',(#10994,#10995,#11001,#11002));
#10994 = ORIENTED_EDGE('',*,*,#2928,.T.);
#10995 = ORIENTED_EDGE('',*,*,#10996,.T.);
#10996 = EDGE_CURVE('',#2929,#6105,#10997,.T.);
#10997 = LINE('',#10998,#10999);
#10998 = CARTESIAN_POINT('',(127.184937,-44.793786,-4.5E-02));
#10999 = VECTOR('',#11000,1.);
#11000 = DIRECTION('',(0.,0.,1.));
#11001 = ORIENTED_EDGE('',*,*,#6104,.F.);
#11002 = ORIENTED_EDGE('',*,*,#10996,.F.);
#11003 = CYLINDRICAL_SURFACE('',#11004,0.2);
#11004 = AXIS2_PLACEMENT_3D('',#11005,#11006,#11007);
#11005 = CARTESIAN_POINT('',(127.184937,-44.593786,-4.5E-02));
#11006 = DIRECTION('',(-0.,0.,-1.));
#11007 = DIRECTION('',(7.105427357601E-14,-1.,-0.));
#11008 = ADVANCED_FACE('',(#11009),#11020,.F.);
#11009 = FACE_BOUND('',#11010,.T.);
#11010 = EDGE_LOOP('',(#11011,#11012,#11018,#11019));
#11011 = ORIENTED_EDGE('',*,*,#2939,.T.);
#11012 = ORIENTED_EDGE('',*,*,#11013,.T.);
#11013 = EDGE_CURVE('',#2940,#6116,#11014,.T.);
#11014 = LINE('',#11015,#11016);
#11015 = CARTESIAN_POINT('',(131.542937,-45.093786,-4.5E-02));
#11016 = VECTOR('',#11017,1.);
#11017 = DIRECTION('',(0.,0.,1.));
#11018 = ORIENTED_EDGE('',*,*,#6115,.F.);
#11019 = ORIENTED_EDGE('',*,*,#11013,.F.);
#11020 = CYLINDRICAL_SURFACE('',#11021,0.5);
#11021 = AXIS2_PLACEMENT_3D('',#11022,#11023,#11024);
#11022 = CARTESIAN_POINT('',(131.542937,-44.593786,-4.5E-02));
#11023 = DIRECTION('',(-0.,-0.,-1.));
#11024 = DIRECTION('',(-0.,-1.,0.));
#11025 = ADVANCED_FACE('',(#11026),#11037,.F.);
#11026 = FACE_BOUND('',#11027,.T.);
#11027 = EDGE_LOOP('',(#11028,#11029,#11035,#11036));
#11028 = ORIENTED_EDGE('',*,*,#2950,.T.);
#11029 = ORIENTED_EDGE('',*,*,#11030,.T.);
#11030 = EDGE_CURVE('',#2951,#6127,#11031,.T.);
#11031 = LINE('',#11032,#11033);
#11032 = CARTESIAN_POINT('',(127.184937,-42.253786,-4.5E-02));
#11033 = VECTOR('',#11034,1.);
#11034 = DIRECTION('',(0.,0.,1.));
#11035 = ORIENTED_EDGE('',*,*,#6126,.F.);
#11036 = ORIENTED_EDGE('',*,*,#11030,.F.);
#11037 = CYLINDRICAL_SURFACE('',#11038,0.2);
#11038 = AXIS2_PLACEMENT_3D('',#11039,#11040,#11041);
#11039 = CARTESIAN_POINT('',(127.184937,-42.053786,-4.5E-02));
#11040 = DIRECTION('',(-0.,0.,-1.));
#11041 = DIRECTION('',(7.105427357601E-14,-1.,-0.));
#11042 = ADVANCED_FACE('',(#11043),#11054,.F.);
#11043 = FACE_BOUND('',#11044,.T.);
#11044 = EDGE_LOOP('',(#11045,#11046,#11052,#11053));
#11045 = ORIENTED_EDGE('',*,*,#2961,.T.);
#11046 = ORIENTED_EDGE('',*,*,#11047,.T.);
#11047 = EDGE_CURVE('',#2962,#6138,#11048,.T.);
#11048 = LINE('',#11049,#11050);
#11049 = CARTESIAN_POINT('',(131.542937,-42.553786,-4.5E-02));
#11050 = VECTOR('',#11051,1.);
#11051 = DIRECTION('',(0.,0.,1.));
#11052 = ORIENTED_EDGE('',*,*,#6137,.F.);
#11053 = ORIENTED_EDGE('',*,*,#11047,.F.);
#11054 = CYLINDRICAL_SURFACE('',#11055,0.5);
#11055 = AXIS2_PLACEMENT_3D('',#11056,#11057,#11058);
#11056 = CARTESIAN_POINT('',(131.542937,-42.053786,-4.5E-02));
#11057 = DIRECTION('',(-0.,-0.,-1.));
#11058 = DIRECTION('',(-0.,-1.,0.));
#11059 = ADVANCED_FACE('',(#11060),#11071,.F.);
#11060 = FACE_BOUND('',#11061,.T.);
#11061 = EDGE_LOOP('',(#11062,#11063,#11069,#11070));
#11062 = ORIENTED_EDGE('',*,*,#2972,.T.);
#11063 = ORIENTED_EDGE('',*,*,#11064,.T.);
#11064 = EDGE_CURVE('',#2973,#6149,#11065,.T.);
#11065 = LINE('',#11066,#11067);
#11066 = CARTESIAN_POINT('',(87.872937,-38.708286,-4.5E-02));
#11067 = VECTOR('',#11068,1.);
#11068 = DIRECTION('',(0.,0.,1.));
#11069 = ORIENTED_EDGE('',*,*,#6148,.F.);
#11070 = ORIENTED_EDGE('',*,*,#11064,.F.);
#11071 = CYLINDRICAL_SURFACE('',#11072,0.8);
#11072 = AXIS2_PLACEMENT_3D('',#11073,#11074,#11075);
#11073 = CARTESIAN_POINT('',(87.872937,-37.908286,-4.5E-02));
#11074 = DIRECTION('',(-0.,-0.,-1.));
#11075 = DIRECTION('',(-1.7763568394E-14,-1.,0.));
#11076 = ADVANCED_FACE('',(#11077),#11088,.F.);
#11077 = FACE_BOUND('',#11078,.T.);
#11078 = EDGE_LOOP('',(#11079,#11080,#11086,#11087));
#11079 = ORIENTED_EDGE('',*,*,#2983,.T.);
#11080 = ORIENTED_EDGE('',*,*,#11081,.T.);
#11081 = EDGE_CURVE('',#2984,#6160,#11082,.T.);
#11082 = LINE('',#11083,#11084);
#11083 = CARTESIAN_POINT('',(82.872937,-35.258286,-4.5E-02));
#11084 = VECTOR('',#11085,1.);
#11085 = DIRECTION('',(0.,0.,1.));
#11086 = ORIENTED_EDGE('',*,*,#6159,.F.);
#11087 = ORIENTED_EDGE('',*,*,#11081,.F.);
#11088 = CYLINDRICAL_SURFACE('',#11089,2.5);
#11089 = AXIS2_PLACEMENT_3D('',#11090,#11091,#11092);
#11090 = CARTESIAN_POINT('',(82.872937,-32.758286,-4.5E-02));
#11091 = DIRECTION('',(-0.,-0.,-1.));
#11092 = DIRECTION('',(-0.,-1.,0.));
#11093 = ADVANCED_FACE('',(#11094),#11105,.F.);
#11094 = FACE_BOUND('',#11095,.T.);
#11095 = EDGE_LOOP('',(#11096,#11097,#11103,#11104));
#11096 = ORIENTED_EDGE('',*,*,#2994,.T.);
#11097 = ORIENTED_EDGE('',*,*,#11098,.T.);
#11098 = EDGE_CURVE('',#2995,#6171,#11099,.T.);
#11099 = LINE('',#11100,#11101);
#11100 = CARTESIAN_POINT('',(88.372937,-33.708286,-4.5E-02));
#11101 = VECTOR('',#11102,1.);
#11102 = DIRECTION('',(0.,0.,1.));
#11103 = ORIENTED_EDGE('',*,*,#6170,.F.);
#11104 = ORIENTED_EDGE('',*,*,#11098,.F.);
#11105 = CYLINDRICAL_SURFACE('',#11106,0.95);
#11106 = AXIS2_PLACEMENT_3D('',#11107,#11108,#11109);
#11107 = CARTESIAN_POINT('',(88.372937,-32.758286,-4.5E-02));
#11108 = DIRECTION('',(-0.,-0.,-1.));
#11109 = DIRECTION('',(-1.495879443705E-14,-1.,0.));
#11110 = ADVANCED_FACE('',(#11111),#11122,.F.);
#11111 = FACE_BOUND('',#11112,.T.);
#11112 = EDGE_LOOP('',(#11113,#11114,#11120,#11121));
#11113 = ORIENTED_EDGE('',*,*,#3005,.T.);
#11114 = ORIENTED_EDGE('',*,*,#11115,.T.);
#11115 = EDGE_CURVE('',#3006,#6182,#11116,.T.);
#11116 = LINE('',#11117,#11118);
#11117 = CARTESIAN_POINT('',(94.422937,-40.003786,-4.5E-02));
#11118 = VECTOR('',#11119,1.);
#11119 = DIRECTION('',(0.,0.,1.));
#11120 = ORIENTED_EDGE('',*,*,#6181,.F.);
#11121 = ORIENTED_EDGE('',*,*,#11115,.F.);
#11122 = CYLINDRICAL_SURFACE('',#11123,0.15);
#11123 = AXIS2_PLACEMENT_3D('',#11124,#11125,#11126);
#11124 = CARTESIAN_POINT('',(94.422937,-39.853786,-4.5E-02));
#11125 = DIRECTION('',(-0.,0.,-1.));
#11126 = DIRECTION('',(9.473903143467E-14,-1.,-0.));
#11127 = ADVANCED_FACE('',(#11128),#11139,.F.);
#11128 = FACE_BOUND('',#11129,.T.);
#11129 = EDGE_LOOP('',(#11130,#11131,#11137,#11138));
#11130 = ORIENTED_EDGE('',*,*,#3016,.T.);
#11131 = ORIENTED_EDGE('',*,*,#11132,.T.);
#11132 = EDGE_CURVE('',#3017,#6193,#11133,.T.);
#11133 = LINE('',#11134,#11135);
#11134 = CARTESIAN_POINT('',(96.922937,-40.803786,-4.5E-02));
#11135 = VECTOR('',#11136,1.);
#11136 = DIRECTION('',(0.,0.,1.));
#11137 = ORIENTED_EDGE('',*,*,#6192,.F.);
#11138 = ORIENTED_EDGE('',*,*,#11132,.F.);
#11139 = CYLINDRICAL_SURFACE('',#11140,0.8);
#11140 = AXIS2_PLACEMENT_3D('',#11141,#11142,#11143);
#11141 = CARTESIAN_POINT('',(96.922937,-40.003786,-4.5E-02));
#11142 = DIRECTION('',(-0.,0.,-1.));
#11143 = DIRECTION('',(1.7763568394E-14,-1.,-0.));
#11144 = ADVANCED_FACE('',(#11145),#11156,.F.);
#11145 = FACE_BOUND('',#11146,.T.);
#11146 = EDGE_LOOP('',(#11147,#11148,#11154,#11155));
#11147 = ORIENTED_EDGE('',*,*,#3027,.T.);
#11148 = ORIENTED_EDGE('',*,*,#11149,.T.);
#11149 = EDGE_CURVE('',#3028,#6204,#11150,.T.);
#11150 = LINE('',#11151,#11152);
#11151 = CARTESIAN_POINT('',(94.422937,-37.203786,-4.5E-02));
#11152 = VECTOR('',#11153,1.);
#11153 = DIRECTION('',(0.,0.,1.));
#11154 = ORIENTED_EDGE('',*,*,#6203,.F.);
#11155 = ORIENTED_EDGE('',*,*,#11149,.F.);
#11156 = CYLINDRICAL_SURFACE('',#11157,0.15);
#11157 = AXIS2_PLACEMENT_3D('',#11158,#11159,#11160);
#11158 = CARTESIAN_POINT('',(94.422937,-37.053786,-4.5E-02));
#11159 = DIRECTION('',(-0.,0.,-1.));
#11160 = DIRECTION('',(9.473903143467E-14,-1.,-0.));
#11161 = ADVANCED_FACE('',(#11162),#11173,.F.);
#11162 = FACE_BOUND('',#11163,.T.);
#11163 = EDGE_LOOP('',(#11164,#11165,#11171,#11172));
#11164 = ORIENTED_EDGE('',*,*,#3038,.T.);
#11165 = ORIENTED_EDGE('',*,*,#11166,.T.);
#11166 = EDGE_CURVE('',#3039,#6215,#11167,.T.);
#11167 = LINE('',#11168,#11169);
#11168 = CARTESIAN_POINT('',(106.922937,-40.803786,-4.5E-02));
#11169 = VECTOR('',#11170,1.);
#11170 = DIRECTION('',(0.,0.,1.));
#11171 = ORIENTED_EDGE('',*,*,#6214,.F.);
#11172 = ORIENTED_EDGE('',*,*,#11166,.F.);
#11173 = CYLINDRICAL_SURFACE('',#11174,0.8);
#11174 = AXIS2_PLACEMENT_3D('',#11175,#11176,#11177);
#11175 = CARTESIAN_POINT('',(106.922937,-40.003786,-4.5E-02));
#11176 = DIRECTION('',(-0.,0.,-1.));
#11177 = DIRECTION('',(1.7763568394E-14,-1.,-0.));
#11178 = ADVANCED_FACE('',(#11179),#11190,.F.);
#11179 = FACE_BOUND('',#11180,.T.);
#11180 = EDGE_LOOP('',(#11181,#11182,#11188,#11189));
#11181 = ORIENTED_EDGE('',*,*,#3049,.T.);
#11182 = ORIENTED_EDGE('',*,*,#11183,.T.);
#11183 = EDGE_CURVE('',#3050,#6226,#11184,.T.);
#11184 = LINE('',#11185,#11186);
#11185 = CARTESIAN_POINT('',(96.422937,-35.803786,-4.5E-02));
#11186 = VECTOR('',#11187,1.);
#11187 = DIRECTION('',(0.,0.,1.));
#11188 = ORIENTED_EDGE('',*,*,#6225,.F.);
#11189 = ORIENTED_EDGE('',*,*,#11183,.F.);
#11190 = CYLINDRICAL_SURFACE('',#11191,0.95);
#11191 = AXIS2_PLACEMENT_3D('',#11192,#11193,#11194);
#11192 = CARTESIAN_POINT('',(96.422937,-34.853786,-4.5E-02));
#11193 = DIRECTION('',(-0.,0.,-1.));
#11194 = DIRECTION('',(1.495879443705E-14,-1.,-0.));
#11195 = ADVANCED_FACE('',(#11196),#11207,.F.);
#11196 = FACE_BOUND('',#11197,.T.);
#11197 = EDGE_LOOP('',(#11198,#11199,#11205,#11206));
#11198 = ORIENTED_EDGE('',*,*,#3060,.T.);
#11199 = ORIENTED_EDGE('',*,*,#11200,.T.);
#11200 = EDGE_CURVE('',#3061,#6237,#11201,.T.);
#11201 = LINE('',#11202,#11203);
#11202 = CARTESIAN_POINT('',(101.922937,-37.353786,-4.5E-02));
#11203 = VECTOR('',#11204,1.);
#11204 = DIRECTION('',(0.,0.,1.));
#11205 = ORIENTED_EDGE('',*,*,#6236,.F.);
#11206 = ORIENTED_EDGE('',*,*,#11200,.F.);
#11207 = CYLINDRICAL_SURFACE('',#11208,2.5);
#11208 = AXIS2_PLACEMENT_3D('',#11209,#11210,#11211);
#11209 = CARTESIAN_POINT('',(101.922937,-34.853786,-4.5E-02));
#11210 = DIRECTION('',(-0.,-0.,-1.));
#11211 = DIRECTION('',(-0.,-1.,0.));
#11212 = ADVANCED_FACE('',(#11213),#11224,.F.);
#11213 = FACE_BOUND('',#11214,.T.);
#11214 = EDGE_LOOP('',(#11215,#11216,#11222,#11223));
#11215 = ORIENTED_EDGE('',*,*,#3071,.T.);
#11216 = ORIENTED_EDGE('',*,*,#11217,.T.);
#11217 = EDGE_CURVE('',#3072,#6248,#11218,.T.);
#11218 = LINE('',#11219,#11220);
#11219 = CARTESIAN_POINT('',(96.922937,-32.603786,-4.5E-02));
#11220 = VECTOR('',#11221,1.);
#11221 = DIRECTION('',(0.,0.,1.));
#11222 = ORIENTED_EDGE('',*,*,#6247,.F.);
#11223 = ORIENTED_EDGE('',*,*,#11217,.F.);
#11224 = CYLINDRICAL_SURFACE('',#11225,1.5);
#11225 = AXIS2_PLACEMENT_3D('',#11226,#11227,#11228);
#11226 = CARTESIAN_POINT('',(96.922937,-31.103786,-4.5E-02));
#11227 = DIRECTION('',(-0.,-0.,-1.));
#11228 = DIRECTION('',(-0.,-1.,0.));
#11229 = ADVANCED_FACE('',(#11230),#11241,.F.);
#11230 = FACE_BOUND('',#11231,.T.);
#11231 = EDGE_LOOP('',(#11232,#11233,#11239,#11240));
#11232 = ORIENTED_EDGE('',*,*,#3082,.T.);
#11233 = ORIENTED_EDGE('',*,*,#11234,.T.);
#11234 = EDGE_CURVE('',#3083,#6259,#11235,.T.);
#11235 = LINE('',#11236,#11237);
#11236 = CARTESIAN_POINT('',(107.422937,-35.803786,-4.5E-02));
#11237 = VECTOR('',#11238,1.);
#11238 = DIRECTION('',(0.,0.,1.));
#11239 = ORIENTED_EDGE('',*,*,#6258,.F.);
#11240 = ORIENTED_EDGE('',*,*,#11234,.F.);
#11241 = CYLINDRICAL_SURFACE('',#11242,0.95);
#11242 = AXIS2_PLACEMENT_3D('',#11243,#11244,#11245);
#11243 = CARTESIAN_POINT('',(107.422937,-34.853786,-4.5E-02));
#11244 = DIRECTION('',(-0.,0.,-1.));
#11245 = DIRECTION('',(1.495879443705E-14,-1.,-0.));
#11246 = ADVANCED_FACE('',(#11247),#11258,.F.);
#11247 = FACE_BOUND('',#11248,.T.);
#11248 = EDGE_LOOP('',(#11249,#11250,#11256,#11257));
#11249 = ORIENTED_EDGE('',*,*,#3093,.T.);
#11250 = ORIENTED_EDGE('',*,*,#11251,.T.);
#11251 = EDGE_CURVE('',#3094,#6270,#11252,.T.);
#11252 = LINE('',#11253,#11254);
#11253 = CARTESIAN_POINT('',(106.922937,-32.603786,-4.5E-02));
#11254 = VECTOR('',#11255,1.);
#11255 = DIRECTION('',(0.,0.,1.));
#11256 = ORIENTED_EDGE('',*,*,#6269,.F.);
#11257 = ORIENTED_EDGE('',*,*,#11251,.F.);
#11258 = CYLINDRICAL_SURFACE('',#11259,1.5);
#11259 = AXIS2_PLACEMENT_3D('',#11260,#11261,#11262);
#11260 = CARTESIAN_POINT('',(106.922937,-31.103786,-4.5E-02));
#11261 = DIRECTION('',(-0.,-0.,-1.));
#11262 = DIRECTION('',(-0.,-1.,0.));
#11263 = ADVANCED_FACE('',(#11264),#11275,.F.);
#11264 = FACE_BOUND('',#11265,.T.);
#11265 = EDGE_LOOP('',(#11266,#11267,#11273,#11274));
#11266 = ORIENTED_EDGE('',*,*,#3104,.T.);
#11267 = ORIENTED_EDGE('',*,*,#11268,.T.);
#11268 = EDGE_CURVE('',#3105,#6281,#11269,.T.);
#11269 = LINE('',#11270,#11271);
#11270 = CARTESIAN_POINT('',(82.872937,-28.308286,-4.5E-02));
#11271 = VECTOR('',#11272,1.);
#11272 = DIRECTION('',(0.,0.,1.));
#11273 = ORIENTED_EDGE('',*,*,#6280,.F.);
#11274 = ORIENTED_EDGE('',*,*,#11268,.F.);
#11275 = CYLINDRICAL_SURFACE('',#11276,1.5);
#11276 = AXIS2_PLACEMENT_3D('',#11277,#11278,#11279);
#11277 = CARTESIAN_POINT('',(82.872937,-26.808286,-4.5E-02));
#11278 = DIRECTION('',(-0.,-0.,-1.));
#11279 = DIRECTION('',(-0.,-1.,0.));
#11280 = ADVANCED_FACE('',(#11281),#11292,.F.);
#11281 = FACE_BOUND('',#11282,.T.);
#11282 = EDGE_LOOP('',(#11283,#11284,#11290,#11291));
#11283 = ORIENTED_EDGE('',*,*,#3115,.T.);
#11284 = ORIENTED_EDGE('',*,*,#11285,.T.);
#11285 = EDGE_CURVE('',#3116,#6292,#11286,.T.);
#11286 = LINE('',#11287,#11288);
#11287 = CARTESIAN_POINT('',(87.872937,-30.508286,-4.5E-02));
#11288 = VECTOR('',#11289,1.);
#11289 = DIRECTION('',(0.,0.,1.));
#11290 = ORIENTED_EDGE('',*,*,#6291,.F.);
#11291 = ORIENTED_EDGE('',*,*,#11285,.F.);
#11292 = CYLINDRICAL_SURFACE('',#11293,1.5);
#11293 = AXIS2_PLACEMENT_3D('',#11294,#11295,#11296);
#11294 = CARTESIAN_POINT('',(87.872937,-29.008286,-4.5E-02));
#11295 = DIRECTION('',(-0.,-0.,-1.));
#11296 = DIRECTION('',(-0.,-1.,0.));
#11297 = ADVANCED_FACE('',(#11298),#11309,.F.);
#11298 = FACE_BOUND('',#11299,.T.);
#11299 = EDGE_LOOP('',(#11300,#11301,#11307,#11308));
#11300 = ORIENTED_EDGE('',*,*,#3126,.T.);
#11301 = ORIENTED_EDGE('',*,*,#11302,.T.);
#11302 = EDGE_CURVE('',#3127,#6303,#11303,.T.);
#11303 = LINE('',#11304,#11305);
#11304 = CARTESIAN_POINT('',(101.922937,-30.403786,-4.5E-02));
#11305 = VECTOR('',#11306,1.);
#11306 = DIRECTION('',(0.,0.,1.));
#11307 = ORIENTED_EDGE('',*,*,#6302,.F.);
#11308 = ORIENTED_EDGE('',*,*,#11302,.F.);
#11309 = CYLINDRICAL_SURFACE('',#11310,1.5);
#11310 = AXIS2_PLACEMENT_3D('',#11311,#11312,#11313);
#11311 = CARTESIAN_POINT('',(101.922937,-28.903786,-4.5E-02));
#11312 = DIRECTION('',(-0.,-0.,-1.));
#11313 = DIRECTION('',(-0.,-1.,0.));
#11314 = ADVANCED_FACE('',(#11315),#11326,.F.);
#11315 = FACE_BOUND('',#11316,.T.);
#11316 = EDGE_LOOP('',(#11317,#11318,#11324,#11325));
#11317 = ORIENTED_EDGE('',*,*,#3137,.T.);
#11318 = ORIENTED_EDGE('',*,*,#11319,.T.);
#11319 = EDGE_CURVE('',#3138,#6314,#11320,.T.);
#11320 = LINE('',#11321,#11322);
#11321 = CARTESIAN_POINT('',(116.302937,-40.013786,-4.5E-02));
#11322 = VECTOR('',#11323,1.);
#11323 = DIRECTION('',(0.,0.,1.));
#11324 = ORIENTED_EDGE('',*,*,#6313,.F.);
#11325 = ORIENTED_EDGE('',*,*,#11319,.F.);
#11326 = CYLINDRICAL_SURFACE('',#11327,0.5);
#11327 = AXIS2_PLACEMENT_3D('',#11328,#11329,#11330);
#11328 = CARTESIAN_POINT('',(116.302937,-39.513786,-4.5E-02));
#11329 = DIRECTION('',(-0.,-0.,-1.));
#11330 = DIRECTION('',(-0.,-1.,0.));
#11331 = ADVANCED_FACE('',(#11332),#11343,.F.);
#11332 = FACE_BOUND('',#11333,.T.);
#11333 = EDGE_LOOP('',(#11334,#11335,#11341,#11342));
#11334 = ORIENTED_EDGE('',*,*,#3148,.T.);
#11335 = ORIENTED_EDGE('',*,*,#11336,.T.);
#11336 = EDGE_CURVE('',#3149,#6325,#11337,.T.);
#11337 = LINE('',#11338,#11339);
#11338 = CARTESIAN_POINT('',(116.302937,-37.473786,-4.5E-02));
#11339 = VECTOR('',#11340,1.);
#11340 = DIRECTION('',(0.,0.,1.));
#11341 = ORIENTED_EDGE('',*,*,#6324,.F.);
#11342 = ORIENTED_EDGE('',*,*,#11336,.F.);
#11343 = CYLINDRICAL_SURFACE('',#11344,0.5);
#11344 = AXIS2_PLACEMENT_3D('',#11345,#11346,#11347);
#11345 = CARTESIAN_POINT('',(116.302937,-36.973786,-4.5E-02));
#11346 = DIRECTION('',(-0.,-0.,-1.));
#11347 = DIRECTION('',(-0.,-1.,0.));
#11348 = ADVANCED_FACE('',(#11349),#11360,.F.);
#11349 = FACE_BOUND('',#11350,.T.);
#11350 = EDGE_LOOP('',(#11351,#11352,#11358,#11359));
#11351 = ORIENTED_EDGE('',*,*,#3159,.T.);
#11352 = ORIENTED_EDGE('',*,*,#11353,.T.);
#11353 = EDGE_CURVE('',#3160,#6336,#11354,.T.);
#11354 = LINE('',#11355,#11356);
#11355 = CARTESIAN_POINT('',(120.660937,-39.713786,-4.5E-02));
#11356 = VECTOR('',#11357,1.);
#11357 = DIRECTION('',(0.,0.,1.));
#11358 = ORIENTED_EDGE('',*,*,#6335,.F.);
#11359 = ORIENTED_EDGE('',*,*,#11353,.F.);
#11360 = CYLINDRICAL_SURFACE('',#11361,0.2);
#11361 = AXIS2_PLACEMENT_3D('',#11362,#11363,#11364);
#11362 = CARTESIAN_POINT('',(120.660937,-39.513786,-4.5E-02));
#11363 = DIRECTION('',(-0.,-0.,-1.));
#11364 = DIRECTION('',(-0.,-1.,0.));
#11365 = ADVANCED_FACE('',(#11366),#11377,.F.);
#11366 = FACE_BOUND('',#11367,.T.);
#11367 = EDGE_LOOP('',(#11368,#11369,#11375,#11376));
#11368 = ORIENTED_EDGE('',*,*,#3170,.T.);
#11369 = ORIENTED_EDGE('',*,*,#11370,.T.);
#11370 = EDGE_CURVE('',#3171,#6347,#11371,.T.);
#11371 = LINE('',#11372,#11373);
#11372 = CARTESIAN_POINT('',(120.660937,-37.173786,-4.5E-02));
#11373 = VECTOR('',#11374,1.);
#11374 = DIRECTION('',(0.,0.,1.));
#11375 = ORIENTED_EDGE('',*,*,#6346,.F.);
#11376 = ORIENTED_EDGE('',*,*,#11370,.F.);
#11377 = CYLINDRICAL_SURFACE('',#11378,0.2);
#11378 = AXIS2_PLACEMENT_3D('',#11379,#11380,#11381);
#11379 = CARTESIAN_POINT('',(120.660937,-36.973786,-4.5E-02));
#11380 = DIRECTION('',(-0.,-0.,-1.));
#11381 = DIRECTION('',(-0.,-1.,0.));
#11382 = ADVANCED_FACE('',(#11383),#11394,.F.);
#11383 = FACE_BOUND('',#11384,.T.);
#11384 = EDGE_LOOP('',(#11385,#11386,#11392,#11393));
#11385 = ORIENTED_EDGE('',*,*,#3181,.T.);
#11386 = ORIENTED_EDGE('',*,*,#11387,.T.);
#11387 = EDGE_CURVE('',#3182,#6358,#11388,.T.);
#11388 = LINE('',#11389,#11390);
#11389 = CARTESIAN_POINT('',(116.302937,-34.933786,-4.5E-02));
#11390 = VECTOR('',#11391,1.);
#11391 = DIRECTION('',(0.,0.,1.));
#11392 = ORIENTED_EDGE('',*,*,#6357,.F.);
#11393 = ORIENTED_EDGE('',*,*,#11387,.F.);
#11394 = CYLINDRICAL_SURFACE('',#11395,0.5);
#11395 = AXIS2_PLACEMENT_3D('',#11396,#11397,#11398);
#11396 = CARTESIAN_POINT('',(116.302937,-34.433786,-4.5E-02));
#11397 = DIRECTION('',(-0.,-0.,-1.));
#11398 = DIRECTION('',(-0.,-1.,0.));
#11399 = ADVANCED_FACE('',(#11400),#11411,.F.);
#11400 = FACE_BOUND('',#11401,.T.);
#11401 = EDGE_LOOP('',(#11402,#11403,#11409,#11410));
#11402 = ORIENTED_EDGE('',*,*,#3192,.T.);
#11403 = ORIENTED_EDGE('',*,*,#11404,.T.);
#11404 = EDGE_CURVE('',#3193,#6369,#11405,.T.);
#11405 = LINE('',#11406,#11407);
#11406 = CARTESIAN_POINT('',(113.922937,-30.503786,-4.5E-02));
#11407 = VECTOR('',#11408,1.);
#11408 = DIRECTION('',(0.,0.,1.));
#11409 = ORIENTED_EDGE('',*,*,#6368,.F.);
#11410 = ORIENTED_EDGE('',*,*,#11404,.F.);
#11411 = CYLINDRICAL_SURFACE('',#11412,0.15);
#11412 = AXIS2_PLACEMENT_3D('',#11413,#11414,#11415);
#11413 = CARTESIAN_POINT('',(113.922937,-30.353786,-4.5E-02));
#11414 = DIRECTION('',(-0.,0.,-1.));
#11415 = DIRECTION('',(9.473903143467E-14,-1.,-0.));
#11416 = ADVANCED_FACE('',(#11417),#11428,.F.);
#11417 = FACE_BOUND('',#11418,.T.);
#11418 = EDGE_LOOP('',(#11419,#11420,#11426,#11427));
#11419 = ORIENTED_EDGE('',*,*,#3203,.T.);
#11420 = ORIENTED_EDGE('',*,*,#11421,.T.);
#11421 = EDGE_CURVE('',#3204,#6380,#11422,.T.);
#11422 = LINE('',#11423,#11424);
#11423 = CARTESIAN_POINT('',(120.660937,-34.633786,-4.5E-02));
#11424 = VECTOR('',#11425,1.);
#11425 = DIRECTION('',(0.,0.,1.));
#11426 = ORIENTED_EDGE('',*,*,#6379,.F.);
#11427 = ORIENTED_EDGE('',*,*,#11421,.F.);
#11428 = CYLINDRICAL_SURFACE('',#11429,0.2);
#11429 = AXIS2_PLACEMENT_3D('',#11430,#11431,#11432);
#11430 = CARTESIAN_POINT('',(120.660937,-34.433786,-4.5E-02));
#11431 = DIRECTION('',(-0.,-0.,-1.));
#11432 = DIRECTION('',(-0.,-1.,0.));
#11433 = ADVANCED_FACE('',(#11434),#11445,.F.);
#11434 = FACE_BOUND('',#11435,.T.);
#11435 = EDGE_LOOP('',(#11436,#11437,#11443,#11444));
#11436 = ORIENTED_EDGE('',*,*,#3214,.T.);
#11437 = ORIENTED_EDGE('',*,*,#11438,.T.);
#11438 = EDGE_CURVE('',#3215,#6391,#11439,.T.);
#11439 = LINE('',#11440,#11441);
#11440 = CARTESIAN_POINT('',(117.922937,-30.503786,-4.5E-02));
#11441 = VECTOR('',#11442,1.);
#11442 = DIRECTION('',(0.,0.,1.));
#11443 = ORIENTED_EDGE('',*,*,#6390,.F.);
#11444 = ORIENTED_EDGE('',*,*,#11438,.F.);
#11445 = CYLINDRICAL_SURFACE('',#11446,0.15);
#11446 = AXIS2_PLACEMENT_3D('',#11447,#11448,#11449);
#11447 = CARTESIAN_POINT('',(117.922937,-30.353786,-4.5E-02));
#11448 = DIRECTION('',(-0.,0.,-1.));
#11449 = DIRECTION('',(9.473903143467E-14,-1.,-0.));
#11450 = ADVANCED_FACE('',(#11451),#11462,.F.);
#11451 = FACE_BOUND('',#11452,.T.);
#11452 = EDGE_LOOP('',(#11453,#11454,#11460,#11461));
#11453 = ORIENTED_EDGE('',*,*,#3225,.T.);
#11454 = ORIENTED_EDGE('',*,*,#11455,.T.);
#11455 = EDGE_CURVE('',#3226,#6402,#11456,.T.);
#11456 = LINE('',#11457,#11458);
#11457 = CARTESIAN_POINT('',(127.184937,-39.713786,-4.5E-02));
#11458 = VECTOR('',#11459,1.);
#11459 = DIRECTION('',(0.,0.,1.));
#11460 = ORIENTED_EDGE('',*,*,#6401,.F.);
#11461 = ORIENTED_EDGE('',*,*,#11455,.F.);
#11462 = CYLINDRICAL_SURFACE('',#11463,0.2);
#11463 = AXIS2_PLACEMENT_3D('',#11464,#11465,#11466);
#11464 = CARTESIAN_POINT('',(127.184937,-39.513786,-4.5E-02));
#11465 = DIRECTION('',(-0.,0.,-1.));
#11466 = DIRECTION('',(7.105427357601E-14,-1.,-0.));
#11467 = ADVANCED_FACE('',(#11468),#11479,.F.);
#11468 = FACE_BOUND('',#11469,.T.);
#11469 = EDGE_LOOP('',(#11470,#11471,#11477,#11478));
#11470 = ORIENTED_EDGE('',*,*,#3236,.T.);
#11471 = ORIENTED_EDGE('',*,*,#11472,.T.);
#11472 = EDGE_CURVE('',#3237,#6413,#11473,.T.);
#11473 = LINE('',#11474,#11475);
#11474 = CARTESIAN_POINT('',(131.542937,-40.013786,-4.5E-02));
#11475 = VECTOR('',#11476,1.);
#11476 = DIRECTION('',(0.,0.,1.));
#11477 = ORIENTED_EDGE('',*,*,#6412,.F.);
#11478 = ORIENTED_EDGE('',*,*,#11472,.F.);
#11479 = CYLINDRICAL_SURFACE('',#11480,0.5);
#11480 = AXIS2_PLACEMENT_3D('',#11481,#11482,#11483);
#11481 = CARTESIAN_POINT('',(131.542937,-39.513786,-4.5E-02));
#11482 = DIRECTION('',(-0.,-0.,-1.));
#11483 = DIRECTION('',(-0.,-1.,0.));
#11484 = ADVANCED_FACE('',(#11485),#11496,.F.);
#11485 = FACE_BOUND('',#11486,.T.);
#11486 = EDGE_LOOP('',(#11487,#11488,#11494,#11495));
#11487 = ORIENTED_EDGE('',*,*,#3247,.T.);
#11488 = ORIENTED_EDGE('',*,*,#11489,.T.);
#11489 = EDGE_CURVE('',#3248,#6424,#11490,.T.);
#11490 = LINE('',#11491,#11492);
#11491 = CARTESIAN_POINT('',(127.184937,-37.173786,-4.5E-02));
#11492 = VECTOR('',#11493,1.);
#11493 = DIRECTION('',(0.,0.,1.));
#11494 = ORIENTED_EDGE('',*,*,#6423,.F.);
#11495 = ORIENTED_EDGE('',*,*,#11489,.F.);
#11496 = CYLINDRICAL_SURFACE('',#11497,0.2);
#11497 = AXIS2_PLACEMENT_3D('',#11498,#11499,#11500);
#11498 = CARTESIAN_POINT('',(127.184937,-36.973786,-4.5E-02));
#11499 = DIRECTION('',(-0.,0.,-1.));
#11500 = DIRECTION('',(7.105427357601E-14,-1.,-0.));
#11501 = ADVANCED_FACE('',(#11502),#11513,.F.);
#11502 = FACE_BOUND('',#11503,.T.);
#11503 = EDGE_LOOP('',(#11504,#11505,#11511,#11512));
#11504 = ORIENTED_EDGE('',*,*,#3258,.T.);
#11505 = ORIENTED_EDGE('',*,*,#11506,.T.);
#11506 = EDGE_CURVE('',#3259,#6435,#11507,.T.);
#11507 = LINE('',#11508,#11509);
#11508 = CARTESIAN_POINT('',(131.542937,-37.473786,-4.5E-02));
#11509 = VECTOR('',#11510,1.);
#11510 = DIRECTION('',(0.,0.,1.));
#11511 = ORIENTED_EDGE('',*,*,#6434,.F.);
#11512 = ORIENTED_EDGE('',*,*,#11506,.F.);
#11513 = CYLINDRICAL_SURFACE('',#11514,0.5);
#11514 = AXIS2_PLACEMENT_3D('',#11515,#11516,#11517);
#11515 = CARTESIAN_POINT('',(131.542937,-36.973786,-4.5E-02));
#11516 = DIRECTION('',(-0.,-0.,-1.));
#11517 = DIRECTION('',(-0.,-1.,0.));
#11518 = ADVANCED_FACE('',(#11519),#11530,.F.);
#11519 = FACE_BOUND('',#11520,.T.);
#11520 = EDGE_LOOP('',(#11521,#11522,#11528,#11529));
#11521 = ORIENTED_EDGE('',*,*,#3269,.T.);
#11522 = ORIENTED_EDGE('',*,*,#11523,.T.);
#11523 = EDGE_CURVE('',#3270,#6446,#11524,.T.);
#11524 = LINE('',#11525,#11526);
#11525 = CARTESIAN_POINT('',(127.184937,-34.633786,-4.5E-02));
#11526 = VECTOR('',#11527,1.);
#11527 = DIRECTION('',(0.,0.,1.));
#11528 = ORIENTED_EDGE('',*,*,#6445,.F.);
#11529 = ORIENTED_EDGE('',*,*,#11523,.F.);
#11530 = CYLINDRICAL_SURFACE('',#11531,0.2);
#11531 = AXIS2_PLACEMENT_3D('',#11532,#11533,#11534);
#11532 = CARTESIAN_POINT('',(127.184937,-34.433786,-4.5E-02));
#11533 = DIRECTION('',(-0.,0.,-1.));
#11534 = DIRECTION('',(7.105427357601E-14,-1.,-0.));
#11535 = ADVANCED_FACE('',(#11536),#11547,.F.);
#11536 = FACE_BOUND('',#11537,.T.);
#11537 = EDGE_LOOP('',(#11538,#11539,#11545,#11546));
#11538 = ORIENTED_EDGE('',*,*,#3280,.T.);
#11539 = ORIENTED_EDGE('',*,*,#11540,.T.);
#11540 = EDGE_CURVE('',#3281,#6457,#11541,.T.);
#11541 = LINE('',#11542,#11543);
#11542 = CARTESIAN_POINT('',(131.542937,-34.933786,-4.5E-02));
#11543 = VECTOR('',#11544,1.);
#11544 = DIRECTION('',(0.,0.,1.));
#11545 = ORIENTED_EDGE('',*,*,#6456,.F.);
#11546 = ORIENTED_EDGE('',*,*,#11540,.F.);
#11547 = CYLINDRICAL_SURFACE('',#11548,0.5);
#11548 = AXIS2_PLACEMENT_3D('',#11549,#11550,#11551);
#11549 = CARTESIAN_POINT('',(131.542937,-34.433786,-4.5E-02));
#11550 = DIRECTION('',(-0.,-0.,-1.));
#11551 = DIRECTION('',(-0.,-1.,0.));
#11552 = ADVANCED_FACE('',(#11553),#11564,.F.);
#11553 = FACE_BOUND('',#11554,.T.);
#11554 = EDGE_LOOP('',(#11555,#11556,#11562,#11563));
#11555 = ORIENTED_EDGE('',*,*,#3291,.T.);
#11556 = ORIENTED_EDGE('',*,*,#11557,.T.);
#11557 = EDGE_CURVE('',#3292,#6468,#11558,.T.);
#11558 = LINE('',#11559,#11560);
#11559 = CARTESIAN_POINT('',(122.422937,-29.473786,-4.5E-02));
#11560 = VECTOR('',#11561,1.);
#11561 = DIRECTION('',(0.,0.,1.));
#11562 = ORIENTED_EDGE('',*,*,#6467,.F.);
#11563 = ORIENTED_EDGE('',*,*,#11557,.F.);
#11564 = CYLINDRICAL_SURFACE('',#11565,0.45);
#11565 = AXIS2_PLACEMENT_3D('',#11566,#11567,#11568);
#11566 = CARTESIAN_POINT('',(122.422937,-29.023786,-4.5E-02));
#11567 = DIRECTION('',(-0.,0.,-1.));
#11568 = DIRECTION('',(3.157967714489E-14,-1.,-0.));
#11569 = ADVANCED_FACE('',(#11570),#11581,.F.);
#11570 = FACE_BOUND('',#11571,.T.);
#11571 = EDGE_LOOP('',(#11572,#11573,#11579,#11580));
#11572 = ORIENTED_EDGE('',*,*,#3302,.T.);
#11573 = ORIENTED_EDGE('',*,*,#11574,.T.);
#11574 = EDGE_CURVE('',#3303,#6479,#11575,.T.);
#11575 = LINE('',#11576,#11577);
#11576 = CARTESIAN_POINT('',(125.422937,-29.473786,-4.5E-02));
#11577 = VECTOR('',#11578,1.);
#11578 = DIRECTION('',(0.,0.,1.));
#11579 = ORIENTED_EDGE('',*,*,#6478,.F.);
#11580 = ORIENTED_EDGE('',*,*,#11574,.F.);
#11581 = CYLINDRICAL_SURFACE('',#11582,0.45);
#11582 = AXIS2_PLACEMENT_3D('',#11583,#11584,#11585);
#11583 = CARTESIAN_POINT('',(125.422937,-29.023786,-4.5E-02));
#11584 = DIRECTION('',(-0.,0.,-1.));
#11585 = DIRECTION('',(3.157967714489E-14,-1.,-0.));
#11586 = ( GEOMETRIC_REPRESENTATION_CONTEXT(3) 
GLOBAL_UNCERTAINTY_ASSIGNED_CONTEXT((#11590)) 
GLOBAL_UNIT_ASSIGNED_CONTEXT((#11587,#11588,#11589)) 
REPRESENTATION_CONTEXT('Context #1',
  '3D Context with UNIT and UNCERTAINTY') );
#11587 = ( LENGTH_UNIT() NAMED_UNIT(*) SI_UNIT(.MILLI.,.METRE.) );
#11588 = ( NAMED_UNIT(*) PLANE_ANGLE_UNIT() SI_UNIT($,.RADIAN.) );
#11589 = ( NAMED_UNIT(*) SI_UNIT($,.STERADIAN.) SOLID_ANGLE_UNIT() );
#11590 = UNCERTAINTY_MEASURE_WITH_UNIT(LENGTH_MEASURE(2.E-06),#11587,
  'distance_accuracy_value','confusion accuracy');
#11591 = CONTEXT_DEPENDENT_SHAPE_REPRESENTATION(#11592,#11594);
#11592 = ( REPRESENTATION_RELATIONSHIP('','',#32,#10) 
REPRESENTATION_RELATIONSHIP_WITH_TRANSFORMATION(#11593) 
SHAPE_REPRESENTATION_RELATIONSHIP() );
#11593 = ITEM_DEFINED_TRANSFORMATION('','',#11,#15);
#11594 = PRODUCT_DEFINITION_SHAPE('Placement','Placement of an item',
  #11595);
#11595 = NEXT_ASSEMBLY_USAGE_OCCURRENCE('1','=>[0:1:1:2]','',#5,#27,$);
#11596 = PRODUCT_RELATED_PRODUCT_CATEGORY('part',$,(#29));
#11597 = MECHANICAL_DESIGN_GEOMETRIC_PRESENTATION_REPRESENTATION('',(
    #11598),#11586);
#11598 = STYLED_ITEM('color',(#11599),#33);
#11599 = PRESENTATION_STYLE_ASSIGNMENT((#11600));
#11600 = SURFACE_STYLE_USAGE(.BOTH.,#11601);
#11601 = SURFACE_SIDE_STYLE('',(#11602));
#11602 = SURFACE_STYLE_FILL_AREA(#11603);
#11603 = FILL_AREA_STYLE('',(#11604));
#11604 = FILL_AREA_STYLE_COLOUR('',#11605);
#11605 = COLOUR_RGB('',0.313304153717,0.484529207832,0.410020903123);
ENDSEC;
END-ISO-10303-21;
